web_scraper_order,web_scraper_start_url,pagination,data,price,data2,image,image2
"1771750842-1","https://eleveprints.com/en-usd/collections/all","","Flaming Confidence T-Shirt","$22.00","+4","https://imgproxy.fourthwall.com/UC3pEngHRD4m0b3gDyj5GINrWtpEMx1cwAmQBGqwQYs/w:720/sm:1/enc/ReXm0rLBfojDFLWr/GTZmi-OBoj35lFAo/L4IeSJX0wXRM57kj/62-_2NTKGglU8m2d/vzm7KWXAxGSsPp7d/EUlU6ntlfYF4QIKU/V1XUWHDrG49mW_5v/zXvwq66dpSQvLWQX/CyTvKeAKTTpgfCc7/O-6nCud9RwanFYYm/AMkLDU-j4BMT2oDK/vTXyIs43TbaE0rkp/WtxShBn6QUujJ8sr/kTaMlw","https://imgproxy.fourthwall.com/L0mDoOKB58i3JEaAim6r19lhwF9AMv00nC_Guap5iL0/w:720/sm:1/enc/I_S5lpjaOof-TiEg/hQKbK_lBr428sM4N/hjoyo6NERexp_5B1/1Z91kNoRF5F79_El/KLXwiXskUlq1w5IN/He1ilyZxhBoGU3kz/WSkVjH52RxPZs8Y-/I8FJ3kjgfYW6ZrSW/3nsjI1IMm81Mwp-W/E4L3VkeBVgS_kyE-/gOpHE3WrMrEtEKft/06C2outPXx_Qqbbk/piea9QwG1gXR-bAB/yp04hw"
"1771750842-2","https://eleveprints.com/en-usd/collections/all","","Rising Phoenix Women's Crop Hoodie","$47.00","","https://imgproxy.fourthwall.com/PQmXJjcOJjck1ccvfag8j0GRAqWHGoMQoS0xxIbAolQ/w:720/sm:1/enc/uuy3dezURxCYvmMz/3U-dx1GvbsryghS_/hqD2ej6wnD_HL38U/5fZFyxzQqzJjb8h7/_JnBKB379oInD9KG/e4wdDPZBZ10tuEco/yCJiHbCsku3eo9gi/q2JA6J82LSdcIEFX/vG7QjIGQsbPcGwep/7YITaGl3iI9BAw3T/PKuKYd_rXnB8mwdL/jkSFqQ3-61Tbjoen/p8LWC93IGBig_W0J/Uh4ZVy3QRp4js3Cg/djkJP_tpilw","https://imgproxy.fourthwall.com/yQpSGW0y5ZlsxlQH-rQ2ILtRi6Ka-3ZhLwG-VB_h2_Q/w:720/sm:1/enc/7GLCWptdIzQNYRvc/Nt5H2N5vuTwhjhZd/eMeArWP_Rui6YrzK/EpICiK4-9_q6cyw6/33KdBfQtMvc2ZEwH/7uD4e33hy61pa-co/8I7n61v2BEwZ3uyO/2mZCqayyVdSccOlP/ppdiIbwL8aTilUYo/-0vNR0Y7TT4LfZdF/0s11yu-wCaZtZm_A/g_EpR4OYfGTSQbbF/Q6P7qUSodz3xi-el/qaZx5tNugLugWJh8/AMJGqJ9QDEk"
"1771750842-3","https://eleveprints.com/en-usd/collections/all","","NYC Iconic Women's Crop Hoodie","$47.00","","https://imgproxy.fourthwall.com/VmpYENxYAu6NdsEhQg9dLu_AqxelDp1xWhrMwO_q_P8/w:720/sm:1/enc/VjX5BuDt0iRaN4Qf/UBp3jhQEDgeCnQCg/u6dpZliumm4pFKMv/oiBwPmLVBU1u_9xl/9iF0YVTmSO5ptwAy/Bv3n8ZkFnKaLbHiI/KYDxytgnTBhJTDMJ/cFP4ynxZE6831iSq/6ao2OnfgreDZvL0o/_RgtQoOZqxNDefLA/EUMraMsnE_HwhQjb/M6ktCGOQ8hW6kTor/8m3HL2TuwqZtQl_g/TQ3fswTkW5oTh80Y/IZBviTtk4YU","https://imgproxy.fourthwall.com/-wATBHcq0aoCC2XpngSTRxzXXL6P1p-yIIDDUZxJcUw/w:720/sm:1/enc/PAC2Y4-9354qCngi/jJhcSJePsIjexvpm/yYjOyfmwAPZ6lZLP/RgYXwPhHWeQoGUPj/Hyp_VQxAO1RJW4V3/sI3hD20Tz_78n7t3/pa_AfwV9Jt5CVx94/-LGUrhQqN8h4kEQD/Ig_R5xZRhdM_lZc-/pjgKxKVCeYS6eHJR/JnGwDD7rhSc94lOl/sMXbfs-QFpxb0s0O/hIwPE-FzfYVEZehs/rAXD_d7EU6Xcjhug/r__LH6FLcRU"
"1771750842-4","https://eleveprints.com/en-usd/collections/all","","Unique Perspective Cropped Hoodie","$47.00","","https://imgproxy.fourthwall.com/F_5HbqkvNGT4aMSRF6pYSOMoaDduoWmXro_oLKpOPZA/w:720/sm:1/enc/xVvq4pYg-xupt26z/k5Qc2hvz67RA13cL/MHTMwhxbMMZU0-5x/JxY0IpKfx6mW9Dno/g5lPJXdMN4D0dw_S/zZxxcZFxjtKrhuEF/oaM5uIcnMjt_7oAv/CRYQ_DLblsjvEwL7/HxBakWuxaPT3Y7h3/OxXg-ymTvbXvsZR6/dwdx8fn9JjsDgqIl/A9vOj786R3sIihs5/o9UhrpGB-CsyPKu5/gN4VeSu0ojeoih_t/mZOIoh1tFJU","https://imgproxy.fourthwall.com/LX5fX-fJuNy_-pP_vmN17u2h9-LThiA8Q57pRX-m44A/w:720/sm:1/enc/YZSKbW7EcuDliNba/sDdXmo3OBEFHi2As/DEYFO9RSTbAyuGjg/ruD_4os4_yRSVBu9/vnMqa4ryY_ld5EOT/b0zRcEGMZTBhMDEY/NQxxTZq6Ie4rZGoj/_IA8ZLalYmPbkZ3_/tE9yUfKJy9wQ3ter/YRZ3rE4zi1FP5CkE/_YN95dX-YmwFQytX/eToB8RVcOy2ecW3Q/9rMg2krxOubZ5mfM/rqtk1ikD3XW_b4qL/zz_3m8Be5gM"
"1771750842-5","https://eleveprints.com/en-usd/collections/all","","Moonlit Romance iPhone® Tough Case","$24.00","","https://imgproxy.fourthwall.com/4KxfMJktUeQgld6325jl_XHvoMB1ylZ2eMDP3HKffFI/w:720/sm:1/enc/pb0mVIpFSAmXNjel/X4OF4ko90S6UfIUd/wxW3MMuJyAjHykT7/3qSeoujbaqFgui1j/Ox4i0GWNHe9-REEP/rafwBZ2dr51S_3gS/hpa-kxP-tvtRIYHw/uQQsVm7LhXGFDGps/PUcah3ejyPoG0LMq/WFwBuGPR5bTofor-/QQ03lOaqIiVvwm1W/K_fbj6AIkIa4hq9b/K9JmD6AgFYRBSr4g/LsmNNr1kNnJIDnhc/jt4DyG1SKMk","https://imgproxy.fourthwall.com/Z48Ke5fChug4FxnYflScEFn9pBaDR8SHaqiijfqTamk/w:720/sm:1/enc/l4XLJmV0yuLPhWVY/AKjBUPCtBTiQjLu8/WoTM7kvr53n3wPdJ/97stUllY0aWrFQyB/FZd8VVehKt8UbNrW/NoiGBiqJlyZFQIIL/yAj1nyykfwg3CJo_/jQVib6o5FTnwIh_z/1TjQoXkF9bDkbCYC/RZnW_JtFwEHyD2tj/hMo-LNxzi_rf698T/m1ImViUBrg17jqNP/ijHmoBhgYJKgDCba/Yc4-rCew-6hRwXCA/u54pie7L7xU"
"1771750842-6","https://eleveprints.com/en-usd/collections/all","","Sunset Rider iPhone® Tough Case","$24.00","","https://imgproxy.fourthwall.com/jpSSbIq7QfyhU8U4GePO-egppoa5VPx1hFJPkIDH3pg/w:720/sm:1/enc/KKxGe7jXFJMXnBxC/JUW-r3Zyl1jo4PyT/eKg0rllDdxA0Ajid/lJLRazlkZfLpkzW5/pKCZgJoQi_1ZXGi-/N1BWxGHDmQ14lMzN/1cD2WiuHRqlq511p/721YExYiGrBoZjIY/94mIwWAjxSCI3PdC/LAsCAkQ9spHkWerS/-0-dUPhy99gW2tnC/HYji4J_GC87ARKJY/AOB4l8pz2PsxRrNM/2dTpT_65nafa5-y_/TsfenrtIaMA","https://imgproxy.fourthwall.com/J5ZWlIetltDx_xqoxjsVO0izieIIVwxs9UXVZNbCn-Q/w:720/sm:1/enc/2CAkM5gDG9xH66uV/3UPBaA0-38Zg1WE6/WDYzi1H24yUWeKQv/8RCoxMb-3Qhep1fe/paq3jx8Vhu7qygoj/qDqTY4afZ0UV5CXO/NJkpTn_fYdvdRnQA/JE_YQIwGQ0i1C5cr/EjiSjjrDftJzmr-u/xM16rEnXSRbtpDNf/9nfjywLPARBh2zOa/2bEF48YE8M-JXG82/4Bhr5sk7l9aIR8Pu/-TXoforIv-tEjrdh/kQUEoqZLZ3o"
"1771750842-7","https://eleveprints.com/en-usd/collections/all","","Waveform Teal Tough iPhone® Case","$24.00","","https://imgproxy.fourthwall.com/5zlaYG52pPHq9SglBj9rIMT_sYwHoUhjy8KjfXXzokc/w:720/sm:1/enc/W3UkvJBAzQSVdvin/sDqT02QlZjm1ocdw/MNWVYjb-_Cu9aDCr/rL0dE9xuzHzeopjf/ajRJV47K0olOQRWy/gQAqfioYkkZX4ori/W5MGxZ3wsVVPD9YA/EHSAou40svbXg0S6/9msbAqyN7jsO7ul_/XnC7v-SQ_kVYmYhS/qHhPZND2c6BW06_I/9KYYEgt1OpPtEuLu/-VAfBqFtsZKJBcv0/FilPDpF6BVdt7jVs/UCMfZZBbsfU","https://imgproxy.fourthwall.com/djEF0TQpa4zzD0yvI-DBJaEgDuwo0EeJqODbLKgGN9k/w:720/sm:1/enc/AgL3_5Hn3LRIssz1/Okp_jMeldUAkfvev/lpbz3iYouWEMHZCN/O-fQ-GxhuXVFDPpt/9aeK-tAKDzRB_TCK/O-uN1EMJd3vX07fO/uMfxhk5vGQqikm2t/yzfoASUS_zD2J1wk/PgURZEGx9e8ZALtY/Wz3WePyt_Pb0AyOA/tWJp8nWDqMVFMXIz/X_NhqMMNUkVjFbWs/-VHc1IQOHkD_G9A5/3BdEhJZG2eRljHRY/INWxmUUXiOo"
"1771750842-8","https://eleveprints.com/en-usd/collections/all","","Abstract Fusion iPhone® Tough Case","$24.00","","https://imgproxy.fourthwall.com/7Pb0PinF5XnqEQw77aT3Fxz_m9HlhguzoR4Kpadhbkk/w:720/sm:1/enc/gXAvyL5wkranepp2/b5tkamEhLiuSUBtt/zftgV-W0qLhlbx7j/15cWgqyPM8Asq8vO/XEVXlYyvYqCrJCPw/SqTbPVS8dN53jo0-/cj_xTBnVmwu5f7Lg/oPMSc_ijqP_qPYVH/Q0BCkIW6hxkUB2WB/8Pjdas5FOOeohHbZ/1J0zFOa3_dbbP92r/FKJ-GeMGBe05wXcg/7ElEtSr__w6GlAqV/ObAwknwQV3H5P0EH/ra8whTf8vGw","https://imgproxy.fourthwall.com/xAzy-xMIYLKtr77ufZxjPehXNPTMoLkDVSM0mZOVCtI/w:720/sm:1/enc/LlAdcsEk5SFjXttY/xFOizXVZLZglmAmu/ntJ56gDffaiUf80V/K6Y2q5xBffvOlvCC/sPqZHW0qB167tETZ/AL4nVQ4i0kkpzsNo/Hj3_Iu-AvMGjOajb/A3_N3YjfyNEQ6VJ9/_xRjxiFXu2TtL29c/vTNyemjzV8ln9QMX/P6X9yztgiYO8RRgc/t3SiKzHG7BvV372_/UGxJ2rn4DJBzfEBj/WRMoGayncI_COD2F/fe4lOejNW_s"
"1771750842-9","https://eleveprints.com/en-usd/collections/all","","Jagged Edge Tough iPhone® Case","$24.00","","https://imgproxy.fourthwall.com/FUzLzwtdxaLlv1W25UO2ewhq_DaTsRATbZbxB35QEJ4/w:720/sm:1/enc/q9wJM3O1mTv4O1zn/0PZ6_64KgtcGBTqG/Uf-WTv9Z13yE0qLV/fyUSl2zDeWnCJ2Ij/uturhSPtVPATxG1d/ZwZVN3InNnAdEa7r/5hVXPwcQ3pfWrs0b/hYSx-I0JarPrPIb_/9u7pm1y4KBdAtH85/bKAUlvT6RxuvetXZ/yK-Cjr9lQCUaFA4K/1hlDb6confayR2ss/FqLZ3kdxFWT19uqy/idszA5WhsPPZE0m8/r72gZ8T32_0","https://imgproxy.fourthwall.com/3XEkru4OBuf-sYvVX7f5CMosYpHKVhtZhOkLfCLWwg8/w:720/sm:1/enc/GwPTE_5hgmQ6npST/x9Nvy7XFxMw9LlP4/6AizEzBx_lJgZAVy/q4vMC8gbVmPCodof/gXNfk_ScsXMvrseW/k8yJdZ9p4KXNxCks/oKkXqN0Gk5c7Uy6g/nzblZDLhzRJXlWvD/PBPTYaOCPasHJoAO/G78KUNoCurEwqcgd/8tyTGKgrBsrevkLX/5eh9M9fYUMV3NOFV/Wa9DnX19UBBQ_MQo/m-d0TqYsEEx1t0lH/sFZtfM1M24U"
"1771750842-10","https://eleveprints.com/en-usd/collections/all","","Golden Stardust iPhone® Tough Case","$24.00","","https://imgproxy.fourthwall.com/8TNrf7n76dZ24uWBv881lOKqbL7PtwmJp4Eswsd0LYw/w:720/sm:1/enc/kiPZ6M_cnsoq0h5F/FZxQFNb7gD0iC_1z/VY1DfL06b7b0jgSc/penT8XRdzdeWKYyo/gPAiXW9rpe95qdVE/cTGTUB_yknD9bzc1/AiwhwUuk1VCffknu/QX55h5pBAv0npV_t/IKdsgP7WCKA7nb8i/vh9LsPnP6b4vJ9iI/eTlRryzLRgiNhAM1/e3SKAZGseBx0_rB8/KjeiEP6uyFmqqviH/LVadUGCFJAqwwtHx/iwBM3_otSv4","https://imgproxy.fourthwall.com/kGpfuVINeJkw_JbXcWuJBxwoS9GqD5sIJo9iCMF9OLU/w:720/sm:1/enc/rLDrPGWKHOtP-h8W/EciiZm7Q4o4wo2RL/_Gc0s6slzNGbuUMg/PsJWvq3BIZSsOO2f/g6IUadxJqdpJ0_IQ/kOJUEsiqiWejYQ6S/Bo9Ay-PIgf5H1EPA/yXTB2xJXMhZ_K6lB/c9TkRdrzxlIFtOfR/5aAeMSGJAma8V19x/sImRl7FdvX2WARq9/Fbhzf5FNNUcSXcW7/_H9mRBA4EvYDi6dQ/A0jn-FLxAAswg2HB/gqmZmKOM9Xk"
"1771750842-11","https://eleveprints.com/en-usd/collections/all","","Vibrant Leaves iPhone® Tough Case","$24.00","","https://imgproxy.fourthwall.com/V3D8zUsSVYlmHdZMyb5Jm6jgOvQR6e91_jFxItnEpWQ/w:720/sm:1/enc/Yl7qpHerm6JmXhdE/21RoWYMMBJfr3TfE/Q11n3gcKdUyyeJZV/tYiupE7lr8i3mtRi/MLwZg96-XqWesjeT/9ZjxF370d3cUqd-E/jl6PW7K0Bu2d8UFZ/cFjkJ_JaPFdF3h4X/iKXNtx_2nFVhnzDC/A6VhW28GNUb3hm7M/ZGvfg7UpkBNcoW3X/JsHNxfvnjBGi-EY-/j0I2e_cZYOqblnyQ/zOLHQcGgKI-P_uOa/vHTCKlTkS1c","https://imgproxy.fourthwall.com/0NTk-jZ0PdjrU_Qx4ftVEE0f4OuPmvzqaCo6vl2HPks/w:720/sm:1/enc/Lb5VVjZsBj1ZVUeF/WLdTqkTHDUb5RLMK/geHInzSVgMqkyW99/KYfO7LzZlah_9FaC/Yf1_BSPhDePnc6Ev/g30wvgt5aTK68Cte/7Pypgpn7H25V6zaD/To-zKJkOwrt1xVVn/mcBdro6rhggN31xu/wJHslL_yfS5Hx2xF/GxXOpVMvVFGZtWxu/TTzTsEvub6SbetzH/5UbRRF2NJhTNX0Vg/Z9LzelkAKnwaKE_U/YaaXPtHnX1Y"
"1771750842-12","https://eleveprints.com/en-usd/collections/all","","Tropical Leaves Tough iPhone® Case","$24.00","","https://imgproxy.fourthwall.com/DusH5a72QcBIHe6ltK3BrI0os9GtVYUlVw7bcYWsB-g/w:720/sm:1/enc/63jCqyHAziG1DBw3/dK-1x2L5V0Nu3QGK/n79ct3WnMexqnTZd/i5zUlCJ2mlSVMSWp/Ni9Umf0YFmSPXIZ0/AAAHjvp3VAAAD3l6/-8zDz1LO1Rjk4pGA/KFsjQnnF1qM3_ZoC/a3mziZMBnA6Q74Oq/p9wyP3Zl79RDTz43/nQRiG-spynwVoRBb/VQ5_dE-OMsXOyYrn/TRxqzHF8njQkLZpl/Ck6llFNXwGYoKmsP/rpe3RSdc0BA","https://imgproxy.fourthwall.com/_SBX0M6EGXN-AatSpwTRW9xkbUQjxEkBXqJ0t9QAz2o/w:720/sm:1/enc/jrosnNiMASFB1JoY/4SaEHMdf3ajf0evW/M3OKtXHJ7VO3gTXT/_BNi7_xQtZXFFhxR/JYmrzoHlvhcl3gk2/DGj3fctdLA65lCFE/ylUjLdZpG--6SM_5/adLoE_MfSkv-tYEp/iYh0E7W3vu3M4iYs/hB5LUPiueYTOIwMg/t7WBG68_Xu2Jh514/K-DsxgzwYE7WtWWG/xNFGhUgCtPXBVXzq/yOOQ-hfBmwrUmRGm/CZsWd6SDtqk"
"1771750842-13","https://eleveprints.com/en-usd/collections/all","","Whimsical Floral Fantasy iPhone® Tough Case","$24.00","","https://imgproxy.fourthwall.com/DIBk5-bWEf3B2NIh-trfQ5wmVcALDoZaJG-ZWVlZfqM/w:720/sm:1/enc/zxUeowZD-BwT8wQw/A6KAAWMh5GQo86jD/5NqKNfW9CVb4o8tl/1DUW1yovUENy9cwb/O_KmsrL_Adyjr1aZ/GKj046ftqxSFIH1M/_hmxd5LjFbamhuLU/4zLx8W4ofH0kQaXu/kkJYo14LyDxpIauD/6As5JNXtF7GYbWJL/o_l7oCdZytYrCIPc/h1sGIuTxmfxSoM5R/rXHJrQt3mZ2M-iAJ/3qN0VlZpDbJoG8sx/RpjzvD9wbxo","https://imgproxy.fourthwall.com/gXhguzhmDRchwzlGsMFlRUgEfMDQz6ySfJDm6H-VPag/w:720/sm:1/enc/2G78QGH6Li8Hx9el/tycVyJcKqkBp5zYy/bRE0GX0NFCV-JQlL/fTalAncISPGIW3oU/VRVNv2GEenB-aKQu/I0jKFwxsKaUs0hpB/AqRz72Oe06wuWKvG/LQVJUzQda5cvluzJ/qFWmowZlNF37MCuA/MfNdw0_6lANqTi_b/t-EAa6Z4rfT8hCtC/SAFyYiN2Wta2gJxY/HeMHYHQlR_TAupbj/X83AoPbS7Jjs_60a/Uhk1g480GTI"
"1771750842-14","https://eleveprints.com/en-usd/collections/all","","Hexagon Illusion Tough Case for iPhone®","$24.00","","https://imgproxy.fourthwall.com/BG0M8sPNVNeCL5ZY4mimv2QDGY3rWu5qP6JQGxdFJEk/w:720/sm:1/enc/gtjpzo3rphPrwadH/jMwtyLy30HoUUi5y/friEXvnIpjVNWVnS/fGZsbccb49Xjo6GD/I-MRWJXcp7k7TA-X/7n8YxiP0JsMufOTy/ikLZuq8CsZ0KSdDX/usjgq-XvXofrmC8I/ALwYAzU6pOyYOaaH/TaNuGJampxlNan68/njJxCsGLgvsAhU9I/NfS5wjd8S8t2rK09/pbPuLcQZ_eJHGxXU/DZHZL-TRscZGf5Zy/34BrJkbKiTg","https://imgproxy.fourthwall.com/xPwnBPD-sS8zGqbBRKMu2I8_G4C1qlkCA5vbAEsMIlI/w:720/sm:1/enc/cOkIjpbgGmxTLxg0/Tmgjv-hANEZCSZ60/-TwI-gLvTQ5ndH2O/WfGtp3eUc9r2KNC1/42W677OBaQwjUr35/VV-W-n01BZPXUwke/jcnEiHlzDRNwLl8o/nmEup6oBGKjop9H-/Ml-N1LEeNKvkoXKB/ryt8MMiikhSifA3c/HcAmbhNUufq1JnV6/oeSCOPm1eK2BMLbo/kd-4cJEWfI9qRadA/mLS9J3Laj4EAitXb/FXNkZ5_VX5Q"
"1771750842-15","https://eleveprints.com/en-usd/collections/all","","Tropical Fan iPhone® Tough Case","$24.00","","https://imgproxy.fourthwall.com/AThbFkNHfN0iK6cEf7NjgSjp3tjDAT-_BqDj4OAEpOE/w:720/sm:1/enc/aiLgekRmlg22htrB/bhMSy67GWi0Ws7i2/K1wXlVEowF_IPidM/koq-MGAlT_n5Kt65/ttjwr8_NdDjwGfgG/V4C6UdXBCgyCVhL0/rgV9Sa-r7XIPjuzb/qKJblKrd1BzT5iwV/29ygGHKbX9EwQsI3/aiDO-1vzhxYxO4t_/z-bGhXaqe69IqSM1/14FWvMtVA2tU1Sax/VsCUluqBy0jEz25J/3BHaEVy4tsxFVrFE/FIb1pwQB5vk","https://imgproxy.fourthwall.com/C_tpsggfouCYSpQihqUOyHrcMvMbkc-6LgZsyPCE1L0/w:720/sm:1/enc/1urH0lNh3oGJSRZX/v_ReVNwxleGKqCJN/-T7Y8SVt-T8LAgui/5g4EKlcKSwkSOdm8/5vuBCTtwBVuJrx0e/L2fZiu6UEafifOoj/hcsXp62T9TaInE4H/c2-SHCESi-usDSSO/hvMdlfMc1FzcbZ9z/3dZTcuvSZRA6F8np/a-6_lmUG6bfy6fAU/GRH6WKeOGQSxV_hS/CySs3YNsJqJl3qw3/HXVeBtUiYXK4fjKY/KRBqKLvymfk"
"1771750842-16","https://eleveprints.com/en-usd/collections/all","","Concentric Circles Tough iPhone® Case","$24.00","","https://imgproxy.fourthwall.com/Bzf6ZtKYaZ15LuZnEN75NoyPSItCjVajWTIYEQa8T3Y/w:720/sm:1/enc/TGxqJhaOVbegrD-6/6kr-nktmrrj4Vx1C/X458J4yelj6aC5g7/l_6BEi7EUsKwNPk3/w_SdjiEcHWAVTbhH/a1YhJDETbnjL23ex/OvpKMde1JhrVNsZG/Q63h2NrkQ1Rx6or-/aticBSjZW-JNCm-8/crIl7_38xHoITlDE/QNqY5WSLyRa0cKMf/rdJvuX28x17KwdGY/8FYZ0T3r_NRPbNf-/-nU0MvDxfNq_Wmnz/K3EsJ1UF5ss","https://imgproxy.fourthwall.com/GL98S3gN2IpCS32HrZCMZH60eoKW-uRJJQMOaIagRKU/w:720/sm:1/enc/Kt36iLNZXve_aBXP/ZN4XbcrpTdnJir1G/sg7lUWP-4-WtaXjt/bVJFZ2KtHEMoB48m/mj1MN9W88gSAl1xG/fUlQyE-o1K4odfAk/8ALfg05PRGNTnM-p/TAU-naaXC19yEzRL/g0fZwwtoet42Vp-C/6jghdltOvhtHValE/t-NcKLUjG6PpicBz/B21QGOzG6pvjbBVi/XhuRWWx3lkiSaA6R/zsU_h_mjoQ19ILac/N5mFGSgc5Nw"
"1771750842-17","https://eleveprints.com/en-usd/collections/all","","Crimson Weave Tough Case for iPhone®","$24.00","","https://imgproxy.fourthwall.com/X9phWxRLuS9rpmbSPRlqoI8SCXTJR27ddPFS_LG0ohI/w:720/sm:1/enc/HrsOxhZzJVGtSZpv/AH00RPgL16i2p5vl/vPrT_a-jrmmCP2Hv/oiTMXkuIlmM2J2nv/YE1OuMqIg6KYKCbk/oKG8mCd_4QVGkvhg/VXnEjZAs2ki8UFmg/1vUnSatrSnljtDkA/z_ilxdNZIuf-k5L2/ZxJjt5OmDWtbammd/HzfpcjHIAlFA1hTN/QEGTrUb33Z8pJvR3/RDFdtCJ0jmbbtkX4/TS8LHn4KjO0YZ0TE/AbllRiawws0","https://imgproxy.fourthwall.com/rMnJak242cIdjI78E7X9JfWptLYHTUCMDFb7YKm8ims/w:720/sm:1/enc/GxyQZKXEPeV5bUxr/hAsBEJTudEBNaI-N/MHs_uaO_AW66m02K/FBvheZ5tEfjLBt33/5I6wKKL8DeXhrRdL/7dV11_rYB88me-O6/h_3VohbFaare8ij-/5lxJtz88UqlWTKLf/3YrZzLUD6CksuNtc/7pKB0AHgauIlT5Xk/_nMFJL2EFBVsgqBn/hGjj-CptAjpv0XGC/dPTfeu5lOk_SFFgX/Y5zhvXOU4G9b-9z8/o8bowIJGWdo"
"1771750842-18","https://eleveprints.com/en-usd/collections/all","","Fluid Blue Waves iPhone® Tough Case","$24.00","","https://imgproxy.fourthwall.com/NpnkOPY2h9Lejnyw6YAge1BTuRI715fEb0jWrckw6PU/w:720/sm:1/enc/rBLGJGGe5EkCCytg/kLonxGpuALrkUHHw/ylPRSZL-3G_JaIFA/xvjOFdccvskvkDnA/2QqhACa-PIMkGz63/ia2sqMl4ONtNMQR6/lsysA7G2_JMBdSHr/inYyHuGru0sAn3Kl/BIhcNh20c0t3Ghpr/PVTpzjHVfnJ2xWbk/WGYUviyNpcMRSq-3/aUdb66X3lRDNoUq5/maEqgixD-51GQvbX/rBvJ_vX7G58MoeFp/FFsv2GN03iU","https://imgproxy.fourthwall.com/gqN0RfqeI6vWOz7I1imtFOVVO8KFGqTdff6cfwH5Hvo/w:720/sm:1/enc/WqivEX35PWpPknSG/AzoaF9kIXwQCmsSe/c55kYhlpPO2riBu8/nWHotBlOA4veRmCF/_K_3PmvAV0g49GOU/gh-fuPposbg-Yw3y/c2I1TrCnaddkSegA/cUDLr3nwE9rTawEi/njLWlDTZcRQlOtYo/vG8yBMwX8CeP6lT0/-UwdxRB7fGy1bxUk/jMKC5upLzTQ9ROaZ/9tfNp0Zti0uOq_DL/PySs-XfyoukM_EVE/2nBuojAjG1Y"
"1771750842-19","https://eleveprints.com/en-usd/collections/all","","Dynamic Interlock iPhone® Tough Case","$24.00","","https://imgproxy.fourthwall.com/BGFXusFMsXd_mJe_G_LQV9UptUNZx031bCrj74mnq84/w:720/sm:1/enc/ncenJzpzUQXc_pzt/gq40OofknJ3_yKKu/jr5tJW_a473fJx9a/ma3eUwULjaiPqghm/tqi8V1bHB0cJNYq-/UScAj8WfPw81Vtml/mo5FgnZe8A0mqiwU/BxLrFOMlNz_f0W61/E8de8dJMhjoOCTKY/qQTrFIzXxCo6I29N/p2fKtEO89oolT22w/UF-6OpxoDSxylLZR/-3nIfqf4Ar4ssXSr/anOULEIvb-4xIJ2y/IBBiTl2q00s","https://imgproxy.fourthwall.com/HVquaJl4xDnv1kZA1yHp_EScV4xMfz48npDtad3AoDA/w:720/sm:1/enc/tkePMcr8E6yjRIwL/6KspoQuL_gSmEs1u/aN9_svP264bHvWfd/xDvHFaDcQo3f_Swb/wn9IR9n04TCXR3Kz/I8zcKGFhU2XuN06g/UZeftN6DwtbEp_ru/k1j6lhqHs1kxkWw-/QkcjfMkg34hPvIUB/4xWgtEroNfzhXtw1/0k5pxBv9OYs_N1s2/tFHw-S_bmmgObBfv/mQ-bMKNLTQ8-Cn5P/O7N37t0zBUylzBgN/F31zWaCJvuA"
"1771750842-20","https://eleveprints.com/en-usd/collections/all","","Zigzag Blues iPhone® Tough Case","$24.00","","https://imgproxy.fourthwall.com/wuS-ebaQlG5Rg8U8HkhwgVHu2KOGNhkhJPXmaTPYA_E/w:720/sm:1/enc/PSHjR-Hd6zFSl7bh/T1DBqc4UGkCMv9QV/vtDk2KwxbzwIskVH/IgnGcoi2k8J2I3RJ/y0Drw4rWA1_P-_EQ/l6hhIoALDGMN7EHX/GVtIMXKS6yJACe5-/3fV80lwKY5DNgFHR/5flbaum5olaBuwue/CKUW-TVS90KreFw5/LrYD7uKFWhmrcaYa/GpS9hEmkt4nbYk1L/G-GEqrOLg5Frx4Mg/HiOK3zdM6905Jty2/0rfgcuDgWv8","https://imgproxy.fourthwall.com/acl32imXIuuu6DKXUf4rrdrbX09YfzUNglb1awOqeYU/w:720/sm:1/enc/mvb83JOtu3cpxJ-q/pRt1ApO0b-jWmjbV/P5xcQLOWMPppBjJ5/dtZmv_Ui80_BHWHg/9fsKHz1eI6Aoi_y4/aF58wRqM5-lPaW7e/5KRFa8Cf3BFoPUbG/aupoQ-BLccx217Z0/pat0t7yljIaLpE1X/pIEVGmJOr6zSq6fi/ZeEinS_HH_J352Au/rPg-4HGV7GW6YUvx/qa42NoVyBboLKLTE/QMvYGEkzBmrxvtev/qf9E3ZHHzaY"
"1771750842-21","https://eleveprints.com/en-usd/collections/all","","Nature's Veins iPhone® Tough Case","$24.00","","https://imgproxy.fourthwall.com/VvnAsOnIJdJSAlveOe8VBdT5glYHMzIDmxItJTi3n3U/w:720/sm:1/enc/NXIKaQ7VfuIjN5ta/1SYOqzlV5OCPoz_C/1ITsoLQYK49QVCRF/LkRj4Im5kQv6T_VC/U3L8joSQeu8yEFZt/5Pk0G5CZJzKVV24K/31sCrNB9MbhIDFOU/uiQQQNhAo-kgyfaU/yg_COLzRtagzBUXQ/rpOgEJJCcD0LT7oV/AjO8xt2JSIojzKqW/ipJLibQcy7m_7CZh/6KUUffcXDSuUWt4r/e6_tg4MOABvPsJOF/4VZUJL_rOUA","https://imgproxy.fourthwall.com/wgO24y8TG6BUpZsmk93AUJbsFoE7NJiIyhQ0fhTgB7E/w:720/sm:1/enc/SJ1bJTtsV5djXCFj/8ya2GP2gOlE0yH0k/6HSJ1fIAsNmIPzPh/T5paKHQa4-gc3wTc/8Ef3A2MJzbUr7JiH/hUmK8gkOEcwx44yF/3HZnt0nW69qXBrQB/cTU_Pg-tsUgPVIek/TiFmdsmLQ6U-bwWd/Vcfg-_UzHS4NEGW0/cvB6V8HEUwlItrmB/jnw1jYR1vEEy5DRy/XiYMNnM5Zu4M7tHB/DWyRr3UEFDUsn1MP/IZeMUW_J_z0"
"1771750842-22","https://eleveprints.com/en-usd/collections/all","","Vibrant Chevron Shield iPhone® Case","$24.00","","https://imgproxy.fourthwall.com/y7sgbLSwNDPFixM7tiOHhCBeXi50EViRH84XtDElVoM/w:720/sm:1/enc/MBUH7BrImgiBGUfB/HwSaOZybVMQZ4cyY/2Z11hcezDjMwi8fZ/VJPPakYU5znCgImE/SIkhfJwtHb2u8GOl/5P_uylv-juiCz8m9/WkZyKwmDMsZiyPdF/nCyIzojnncNlU6FV/yRIHiSgtFZguWo_Q/2svlyPT0yEDNmM6i/isjcZYM615sEobS_/YKdurGAdwfqCf6L1/W8-5bc-X6u2uha3v/zvfp4ZTpR_jn_SzG/WHGuJiTWPr0","https://imgproxy.fourthwall.com/H_8LeqpidLGGe53h9KI82acsHMKu6iRMGbmF8tScvrU/w:720/sm:1/enc/7r-qSoXk49l_60VF/LU4gmIRqASB-3v9i/42ukj1X8uwMYYcg4/qKLYqlwz9U9ALERC/6SjwtycODF2S4yH7/G7GKDXAL5CwbOGtZ/FJb1S937uHHifnso/48odylZ_xGMUGbCI/ejk3j4fl92YMYy-j/AIQr_fOBIK7Vs0D0/C-ufDY7Mc4W-yBb_/fPqXGx4n5x8aSncQ/f-IVP3ZdtWemEw0e/eBGL5mwAnOU3KEhJ/Kuk1iOv9ynI"
"1771750842-23","https://eleveprints.com/en-usd/collections/all","","Oceanic Harmony iPhone® Tough Case","$24.00","","https://imgproxy.fourthwall.com/PgGoFaVfeJkZFAyT94ORQhkqBielfEm9oRBXuMelkh0/w:720/sm:1/enc/HIjfWHgMM1Cbbm9j/CKkyt3sPOgmWEtNZ/8-vxN5qmFfT3_J2C/1h7-Kq23zO51hAkv/plNkf1Gm7ISeDlOR/QAr2CPPTnHDat9_4/DCy9jNrcqGPqgomq/io1pHOskcg6ikspf/pGPpeWr7wrGdwYCl/aKieeTbUG2QOpwi-/iHvoYfUpqec8lWvi/YmjJ81inUW3NU6kF/Jiap3fSMAf1_jNsw/m0xIZlp2rPJ5miv1/ZwgnmR9OXyg","https://imgproxy.fourthwall.com/B_OOh3p27zGMELnOoySYgkVEV9FL1eHyMLWuQAjJy_Y/w:720/sm:1/enc/qOo_n6qhoHM_NFMe/vPtgxholMZ4sjUha/xKkJtndcCVXbWzDx/9SjU5ORcrH0VcFH9/WFe5Acn0yO9qC8sV/nEyidmFgCb3QY47s/xBgGBo4KcgElyRSu/K3Gzxdrm8tWya1k0/AQjQpQDXPSEvQDvq/bz5Cg4dsdBnPJZz7/dxT1Ro6bf2C7TZAl/r73BJf38XfC_TMCe/cy8H4BOljV81IwME/lmLLIBr6oRMJu7bB/kWejo_XzqmQ"
"1771750842-24","https://eleveprints.com/en-usd/collections/all","","Mosaic Dream iPhone® Tough Case","$24.00","","https://imgproxy.fourthwall.com/I6oUa2taS9axp_VUnFnAg3x2xxfblWfVpnu2qvgYfQE/w:720/sm:1/enc/0zEYnt6CGG1CPCwy/cwsGLRcglHtrbRAd/hDaVXs_ERisVoj75/GmEh8nXaZGcaGV-S/bNFpRe504cr_ckvF/jcKkAqJo1AfTm4Yc/DYdLv8xkXJO_huFd/z9sU4Y3zaIhszP1Q/bQwje-dW7CYh7_ER/_rh7LjQ_x7u_MkZG/WDlG4J3k4LhjZLeL/kXwdsmsmdzj_GILa/qfFjCgoHBLs1iEpp/B1pV86GguhkviRp5/0nS7cPT3q8M","https://imgproxy.fourthwall.com/G8fnJB8d8OFrNzkpWjB2PmWcbhwZ1ITMWNAj8HCwos4/w:720/sm:1/enc/3Eev0o1tdt2PPGLZ/vqziTzWBxiTgPaRo/9wIvtjJ3cUN6qMs6/f29IYTBJ7t4dppt5/mYjHvSBFr0r2h_Zp/EKiWUrBVTY3lBkss/m3P1ZHH8WNAdaXTX/KxXBspSTC3kXVups/BXWO51nQLLDlW_fo/1frwZurqEph-OCi6/-qGgtbGbsx9wFbP7/Xu6IqU5ZEUtT2SbM/bCjt2Y8JeMFp3zYz/Cvyg6IUNnagrGxGQ/PfdW79yYy0k"
"1771750842-25","https://eleveprints.com/en-usd/collections/all","","Geometric Leaves iPhone® Tough Case","$24.00","","https://imgproxy.fourthwall.com/204loUwHRqT5_tLXiwC6yRW1Z0_BH9ZurZeCF3MkRcU/w:720/sm:1/enc/3bpcQYA6VyQml5kO/e0yfDMWXc7JN-v3i/EFQtvNEvvOQ8SPS4/Z7XgdZhRgy9U5I8n/XZy_hr6gxRwOv29R/yubg51J1LeZ_Bgq9/wYkmI4uGpJefvLSI/_23xz73Xhw7CUp4K/awLShZGltKz4NMU_/FQu9K11quqyCIAgO/ylJu-g3IdJeDtdI3/kr6Ccf_guvixUIxT/Nih8ZgxDmbH3LlIt/TbEx1rqxvLgwixyR/mQuw9xERJME","https://imgproxy.fourthwall.com/1UfVnwP2896oUZr2L140gmBDKqLgGW5rbyhAO7Iq494/w:720/sm:1/enc/GbZj_FMZndVq6G8q/FyHQBfSD9D2LdWzd/vwLTE3fzpsXndCQm/kiTwXbUi1Z7HUC46/ea1mckil-i5FUJTH/NOQbVXayJ1VfjdHs/vuitOadq-GUTQQFP/7PoiRyKQCMlIagEU/wogsdmgekopAeFQv/M6_DldOvF1p8X7eA/bpINkJw0HfUSXBNx/nSTJkYz6uoo2s_Bt/tl9BsmbZli2HniD7/lq8or1tslpqgr90g/gycm0oz7Uls"
"1771750842-26","https://eleveprints.com/en-usd/collections/all","","Geometric Fusion iPhone® Tough Case","$24.00","","https://imgproxy.fourthwall.com/KuBh5bpIJWqDerAAJBIQ6s0J_nUB2tAuBt_LvrRBxtc/w:720/sm:1/enc/akgwW00DW-mtahcp/K9Bd20nmD71Q7hIA/aYDanTfdTpVqMOyw/iJMjv_nzGwr3wPIb/hOeCRqKd7-ru-ymZ/0bN5_cEGTZ6Sm0Tw/oRNls5qC6fq148rD/SSGStjFFfvfV60gd/0LOyi9A8mHrzRcBr/03HUztP5OFTlCO1E/5R0IkdVbRbc32Ylg/JfLZE6eKMVofK8cP/bdozgrzvNYF8KPIk/e-e9ASst51pUKll7/i-A5jOllcyo","https://imgproxy.fourthwall.com/Kbr689Kva0BdIoCw26JtVUFJroh5sYYCthTSHuRlHo8/w:720/sm:1/enc/ZemFZH4wrkBkC68r/cYAv1Biuye9hs_9x/JcH9jp7UJkuCZTBK/DuttNhb1ex7xY22K/nVtOxsm8pSLkdgXc/XJL_aI6Cb_HOrbFl/KoEbp0ipqpCxwfPr/HyP-t1K1UwBW_Mpn/Rld1-329uI3piYZX/JGpA2AAm60osv_rf/AoJvIUzudQ711wR3/ysfeQ1cQVFYO7BOG/viLuV050ejkT70HR/qFbpg8Ezd_59-yXZ/4N0fdqsU0BA"
"1771750842-27","https://eleveprints.com/en-usd/collections/all","","Interconnected Blue Geometry iPhone® Tough Case","$24.00","","https://imgproxy.fourthwall.com/-SD9aufdiJi5HRL7_mqCWGiPzLcWokD35g0_4DKuxLY/w:720/sm:1/enc/524FNyCNLd3mg7Hg/G-vknkuP3cSeiMXp/boOUTXiDM5ioAL7B/s2deSJq2WLzvvZ2j/Cdsy6DYrAy7YoFg0/9LWot3xlf27rOdwr/XpNx2gC3AoYW4oIy/Ch5lS-NDmsavYIAz/Ts3bA1G0otHi5D5J/mRxBjEzxvUKsRr5p/IfSJpa5vLzkNJ6vs/rY7rx1IPOAWxl2Ia/BOiVMbCSXVp4hsvn/6zcvPZ4yxP89wxhq/DyxD4xgAX78","https://imgproxy.fourthwall.com/f9Ex5dD8xP9Fa6xHrEkzU_t-Xd7a6zI3XR4t5Rq-vvY/w:720/sm:1/enc/vApAqL8DGDYNAYVA/njaQjJ-o0OaQ_Toa/6t6kE7pTT8hLjo0q/mrzjayITvqsmwKlK/4SrvFd0QpixOFPia/K9D-y_5VGCOe1HZK/_-UM-OiuktXVxZmb/0lB8Ky8uMmquEPfJ/iveBypOJzhLMCf2B/BqtiW3f3aAzAo6Mx/MgX1aliZUDf1kJg0/rKtUm3OlnMM_9Dhx/KOZbyob3Bbnf-Heb/I8SpJjUFj6UFj1ZK/R8xhjnn6ZeM"
"1771750842-28","https://eleveprints.com/en-usd/collections/all","","Symmetry Wave iPhone® Tough Case","$24.00","","https://imgproxy.fourthwall.com/1PlQDKpeHhTCh7DN1Rj86biBeutKyU5iuRXOP6rlxV0/w:720/sm:1/enc/kUsDTamrJST4HS8W/2NZjaDh7cQBAE__w/G1cI1GLHylusc0cH/16gNSb9REe4ZSuh0/jxg8T7yb9IqKDrEY/GnuayPN7xE7N1Mma/pslYAbW7SX8LvHTJ/iiOy_gKTmUulRflz/DyANbiUrIT7nluFT/nk_cnWZ9SQOgG9Qr/emVqH_tULLwXOYSN/A4oWkko8-lZ8YBWE/vxtUQj37NGFg9byK/um7LYtXxfnGzv_ui/EtuT8gW9cBE","https://imgproxy.fourthwall.com/r6qCFcUHD56fsNkoVjuZu6bPIxD64aCLW9Ce031ZfPI/w:720/sm:1/enc/H5En1ra1xxC80KF4/IOnFby7n2GmiwA-p/v6Znpx1IvxAPqsvB/LpAycrKiVeVdb4l_/7oaQNMQTQz2ASotI/gT0KBVyFBGifJqvE/Bf3njBEY0iotkNLK/RpD8gmQy6nXtBilb/oXizTfMc2Ln-htNd/LBpRkApvPm2WXsRA/gq8UzL0wfESfWfwr/O4J3CuB99fnzs8Yz/wLbPvsXypD7uUB3b/16GkAJaG933GriJ8/1mrAhsrJJ6s"
"1771750842-29","https://eleveprints.com/en-usd/collections/all","","Ethereal Ovals iPhone® Tough Case","$24.00","","https://imgproxy.fourthwall.com/xVYDmgezmLVuxhEAelxKdtH5osjGCmBbR9pngwOFbVE/w:720/sm:1/enc/8HrQomi3g6Gu3lL-/Alt2xKc0eg8Ue2zm/AVs5cTBgZ2BU-0Si/26uHUefORqWFYZ-v/IswRdhEy5E5zxSgK/RK3m50BmBHJcvq0m/EHUEym1WCoBCP_fD/S78CnVH_Kg7MEcTd/m0eSDbhXqfPWJxIq/BaDuj_Wjqgvy_bB0/c6FUx5mLqeSyA8b_/Owty1_0X3H3Jw7s-/DZQkllb-qPGUCKLz/3znFgcOHpIHmAg0F/ducARR2C_FQ","https://imgproxy.fourthwall.com/lfCy7wik3jzXaKLUR34wiZNfs7ggy3rDeGsrbw4wUvk/w:720/sm:1/enc/4FoINLnfBp8QdXZj/gGJJ7T4p728F2oNH/1GRvZkvAyXa1gkx0/XuQZWedfI-mgUPm7/u25y7LjkcMjsNu5v/JlF-DETYTVXKds_0/A9kGDY2gpdQNIEXB/K75BC98leIRIyrvh/ZNO1hidV4wP_GGN2/vwxte5vbpkoZT3WD/gB3i7YDxI8JJmk98/0cAWWJYfqLrvlbZV/UfrNltV7k2FKVbcN/6uyhVQTZ_zY5Kg28/21hBobKXB_k"
"1771750842-30","https://eleveprints.com/en-usd/collections/all","","Blue Abstract Bliss iPhone® Tough Case","$24.00","","https://imgproxy.fourthwall.com/AtjJzp40x57xL2iDH1O1QS-jF6bSIUVLJVMDWFQJy58/w:720/sm:1/enc/GYipKG4Jvy4jDQFn/wJs6YKmXC9gKyLlp/jPBtiIFdzpLmqaBd/K--9TBNLjEuFgks8/1uWOEeZkFScEsgWN/0MgdANbXp8g0rSt9/x0dLbdjxA7x44zOS/V4smG63Lmh2-OY9W/3U4OJxq_Qk1tfjir/-Jg0Aqmg-8RC5hQO/XdNc_wob_G0v1Lvf/ZkZMMHnrJ80bmpJ5/u8kI-ABCJv9HInmB/XZFixBcRlm2ih5sb/5Cjbr7-5TNQ","https://imgproxy.fourthwall.com/CGfSFUXiEIF22HEh1qfJaxByK-Eps12ZVKAFXzFmn0s/w:720/sm:1/enc/GntXfTurnmulrm0t/zg_RZRN-Ll9BasaC/lswAoLaWUKCSPOfd/YyoBhSf2Ca_F3PmV/bD_wS1FipTX_HerC/qRKLM2i2_6y3G0Nb/AVgjQofwfCGEVH9D/gpZ1alXsScd1iXLn/PwB-oR-w3oQaz9rA/Jq92cPa6BWMbVqI5/1kg7QM3xL1UOoVki/oG-NbNtt49TQVTWU/IdDdnxOFXhfw2bHV/LHPgnjJEgmve-uGy/LCm_F-uu9Hw"
"1771750842-31","https://eleveprints.com/en-usd/collections/all","","Vibrant Abstract Stripes iPhone® Tough Case","$24.00","","https://imgproxy.fourthwall.com/xXpxSdhRHcNnIlL5GMA55rkMzBFuKevpfP4G0APiXX8/w:720/sm:1/enc/gLySbYWYjPgS7Sum/E0PNa8QVycMWRyze/LbOyfyRunBH3ZggX/b8Xn9iUdyy7UQg7P/dOO0YQrgZlmmQgw7/1QSKmIkI8ooffPME/UjwT5DvCdkdzPE29/s_d1emwSQHYlsUiI/xTT0O7O_KyXaK-Q1/oEDvh0l0WEU8NJV7/WV16-zt3EcMNv293/xFRFmTWlwEnzepNm/6NU_qDzwG7esmcOY/dt9NS-YCaYhw0JKr/pL_GOhnT-8Y","https://imgproxy.fourthwall.com/O4j8rWjHWPU7QlSUaIi0A-P_lYnID7eI_MKXufEtvmo/w:720/sm:1/enc/Xk5HuGJkYTccVOED/rMHo5PzmoaVUiSz4/pvF4rVwsDlIJpuDN/tVCK19LhCjGPBN_5/uaP_Ug_PEW_ocNY6/0frtje3xgxIU42ZU/RTJA9u4otjhP70DS/HNXkmRvSlNXXuu8D/YKDYLq74JwP5hPJC/jzunYw99OfD9KUA_/attBWX7z8HKuYlGJ/34hvYBMZ5-69cEEQ/ItZuoSEOa85Ww_fy/6EJ5Pjh5TtcPwd4e/GQgyGIvVfaM"
"1771750842-32","https://eleveprints.com/en-usd/collections/all","","Moonlit Reflection iPhone® Tough Case","$24.00","","https://imgproxy.fourthwall.com/L8AhutK_PvPqdI6JWt6A7EIMNko4L--WMCbd43_T61k/w:720/sm:1/enc/CRCbFVMyp6QXp8EK/AYRTOIT0RR_K9WMX/VSrYb1-pjMExeiZR/Jv-H4G47IYh8uMqQ/AOG0R_DkVxwVQQ9F/hMAOjZvHi6z3EUCf/m5gFT24ujp4FhSXV/JfjWZ3AYXJJR1BOO/OXvIOlic0_ToOjRL/7ZAHMC59jp7k2hAI/QJFfYDpbVQdB0hzY/Y7wAwTdqgynbxgrp/VWzZNpdGmYKrHdot/Cv_it4n2lvH2_fVo/3wGVe5T7TQw","https://imgproxy.fourthwall.com/KoA6s947uOExDeZLmKmR51sgEcZvP0oBjmNfuctgI24/w:720/sm:1/enc/gHFhPiVPLLtS6Ih5/5bFDF6UDNdC2n9gA/oJfIh5qtByGBioqw/3Tu7i_MbAJaO1K-D/QyY-YFXTVJWJFzv9/WOCOuDBzgLdNwATp/oGBQnG-VXMv7SeNM/z2RDcNa_jzbCAHnE/z5VOFiK2suk5EeCI/xuwjepl6Bv7oIVNg/PhEeXaekQ6u9uVtD/V-ZaKEMh5e4kVJsV/e2xMVce2rc8FlmRM/BzOqBA5L-fgyTp1Z/cF6XEtwZFmQ"
"1771750842-33","https://eleveprints.com/en-usd/collections/all","","Rugged Rider Skull Graphic Tee","$27.00","+12","https://imgproxy.fourthwall.com/0CcqGsKjevtViQXTQrkLaiWsWTkAuM1cqJroORE2dac/w:720/sm:1/enc/qlNbZnT5BEFM2dY8/n8Qwy08VPtVaX5FV/noyb4SKJ4PTKs8Sy/PxY60lnGEl5KClN2/Sfu5CQp9OreHwmCq/UKl9oMWH22i5nGcu/QpTxjgvjovtvkSAL/jRuvxD5ft4CiotYu/rujPcQI3oMMbeArM/1j2-vM3-lDSJ_bCt/7FQcowZFuHaLV7Wq/TuIOgsYjLhxXNEh5/3QsmM61fP4zCAc9a/LAUABAZeuZLRKJxI/w8IzG3N6QEU","https://imgproxy.fourthwall.com/L0p9c1sSC67sqrpzJTZ7NZMz_cvn_Ws2tazTnw6AlP4/w:720/sm:1/enc/K-Ie5lPlVvOPx_06/ygBEksGJZ74NEwrB/oEBVXB8zry2t3357/MTYedrUEnyjQyLrm/YsHhAvJd99Q2OBFD/Y2B_3pO0ht05rig0/xW6DXRWI1ti4G_jO/pEj7WhgXb5XV3A9t/7AojCjyxj_CcstsL/pZBr7GN6W02wszkz/DuMaGDTaxv3low4n/fHNbnHoOjQsMNQvJ/c22wia31IcR35b97/bSJEEF897UtDurQ9/FhUFp6zgQDo"
"1771750842-34","https://eleveprints.com/en-usd/collections/all","","Eyes of Tomorrow Unisex T-Shirt","$15.00","+3","https://imgproxy.fourthwall.com/Dx3C_uDYfn5RVWyRlxpvU9y5iD1VjQ1ISl16Ys3FEkA/w:720/sm:1/enc/zyIXuOzlxMPrUp5g/mo4_lh2wmK_9DePi/N1VMNFpahPobDrPW/9EitRH-pQWRQAV3-/5XjlJ29rRXvwieQq/5-YkfPbz2_gWh2LB/3abrYO8FWfVGgZVH/9KDdijJ3iLEsAh9w/Cb622Zm2iaDCmRgQ/H9oMJqZW-qPH3j9V/KQtVfaAq4GfRpLbu/QrMa-M-N-QmgT2sx/mHxBMtPGuoox7b14/K8YJVuLnrNL1SRZx/U6VqvjwVikA","https://imgproxy.fourthwall.com/eOxmpwHJaSaw7sbhZPbBxxtdrvZkyZs5Y458J6JRVTs/w:720/sm:1/enc/61Q84Ox4RP01QcE3/lecSLFx2ZTsNqFyj/e-tk1N6gq_X0e7oa/5J_NTwPK7dOflqvo/upgpj4KEj3oTYxyL/v15XqUmWIYYdZ1YM/7sOFkfHF33GyThzS/jE8J2u_8wt_0iJ-a/qvEsAodZcFeQvobu/Yox2XzIo2yU9f2HH/YWUcmsFCBKc1h6F7/FvDLWzMiQMRnmZz7/_9AK7CZAUcq7giKY/Qyt-xzuZjtAJT50s/YEWBLq22rZ4"
"1771750842-35","https://eleveprints.com/en-usd/collections/all","","Blue Camo Tough Case for iPhone®","$24.00","","https://imgproxy.fourthwall.com/GB92fVvb79x8zbzHRcuqTMTIWmq7yD8dltpXduOskuM/w:720/sm:1/enc/5t7Xu9GkC3-IsYjj/Wp6yfYKqz4TgXKGP/XY407WQ0m0WLjhtV/NwkYayy3YuJrRJuM/Es7KFiJqO0WdQeFU/JGqI9sR3MoLrJf_w/sifauuZr3K-M9rQT/znjbg5la8Qx006ff/U93QlFEoVQS9aAPF/PiNFFS9Svc_wK4bq/THG8TrG8qs0_WWEP/EcmWwM3255fZ8yIG/-oKuO50BDznGqY1x/yg5QUYjjZ1z9zhdF/Gnk14nT3OgM","https://imgproxy.fourthwall.com/KaewVflXrARW3FkoJjHnK-dQyKjmYtKwGdcn3PSYQP8/w:720/sm:1/enc/gMMcXqdH9GqeutFh/KCLutI_l6yIcKFH-/Z91tFmNr4fKl6z4m/xpsBayu7ccTNFRhS/kx0XdiGi1oDCXKwR/e-G7dyOixSkZUcbW/eNTbC-XSJuRuDbBs/yCqDuuCv_Tyz97n2/GbNP6HuGPWVdB_3f/gBMwRT9jClU-CCks/nZyjKti75adHO9kB/jri0h6Jq3BzLoGTo/D5fP5tg0ggEexhmN/C_ufpDMN4MclCi4_/YCmDxJNGAks"
"1771750842-36","https://eleveprints.com/en-usd/collections/all","","Zigzag Herringbone Tough Case for iPhone®","$24.00","","https://imgproxy.fourthwall.com/-wYsd8LjDMxz5ehJVZ-jG9qVinYslT5UJsPhKsu39k8/w:720/sm:1/enc/dJe1x97XRJvS7QBp/cTA6RW-HvvNVB8tO/8xjg-9Fju3kNYOJB/rS8OM2VC7tx_XyPB/IYILs6ymAOAEjFKc/zoavldz0pG6oCIEk/dG0dTHQiM3_uWgR5/xfaLk96oin6ABBm1/zlKuxPO54Lw_HZut/7UbjvbL33zGsj5Cm/00QDkUtGiOEBRqQv/7Zm-E9REredy-X9N/UtKKHVVgZcTXw76c/rcN_GrJPHU5YSbbY/RYd5wuBdD2o","https://imgproxy.fourthwall.com/4kb5ukl_liwEBGxGCytthbjyAR-sObWVh4kqpRrNTUE/w:720/sm:1/enc/vkmxczTpKvsvv_nj/oN-p4DEg1fWfQeSh/w6OBSR77st3ng75K/ftaIvBeQQIA4B9p2/LGihyE-T2nEJ1F9v/lsBYv2jKIuIDU-6V/JU3d4cIClbUXVI7_/ZRnYT3M41CDczPuQ/QXBqU_OrsHeXsLF-/Zw1QyhLW1c-OLaGF/NECtUAEYiRdydvsZ/fED2V0om1g-kMabj/agTnLF8nvEF91dnN/8i3GrcPmk-TqmpAc/ZIG8vk5Gq0o"
"1771750842-37","https://eleveprints.com/en-usd/collections/all","","Cloudscape iPhone® Tough Case","$24.00","","https://imgproxy.fourthwall.com/jXtTgtp8XxjOWhuk4qyAUc4z1bIAqaCSm2D8NVCo_bM/w:720/sm:1/enc/pL5854EF_4b8FVS7/-Oy1yelrqjcpJZ44/hpR1W-AntjqJARPN/_T1bujsJiPfeTlwr/Y5uiYX0wBs3rO_43/Xtz9lPm9v_uMBeSD/MQQsJG6-uRFabpR2/vt6z8ji0ZU0gg7Q9/XGxn6A5Sj7u9xeEL/rdWg-C5_EWZhAX2g/Mg7lquw7fwHI-1rw/W6Lf6Q3OKaY6Xpjw/dn0F8aII0jsYFliG/MPOLzqrnwvt_83KB/dI53VgfA82c","https://imgproxy.fourthwall.com/ZS6RUCyKPlqBOWY1J6qN5DC8UEHwJPdKkQBZMiPtj_M/w:720/sm:1/enc/55X3_qKqPHBeu1QL/KkWjSpxipr9yT0ZF/u-F0ZPTz3GuCXEnN/9QqP4H4DG5omRST1/H0Qpy_XEpKUOfny4/laY7V6rfBK_vzbXc/u9_HEUUdfMP4dVdL/yZ9ALe20M1PfjOMc/F-GlgqABVEG9c8Zf/YEr0XGZn_i4uajd_/lEpev3ReJJ3Sy43H/l89os54cWBV4ubkm/Tm7XewBgBoDvmgHi/qyG_BGG7Wdp99mCx/8eYPCUyR30s"
"1771750842-38","https://eleveprints.com/en-usd/collections/all","","Geometric Harmony iPhone® Tough Case","$24.00","","https://imgproxy.fourthwall.com/NRLiQkrvA2rRw72JdiXTw_nU3XTdj2nE7jUf8bwZykE/w:720/sm:1/enc/LDLwtVEkbkRvJgdK/0wblqILeeir9vpoO/uD5v1fkCLJsprUhM/UkRY3ZGqHyVxshw0/Mqs4iKsi5xlxtiC7/BJRf21PjfTPt97px/8VIMr_vcM_eev61x/xKtwAJjVMyrY0tzv/dKOwflx3bAd0TYzI/Jhs2IMWQA5RqJrbe/VBHwcbTBU6uzSMsn/9AH2B6PcH4CTa7Pc/3yFBdt93EuQAiuld/c3lv_sPJ7_Vts5hx/BFiBYuoBrog","https://imgproxy.fourthwall.com/jaU2oMQMgjJhx3ffbl7ndZA7IByevn9k7dPX6n1gm8I/w:720/sm:1/enc/RzqU75RBr9VOc5dS/1dokn9-xlgESlLE9/UFpeApLobkLOU65b/2dDceQ6wGTDNWlOG/vhBALWlgBeUxtFUq/GSjfyAcjc1cGnkEe/F1B7IVifXlrTyWqE/0a8HvcAhE5kSifQQ/m9u15pD0yFkCuH1X/RqaIiJpKZo474ipZ/AwrVKwF1NdG2SpXe/Jl6K-Ax4D3ng8D5I/ru98_-mGw0bcy5-f/-Bz5q9DXHTIKrqPe/_pVodYJtWZw"
"1771750842-39","https://eleveprints.com/en-usd/collections/all","","Organic Waves Tough iPhone® Case","$24.00","","https://imgproxy.fourthwall.com/n_UYc_wqShwZb7p7RMaFp7WgtvUuAlyGLr8jGDi91vc/w:720/sm:1/enc/HdZDap-4fgJydXO0/Hhgzkp3Rujbz-Sff/UPo_EpugFRxWOHtQ/hG62vqvQeSvqazLZ/w8Nr7X6pUwjsBbj3/HpwPLRb4JE44MBk-/ULvgJ0M80hyAJDT4/3IqWSebhKW3rn1Ka/j8g7l7secFJ0JECL/aUJxgJI6pmuEHAGJ/0EyeQCsU2m_x26GQ/UoLdgV8T-EglHPIR/OCMSCQjBH4BwPTYz/eDaLU0pcyD4cg17x/aKwk4ToZXRA","https://imgproxy.fourthwall.com/zBYbV2oSQE6SvPNB2GsGUx10CHlSujCAZc1u_UqitYU/w:720/sm:1/enc/EXh4p2GunzNzCSHc/gQKhXEmc8_Q_SSoH/ylmY2URFGuBEb-OZ/DNgaz5OQjV6br4Ip/99oQMK__zO6L9pzP/ZVMrjJUXAI-NUsbM/INdDvQrFqFjAo8D3/eMJexWb1kcqmLT_W/76X8moFoDuKNAkA-/-YFjb4-oknqq2wFg/0dhJwdMsWeuG21pH/vCadInhEL57oqUtV/h3n3pEAyuClStK2t/TEQaRdL1TkGRHUoP/Ug9H66QMnlo"
"1771750842-40","https://eleveprints.com/en-usd/collections/all","","Symmetric Fusion iPhone® Tough Case","$24.00","","https://imgproxy.fourthwall.com/gxajL7tl1v3T7__J_IJCHlC8OiYo_1RWUHRiJbL4cXQ/w:720/sm:1/enc/OyuXVsCfhkvVuyfe/MgHs4O-Mt6pUPaBI/AoBoJQemezxLXePR/ahrQUlFRsdPcLeTT/s9QN1mCGEaUwR4IN/qAn0S9_fvdtoPPc2/ep7XvLtIAxji-fJv/EliW3QuK5pQHDVMN/ZLwc6nmWIxIjlfB4/3yogzywzfIUHHZs7/3dXZokelkD4vceiA/EimysNgKw8H7ZO_t/VEU5QupN1N4D076G/7LKjNqm2Wy4Kgpj3/A4pBUBNltHc","https://imgproxy.fourthwall.com/UYJTKtnemMxASKpHcphymRseupY48S8EUAeYqEJ3Dis/w:720/sm:1/enc/FLaejuG3en2sIw-T/CqhEKtXk7hRsZbkr/KZU-5UetKZNH4WTw/UaXlnrSEoi4bnw5d/ae4d-6hDmoKprnDj/4-c591MiDDeO3PEU/znjfEQ6S7LIqbUnD/0J0qPCkODxssAqRQ/Eot2XmC0Fe6dOxiZ/AuX1dCJuH6gCiRay/atgwc6kI8p4JC7jM/e7w5wbkt7zp1iuWv/4EB0PI7Oa7Jbae1j/KNPltWDAueF-O4R3/et5MwQwydWo"
"1771750842-41","https://eleveprints.com/en-usd/collections/all","","Blue Abstract Animal Print iPhone® Tough Case","$24.00","","https://imgproxy.fourthwall.com/bd_ip8ns-pc5zRgaYQeOZeWuFfLrAgQcPv9e6uMIZzQ/w:720/sm:1/enc/MLhDTaxgHrZdUh5p/ejL0NMQnbJ3fPM_5/0k4Kqfo3r17NK7Lz/JGqvLCCUkvwHnO_-/seg2ewKtOOunmjpu/HM_Fns_C-G47H8Ji/HwGc3mGhw8fSf37Y/e62-HYKZyqVzVQuP/v6ypwPoxJi76K_FR/8VvZmD8e8T6rjRQg/2rHd8tTZrWI1DUaS/dVazobNunUV9XGpT/mhk9nIPtpvQkju53/_lHowTilA3WvJQNs/PDDhBRsZFrU","https://imgproxy.fourthwall.com/vmiIhjhPBJIHmMrhf-Hdp0RQ-Iz8XvZW3WfTCirNsZw/w:720/sm:1/enc/ci1VSA7Fk7bLDiuo/F2XJrjfKZsrlOlm-/iUr4nNoH7cuYrMx7/64mbe7ZNE_LSYME9/oyQv2rjMhebHqCzn/lIlQBMpQFQ9DtAFk/dy2qURGcamzZKp1n/Xp9WabVN5cnGWkvm/yqfNcszLucvvuRAw/8e1vZEKPsMG0wDJ-/6izz7hTkZYSIfyAZ/ay9AVzStd5QN5q7B/GszWIK5veMb1mlQO/6dU7JTwHwljLXPX3/Q0i5-HqFBTY"
"1771750842-42","https://eleveprints.com/en-usd/collections/all","","Lavender Camo Tough Case for iPhone®","$24.00","","https://imgproxy.fourthwall.com/f8quQA5B6EZJ-AHpykeLqylX1zOaIA08s-XiComgCsc/w:720/sm:1/enc/AEzuzqk5J4S0f-68/bp9forfd8gbvBDxk/x7yVnFdBJRi4pRWg/7FzeKz4pxHmXJ16k/ZytYbXuWqkTUvhvq/xWtOQjEesSNPX-G4/msMm0GEXRt4ocVgY/Aj0AppPx59d_pVR6/Kpf1_IvzU6wEWm0e/7E3jLIi-ykHtc5st/F0i1QEkKtKjSAbYz/ee0YLzhdJWrC8UNJ/0zKJl_gC4umHEPXI/0YeIA3rGyKBgJYzG/KxO0TWLVwQg","https://imgproxy.fourthwall.com/dNQP9JtVcCKjdILenznEVGl7HlTt_TU_JIxLVZck9sg/w:720/sm:1/enc/oXIMBUtuAFC3cEW8/3LZz_amhH6ps2sEj/xf89Q6XwLUGD07Ne/kwCGpDzWHzuQsvZZ/vWv0I_JG__NMUnfV/FVEd1YcF74Kp_i9N/42FSDAQsxUMZqmXm/zcsCp04jZqcDLwpB/VrVmNybNGGROzYvg/_VQZJx5mua5EfaiW/ApdM5gLR3l2RfBzV/cr9EcSl184ym4UTz/ZlP8jCNgenJogW37/EJM14J3i1JblT8G7/jIu_D-A9ewM"
"1771750842-43","https://eleveprints.com/en-usd/collections/all","","Lavender Dream iPhone® Tough Case","$24.00","","https://imgproxy.fourthwall.com/liPU7zF5KyrreIJoA4ZJWDaI3wEvR2xuexrpC3rO5ts/w:720/sm:1/enc/oikJnBiLfEIcKlu-/VWaytmVcN1tsBR9z/pKZwsaLEhCCEE4RJ/3Ol5zg7BT7Oy54lY/mKl9kEr7Zta65vmC/peT7aBpfrHZjFCZO/6asyMXGOhHV3tJGN/E4ssgfINy7iuOTbo/CiAc-RYkGGjImdEF/j_Z8ur3zn6go_G5I/ss5fyXSekKZlcE13/MmNSM6STUZtSmEFH/3BXejn8n-mdy_gsp/GMIcB29SWDFTQX66/wrwYE5sK53o","https://imgproxy.fourthwall.com/v9JGSWtjFCVXFVn5TYhR1_I1ExvK5qycCB40JEmCacM/w:720/sm:1/enc/07dkiQy7vB1l0Ut5/V2HsIRVzo2NZWELH/bSTZqmUfFJ6bvUlP/lwnDg3IRqbaQdDbH/u4qnM3JOV81W8kk8/N0CPIIZMWh9rbHVV/B5L1KlwVmRly6DHl/3wOrYoUFzWc7mEn3/FF7NgejNzgCBHWqF/gEy0EnbTZLoxC739/w9aPYhhcItVMBRc1/LXBAmMH-eJ65mKf6/PAA0A1ab3t0BWtRh/WI2StD436bgVlfq_/S94fM4JzCtA"
"1771750842-44","https://eleveprints.com/en-usd/collections/all","","Ethereal Circles iPhone® Tough Case","$24.00","","https://imgproxy.fourthwall.com/7X0TC6v3lOxXpKHGbz3p58n_Pv3bQ2ckBt2jhl9YLyc/w:720/sm:1/enc/14Ye5Uz1nuSNRU_p/Ppn3k4RCn_OdPrFe/qTMwbXcVRTdJjFUk/l8x9owY58R6s07QW/bc_qnTAoqU4H52Hz/Pr6TO_RNlOEGghFS/1jLahpm9m8Ghh-ad/0BgbWZ93pq_omPwh/nQMQsHX1tc-98ecr/pPxT2x5LXWm3GKJA/DlIcc2NBBBPp7IfG/EwKFVRBqp3XXnUeF/6jwALKs2O0IGm5G5/ybpPUDqw8I6lJEzi/uHP5pHHKmP4","https://imgproxy.fourthwall.com/jXtCWRJlg720ebg2g4vhM5gRrDDheDPGSAmTLIggcUU/w:720/sm:1/enc/tNPAIIMP0nZJsH0I/x5JraonexnS7t4p2/USyChWR09d179jpH/zM5Wb8xknMSpweYc/_kp6tqRMEnwYCRoQ/ml4W5pukXrcooFv0/GWSEtCBsPROkxuQb/yN-qZrfndjxIUrs5/HqXYYEUyjc-Eg9s8/JLXN4ViyFzerlfUd/mhtP-ta_pbbYA7xF/dDB4gvdOF-RBtmi-/79DB-ErC6PB7vsOV/gT9NdzA2rj5TXVYq/fCqXQLH1GTc"
"1771750842-45","https://eleveprints.com/en-usd/collections/all","","Networked Blues iPhone® Tough Case","$24.00","","https://imgproxy.fourthwall.com/MuHKLxeI86PyqHqU8A45c2KZ-yiyyenNISxkgnXBPvw/w:720/sm:1/enc/FnTGisfWmHm-yOl8/2T-pEt9iNv_Bal9l/Bz2TXYLuuMqbF3cc/ZidvpsO_T24hfIQS/Q2DWA7hZYhwD27AT/IeloiT28ZY8oM8yO/vzjqht_lHjkDGZ5y/D50txjHHQFI0WscQ/fR_Cpggw9blCA2bR/9HNwUK5Yn1uekGaD/jzrRDbpKdGwgV-oe/_rfURbpyFKZIVkI8/w76HdPW5sgpYsVHd/nBoJx4KiirUB6Ba6/1a45RJZSYNY","https://imgproxy.fourthwall.com/TdmixolH7OXCo1yl1uUde-TbZJJ8lpV823JtXK8VvcE/w:720/sm:1/enc/s6FvBWNqI4oFCfT0/213RqZ_5nD2t-vAP/SMCtdQaaBp-Flu9t/tFkaOEY9KAbOMuIi/k4XO_SbZjCTWPFWP/9KGbu7upPULEbxaa/WgimNgiGMzE-vRs0/sTp271kHtJ6nV_9p/BJpQD35cYByFCZA_/L2DchtzZa9Mimc4N/QEUTL0CtdM5_4DLw/Oui7PlwwoiOt77vm/Vmna4cI0qBBnwoTM/XgqA3JzZaM5FGwSk/qiPC3eC6NBM"
"1771750842-46","https://eleveprints.com/en-usd/collections/all","","Fluid Motion iPhone® Tough Case","$24.00","","https://imgproxy.fourthwall.com/IwSosPXgJPfSAxoqefF6QkuKl-Ka8FvMVV6fZXJJ6Pw/w:720/sm:1/enc/YO3wYlE66jJe3byR/rX7FdVExy0INbM5k/ptU3raZfjNF_91u3/1oo0a0yKrZyqAKc9/kMkMtXb43EFkLuxn/U8xfBmtSlfzjdhYN/fnoVt_O10ulwSHZW/8hNm0qjOJ2jGjm1j/WzT8h4kvfa2NLvb6/nsIPLDk4C3-kgp4r/KVgR2wGNPxG7eIhh/_emEEHNrew04GxcJ/e10Sb9SBO8PxHLj5/cDg1erNqzmXmgTva/DW2lUo9nlD8","https://imgproxy.fourthwall.com/6XK2BgLK1qvz0156ujYkE8aEC8WWakabm4gb7iCN0Do/w:720/sm:1/enc/ooImXY9XKtUCJCZQ/wFYEGWsy00KoGFuK/G4FlFFb16qFOiW1h/ufXaZxZ0rXXbR1Nj/_ShGGIXyczXfOAWX/SgrNnYzaBa0H8aqW/vML6ik4nTPMAfGZY/PU7MzpYIgg4mYUkF/VNT2qwkvKoV3j1s9/VzSeWDycd99Lhoiy/WRKvJPzRZQDPsuSo/G5bTHuQBdG9ZX4IZ/YSy9RKRdCK-nPQqn/te5cTdjD0dfrywu1/IPAjhCCkvOs"
"1771750842-47","https://eleveprints.com/en-usd/collections/all","","Galactic Grid iPhone® Tough Case","$24.00","","https://imgproxy.fourthwall.com/ZI82ELKVc-vu6ulHUIZYKstL9OBZdfjexIQ5AUd7OFI/w:720/sm:1/enc/UAHOcfFaaa3KscwA/wknMx8Lopr4wNJn6/1_F7_kIuYOzsjk9B/DGx-CtHiL9yxJEUS/SJXWBBzcshuBLbNY/t8tLApGUVm5w7xVZ/n0udM6KOcqAuLcmA/dn7qCZsa1ESdocU4/dsawZUm4VgYRmrJX/pUIkfD5fRDHo70rJ/1FL3LPjRhNhisxr7/4T8XplZ2IVwkO5Gn/i_CSB8sZvnlrJ1z0/HclA3Elc-HIa7clj/dgK5wBW7Wrc","https://imgproxy.fourthwall.com/x49Qk7nfi1nLCB7JlTs3XaOXgSBxb7DaEzBPW1UOY-s/w:720/sm:1/enc/Hf5d5Gw-3WIQC2IV/h3fAdvJMGtGYdcaX/mec3SwQ2Tg_T3IPC/gakXVLtJ3pX-QZpe/VxN98K9JMEaKp5WJ/1EBsQijnjrXO8to_/HITPNsqx_5lfhY-E/vg9-lqyNJiL_D3em/MdZOFqf2v6XjapKM/ITg9n_z5mNf0s2_b/nkRud-Rmk_SGN0lB/l3hr5mlP9CftrkFs/Tuch4MpYZ6GHyprB/YJLHwUWU6v4keAV7/F7RUK1OttnA"
"1771750842-48","https://eleveprints.com/en-usd/collections/all","","Marble Waves iPhone® Tough Case","$24.00","","https://imgproxy.fourthwall.com/_FCWaLk34K-U34Gfu3Zpl23Jk0Sx0aogtpDwPZss4-Y/w:720/sm:1/enc/hfmVY-TFsHh7wGf6/fQm5MjOvP0S29nKa/Ijox-CL4u_lJMcMs/JCD6Q9_Bfm3LuXGW/xbhzm-JKBabe-IXo/WpAIWCXdxU4My70O/SQ_AJXJFxKZkj5p2/xNcu2rKzvAYGC0X0/fu34RblyamqRTUA_/vwGwXGF8a7WXcwk_/ZxPqau4vvo4uBQ1h/tZ6-Z4nNjvkGkWt1/SSHVgam7noWFC4Ho/AeQm0Lv5sTzyUxhK/SHKL7KybyHw","https://imgproxy.fourthwall.com/VK8DdF8J-_zmLud7MV2nK6d8aRWub2NuAd9xRb20d1A/w:720/sm:1/enc/2XmrY6mc3Flo8kL2/RYZ7VO_5QAPbjxgZ/4BaxSxpxS8CjKX2S/5l7tLuvIHgQZnMRG/vp2pIiy2o_FUYuaV/vZpptz2rCTxmW8Ra/OCaH6CvIuLwEybaY/o8ThNbAeG3gNAdi2/2m87GRTjVRxU3fsa/cD92KB7XwnBm26yH/Kn6GsmH7l7gRQvds/lOe_Yv_0moRDROEA/0K-TfLQ-qgTf_JBA/kPRSmSstLQbEOTzi/i5ckP3ppiJ4"
"1771750842-49","https://eleveprints.com/en-usd/collections/all","","Ethereal Blue Waves iPhone® Tough Case","$24.00","","https://imgproxy.fourthwall.com/JUwtsn4dDokbe2DoIII0UMDSF4BXUneX5C-XZxqOATQ/w:720/sm:1/enc/JOkRU3weoeoQ31Oy/lmz5dH_cNk9l-9Vu/YFRtFVGtHfzXlCaF/o4Vsg8AmoMdBeRiz/oPGs8oMPtwXedPI4/CEH5hOqnwY1T4uOr/S8bhleSFSDyuU0w2/QqQnq6ipHmIbcNhL/EcQKwAI-ggsYkMlm/c7lW-9drfqK0HjIq/X-RGHCDtr0Bd8xxp/K6xJkTiDB4Eav-yX/zfSZOcEK0-bmf21E/HGoEGWe3SqS0K638/ctg-LXI6jss","https://imgproxy.fourthwall.com/swwHg7phT6HtZmmWRbAHfyeToesCOZafOLKD9rps5Bk/w:720/sm:1/enc/tGETUcC5tzV8kgF6/067M-JQQKqRmHGvX/-zFc0ZUQZaWBitVj/qM32db73TznM9YHw/GpHzJLjLjr56rqjN/GI6sXWcqw_tvOBDp/5GE-6eqedoM12_Sd/cw5V3H28ii6SagHD/7gm-fQ89sz-fjWkM/97mgYEfVvOohXHc9/fES-6mIr8Ltk4L4u/RgFhrc6x-fsdBxFs/iHVQB4xUHJHFksrx/YU16rMkyNC0LeC_b/HvlN9f6Pf8A"
"1771750842-50","https://eleveprints.com/en-usd/collections/all","","Pastel Waves Tough Case for iPhone®","$24.00","","https://imgproxy.fourthwall.com/hNQtzDvoQcWg3KZ1ToaWagcxy8OiXHcGVzkU-XJ7bGg/w:720/sm:1/enc/5TTHtWN09bFclEuR/DQLrOByijJAZazo8/NqupyQ5j3ReZVaZP/OtWo2tyX7hugpjQH/7VzZB-lZMEVeQZjU/4_lXLYpd87yZTLul/W3Wbzzr_RRfNz3k0/f0KejcUluJC4aVK-/MeEJ-O_sgx3DrcAv/TO0TR085INqHDGSj/oymEzx_y8VgCETtR/m5FIR3dhHvfL3jtl/vgPou6iWo0HnEoL5/KTLNJMd2O-rPIhmk/1rKFymvr0Hg","https://imgproxy.fourthwall.com/Kg5HwjGvoCji91AvnBCvnYOIXqk5YhqVApSUb7d0z0M/w:720/sm:1/enc/l5WRq69SrdeLbVT6/czN0Rg6e_dNfMrFl/kHsbuBa2gi1iMW_7/jeDOG-y2Gy7U6Mcw/mMm9vfTBPwTFtrXJ/xDjHn3BP9yu_dAUr/OZkh2vL42u6PFk51/0AQPsFsTpAqhLLSR/nKY3yf5_-PD0ZksA/vIbhjss-ef21msR7/tfJabt1XHLBuRcAf/k4es_FVnISbndbaV/ZPKevEFRDnahDBi2/u4zAHmoCz9WQ7TL0/SbmsO5vJkAg"
"1771750842-51","https://eleveprints.com/en-usd/collections/all","","Flowing Waves iPhone® Tough Case","$24.00","","https://imgproxy.fourthwall.com/GYPd3vOn0oTu4-dkSiFQwuzqPL6K69BnHgLSTH8RGiw/w:720/sm:1/enc/pNNt9d0D2Gjew_y9/2oNoxgllg49dYhpa/V9C0wOqcD5r-BoJH/Zi4-bY5MKQxJyIpB/GCtQp7oR-CIcDv7Z/Nkn8wU2X_L87b58G/p2qI7KNRU26bPTyF/A0_HAXjGS6zoykml/w7o8uUriC8Jh0s12/Oaefig18yjl2Yrq5/GqBpm2BH4xT4S-zl/FtKwMEKHtH-67e9R/kemjCgRKm6twILPb/f-eY-g3KGUDXczfZ/u09NbMgtIMI","https://imgproxy.fourthwall.com/9bLeA34dvjOpJNX2o5IdcEuzB-zlAwMdmfyRvdbmpfg/w:720/sm:1/enc/w7sQ-Pmp_MM71faE/F77YJ8Llp4f78bLc/aCoaCoA96F0k2lxh/Lu6fJJ2Ic5kHvURN/8Y9RT29pw3BAyzza/LmqecZD4dJEVnbEW/HfxASZJ1EnqzNVez/a8VY7qrpUfpu2y2F/ssXZujmBoA1qZWqd/VVzLvd4vts10qF49/3m03bqziheh-qbgI/ZcC7sGkHbjW2NlNC/kIcJp73ae6ttc54U/vXDm0IQ5-5jnBhiL/kqPNz0EvF-U"
"1771750842-52","https://eleveprints.com/en-usd/collections/all","","Vibrant Wave iPhone® Tough Case","$24.00","","https://imgproxy.fourthwall.com/9yce9KxXhyLpaUNFOcI-qwFhZMVn0oVQVON2FgDAbhA/w:720/sm:1/enc/BlBpnVrizfnZRZU7/04P4H4a2Bh_cj8uj/_nclY9Y8heCg1PrO/E1_Ku10fO4SKPnW4/pb49cITpQTSxeCST/bfV2y7m3_2i_izd4/hg2-xKej6WjXSfgr/DR2zULBigPnG10Go/EJeMn5PJxWV3Zdut/871RB1dgzGo81DmJ/u8VqMUepHFnQciYT/NgOHnHlxvucB00jt/5ZM0TozHOLpGRDnT/fKqwlOFV31-frctX/oOgUwc8g_1k","https://imgproxy.fourthwall.com/Yvp_0arPahmbhXkt5fmjQb2pOZKiYLhTJOlnijGTa_M/w:720/sm:1/enc/G-Xe_fayLhuy9wvN/4zNBYtLyq6-VkQYj/867A7LGVUQi2z0DH/GyabqCjh7P_SU1FV/TIbvHftUIwMKkFHm/_9jdsH6HCBC4XiDn/2EYl93cjXcF1CcSW/SimsMhuFzllS_yu4/BIITBYju2ePRnUmR/_8AMikTyftWNUyTQ/2DzWD2VUgkEXu8Qp/rdE5LnQ9AtmiVjfx/m7YOLHSCEQ5GIfoV/dOn1_1MsG24MPcgq/xR6HCeZr99c"
"1771750842-53","https://eleveprints.com/en-usd/collections/all","","Dripping Pizza Art Tough iPhone® Case","$24.00","","https://imgproxy.fourthwall.com/tWghorWn2bhSBpqLew-xM7z6rtdoZUGyA9EDBgL4FQ0/w:720/sm:1/enc/DieaAKMHc0ugpWEH/qWwyPvb59FtpRysP/GlUL3pN3U_mlPgIS/ILKV6bltZkrn5lmM/ouBLnX0ndTADL727/X5kVL3pKNYIJD6FZ/W3oMzcC7pOBfSVYE/feK3MOdrFGT_vald/xr6YCyVpT1sS9iI6/z7UaMO9368VkapGG/YW4or8NTe-JgD45H/jlhJWmZrzRHWCeVN/rcpUbhi6vuHf5SOv/R91hS6jp8dwIvfnU/JXV7sGoxdXk","https://imgproxy.fourthwall.com/qfBjHfHOVMHxqC3O7WftkQEa1RsST5-CQ0YCBrGX4f4/w:720/sm:1/enc/7lm3vD_Z6PPAhL8O/dNtMwnV_swd2TKWN/-HwRqyU88lgZIBJX/hQ5OaW1V3lz8kCRu/U2eqV4rYCZoeKc0Y/lHVJ_9HfBWA8i7-P/8y8Xzzq0cSGhgKN_/nF5l3j7wknbNMmKi/CdJBreO28ZaLMdFw/HXQR2J_EjoeSSAdb/qCMpPCWrWK50QPCG/Onyg61znCaOtzoMA/wj0x9EdjBZeyD8Ew/gJrm_608NNmQF7RH/p35tHZa44LU"
"1771750842-54","https://eleveprints.com/en-usd/collections/all","","Waveform Symphony iPhone® Case","$24.00","","https://imgproxy.fourthwall.com/mI9lHvQpZIrRcnq684FF1ZhEJf7a0UYnfAYHNgexY5Q/w:720/sm:1/enc/wqx7bpxt2fh9qVN4/TXehpL3oLdCC6BZo/wDToDO2astpJvSKS/6JOR0yCymVqekkhq/pQ68Hru1Pr6RQyDe/fNLl9HQA4imhC1e4/9A_JPZiv8F2vtAvI/RvzqgYTebwXd2vf5/Ho9ZL4SyILywn5r7/6UDqJ9hemPqjJr20/IDbHUn0XQzODU_JS/Br8_j5bFWCykmOUg/MZfyIMQM1HQw43s3/5fiIWr4yVUqTcmjZ/8MWtZ0UgYjE","https://imgproxy.fourthwall.com/6vAsiPixFOwaiaNRLGw9T0xrrN1LrU54-T75pI1XJVo/w:720/sm:1/enc/r6da1Id95bH9NFJf/1p40vQf3PD2xF_gi/rbIlpCaxYREgxWan/198SZ2QObhaI3pOA/IXc92uZt5v__Ok09/FbxRi89IYiWMMWNu/zy4igtGNicA_-7U5/vPpIBE1xDSFzv15R/ZqUwkyK_YWaeB4Dx/zxI-mlwmKxSgoQ7p/34L7jbBAbBGGkgye/9sJ11mqJUSVEI-Ku/GH-szwM9tKVdkIqa/X80jHkB0lhwZfQIv/Y6-RFxCVnEI"
"1771750842-55","https://eleveprints.com/en-usd/collections/all","","Abstract Fusion iPhone® Tough Case","$24.00","","https://imgproxy.fourthwall.com/10uReBHovjRCpDknzRGmOoO-u89vK7okFjjsMvS8zlI/w:720/sm:1/enc/OTzbX97SorJ2WOIY/e1LqtKZUXarBRgzP/8Fq7DsuFrOk0-Lft/ikfPfTNYKW24VB-5/lS34OVYwF-7NRjf0/P6IIVyIAr-ePYdCA/YM7RJkqxTFQQnqYi/txTGH013QrTcuAWf/QRAOw0GlH6q9SgyN/jHKwRnqQiOPnsWS9/QhRIS2JpNsGfdOFJ/ms1SEF04yBOyUNeT/Tfc6fRi2ASwEWs1C/gKQOGFr2H8MD6Osn/t5WSAj_NkUw","https://imgproxy.fourthwall.com/W8ICYnz3Xy6DW3Iku7AC22J7t7plchtfXhYa8C4N5Sc/w:720/sm:1/enc/n56gC3C9yHjuIIZy/y6xmpOiXtYtrNLJz/PdZ7Ji-fZ7WS8Wly/RNYpxKjcFDNkavYb/eqkPbWH5-1CyaNmE/Sdpb4MF0Kae2y3AM/dsx5KG8deJT2sN7S/pUZtOnjKQC_-EfQk/jSfLF3JOnrmbjTr1/gObV3NsUYYMCVvFZ/Rql7LWc5LoIqDTBA/FnzN-K4aOc_YluQ8/6SfGsRcF3VAyiavG/YGEA2zdx8_69bpyB/4Vej5KigNcQ"
"1771750842-56","https://eleveprints.com/en-usd/collections/all","","Abstract Harmony iPhone Tough Case","$24.00","","https://imgproxy.fourthwall.com/KkvyNN_7wozp8Poum-5HTFjyuS8Rj2ES8EFdPK9d5no/w:720/sm:1/enc/xynchCMDiSbdl7pk/uH4TI6Q5XRUSySOV/xgRAptUFbBHWUd0Y/4W2aBJbXp3i73Xix/SoM0PB76A4vswWKP/pKKHkthqzTwC4HZF/jCAn2vawfopeLQFU/3gpYzlXi0k93U8Xy/JXGI7FsljEMljs8j/B94plNznl1mpsbMg/NhR2OVTNN4jpnY7j/9FTD9ZJsJVwVKl6k/qzqjtJzunIFxbuvM/NTSV3FCKNMs3oRTJ/1adKw0pydMY","https://imgproxy.fourthwall.com/GJLDzrlkAkf16y9_CH-gAurL02VXizuN4-ptGeOLAIo/w:720/sm:1/enc/_lVC6kPA8vFfg6xc/nigIVxQvCeVpsZR-/c9_uYhsXwzBWaN5u/hQ336k5lRAGPvU0H/0c2qlsye9f2F8_Dc/_XkAJscP_SiqXzWg/Q0su8Lh1d7ksz3hS/ToQ5GB2vsPjiwmt3/PO7jvDPQWnFTGJb1/oQGQ6dS7WddEsAoQ/bZhgE0jAW3k0Y99S/mCFBcMnvVFKKmGJ1/cJu4CbqFze_wDtjl/wXBh1f0k9SJfLjWH/JJo7ONmv0z4"
"1771750842-57","https://eleveprints.com/en-usd/collections/all","","Anatomical Hearts iPhone® Tough Case","$24.00","","https://imgproxy.fourthwall.com/FKQKmrl0WX1tYIbNnNqlM2qF_B30ftZGzkkHFxN9Zf8/w:720/sm:1/enc/ohiMle-UUmIK9Wiu/dwGv_onRaKTnd_kg/Gh5LPndt2KSoTUAX/q480FFQj_sCk0wb6/kjlnNgW19hLeYKu_/CGWjdkRoAsOXJiLL/28pLqSfnM7DT3jyk/R48WEWIXdp9Ln4JN/AH40V1BvBX-QB2cZ/yCm19AF1f0qxUZNO/UOobFNFBwqbexS-P/sova-dXPP-LYMRxt/hTr-2RRinC-5fxvd/UuMNAxP_Kolt1h0I/hQWrn-1g67k","https://imgproxy.fourthwall.com/TYNdn_kVIXwxocDXfzqsv8U2gQUUDDGZBsjLksyHd3M/w:720/sm:1/enc/s8KpwFqXlxtX7t9a/nyxTqst8a5-B5Lb0/196pOUDfZDmvtZru/z_2cGKFnvbx-I1qm/iLZkiUkOeLT4tosj/cRUJfZ1864c-h-fz/Riuo-IsgXlZkF4Zm/37mhMynBNnFnXBqa/y_UE3dc0TeRzlvYU/rH2oi2PJs5-0TQ28/YnrgY6HikqQG7LQE/9QAJj9dBxkDf3sOP/Tt8XftjZs5ZIm9wM/i_cB8dfO11THZETA/xjZWOyKumcg"
"1771750842-58","https://eleveprints.com/en-usd/collections/all","","Geometric Vision Tough iPhone® Case","$24.00","","https://imgproxy.fourthwall.com/c_X8XYdBs7fHedGuahnwPW8xJonJ6NFa8Siw5iOz0V4/w:720/sm:1/enc/XmADz-aQ2OK2kS_V/Kj56zuyuo-9p7nA6/chbHxTlBR526EUTx/IB0HkKFXTlkkeNwm/XK5dh4m5-rOltTUx/gVgROpUvYx_2i-Sz/sawwRdFpYWtMe51K/uh_zqlcJabCT1O6u/1r8FWmV79bZBHGHM/aqMVHmPe6vgDLXm5/SIhGJB9qVui8WQSd/FR-wr2bFSuiDHav6/6Q29f39Akbok2Lsr/EEqkOG9oOuhOSwnc/JyZE_J8A7d8","https://imgproxy.fourthwall.com/6WWYxLxYvEi1EzA-Iw27Qvp7bdXlj-6XD4HetQdHgYg/w:720/sm:1/enc/d0xMxqPrcKxmFhiH/JLkTlTmwZx1CH5dk/CaclsYuhmQauty6t/_nL0_2M-6H0EAeCR/-OKrJt7RZWyCb-Db/KLBjNCgzpEY7tZts/7jsid98xPNiKFKV3/J_CWOMrnqefPfZBj/GM74zwrcyNQjaQ_X/1b7X7hnxqBgqGaFv/FPs3npa1Q9Ela1fe/xrqJgGfTQ6QcNjNp/RqSJ5GJenn-ZIqIQ/2tK5Vom8WWa6hlhx/Ruxg4rzbHWw"
"1771750842-59","https://eleveprints.com/en-usd/collections/all","","Floral Symmetry iPhone® Tough Case","$24.00","","https://imgproxy.fourthwall.com/VNn2iKEDtHZwPfrKpu2oVANEQogqqf7aaRgunuhsINs/w:720/sm:1/enc/kek9P5wkYoOYEaei/pRrfIvuOEUg28EkX/xF6sZVqqLWxDVFfD/rbjYamQrU9AdxgPR/s_K8jPUGutOP5MIK/_e3U4tG2dQC_YFmU/r1h97SMMFj6kBOEn/yLVR7WgzAVY6JJJA/C61IKasX_-SJCMd4/00ncNsVUES4ojO3B/3nt5oKZDKLYshCob/Si2dGcxGzfDo_ctU/g3_xvwYjtlgq0A2w/FdgfdKRpuUJBbfOk/8KZqkq-4Xzo","https://imgproxy.fourthwall.com/ThZIhwfAR7tFqax6TyA3bjxmiEhenJb2Bfd7k1AsMmc/w:720/sm:1/enc/xanJoi6ZdBVRnSA5/LTsxC18ituiWyz_I/WsfwLUyuIbGQZplh/ffxm08s9b4IPa30w/UKxFixgohHT_Pzk4/rnW4xjaWyk5_oltE/ZlI3swlOXhka4SeZ/f8z4CkRrdBGlGSQu/_BNs4BlbnuFl4ITT/mHsSMdr03snQqBCW/wHPDMlCor0eeOGKh/_gATEpn-TLYOFPQ3/-CdeE_fcg7Ktt3-W/IXV5DuNlnWe2aNF9/HCUvFZVqVOA"
"1771750842-60","https://eleveprints.com/en-usd/collections/all","","Geometric Fusion iPhone® Tough Case","$24.00","","https://imgproxy.fourthwall.com/2eeVxQycBHzEWJAxMzABmJZ2FRl8o42ZgNfTLU-e4pI/w:720/sm:1/enc/Sz-2-FLucAyvRc_J/ps1jem8obz4YvCa5/fomM1slTbYxsLxO0/3iDi5MIgcmCgvzPr/hhOC6IamlTc6IGtP/glYS7yMtxwm2myqn/Sa6UohYZUzB09oDz/SjxQZxuClgeRuiLM/F8dGAqH-7uQmTZn-/435BWVkVuP4l7Ovb/qjbR_iivPPGsN5PG/2GDAeg2NaaFt7TN-/WeW1fB1XzNJOv5PI/RcVo0FKef5W92hpg/O8RExcsB2Jk","https://imgproxy.fourthwall.com/TdKvvOjHnemYvrVCj8YXl52-6njPpBwjZMw7qm8oTv8/w:720/sm:1/enc/y8m5I1v4aujtF17U/nyetVuNffzrCVEVD/EI6b_0P84IRpjKzF/fPfOykUWmVQuEs7I/zBcoydbb7tsLFol0/l3zCUF66mzWDDiwi/9Lgz_DlKf-t9mm7T/qyRFwIulSRuWnQSA/ktcyrfqawnOWhJdk/kI2MVmIrAn62r9Sg/DHdrjo0UmzLfy2Fi/Zvc_-JhIKB1xT8dE/nqx2-tq9bKk3QT9K/6eKFho4evhhju5kJ/1aKO2O1UAjA"
"1771750842-61","https://eleveprints.com/en-usd/collections/all","","Symmetry Fusion iPhone® Tough Case","$24.00","","https://imgproxy.fourthwall.com/LeveqQaprANZCd70z94Re_3B9a36Sd_E6SJpm-vXC34/w:720/sm:1/enc/xUP9fQaXQQqfbtV6/RIj7fQ27MYU43VTl/9GUnjuq6zQfwBX3z/yWeoblbArlnFSBTj/H35xse9CJef65Q6A/gOzMscwGuy5gbBFs/sB2V4vLqOsQAZG2t/JRW956gRP323ZDqo/6JSlrGTOGxniAMal/2Bdajzm4gg-b34ce/cK_mjbc0I39N2uwJ/dPchOMjo9TnPO9l0/jnM9vussaAa_Pcdd/ry1oLh8WnRyu9hE7/RfrN9QKOri8","https://imgproxy.fourthwall.com/5wt4_7nSO60KSqB3l9LcM6a9PFAVPMritzV0GaNlD3E/w:720/sm:1/enc/7IJzbfWlb2Zq4fo8/fYDWV-XM5ln-4EjB/T5dauy1VyYx7VpE_/RNFunt2ofiC59FbO/vfzYpWjPnP0Zw-oC/Xdp2UcFBJPew5RIc/GgEO7zUcz2O5JfBY/i18X4ztC9Nfp9B42/ZK2HjVgmfZwjcvAx/n5JcOZ2NRJPeoJBu/OKMXReSbeqZPB0BB/fE5MWWRmqtnkWCFH/DvCpKF1lEqYkZZLm/NAKQS1y9Hrk5_zjc/szeN6UCRjgg"
"1771750842-62","https://eleveprints.com/en-usd/collections/all","","Geometric Grid iPhone Tough Case","$24.00","","https://imgproxy.fourthwall.com/FA-dEp2ULU99vkgEviaD7eh8BB_U0T4MBma824v6ia0/w:720/sm:1/enc/HdPo8cmcjI_Obgkn/uq4VfeSd-rXwmZhT/ZLD0S6nYznx5yORW/2wjMqO9fuCrMMJNi/FsRfEZM5ERC3BpVJ/P3EjPbiIBmVTwn9B/yEZX3jFibeJyCnY4/r5VIFBvGqLPIhTiR/QmMKpm2jbUxQbO0D/LkE0LHEhVqG6Wp9e/EF6dhd9D2F3yOdny/oHVb4k64geT7OdYg/GsCGUe5B0TNbxoAP/NIZGZ6uia73_moO7/uP1XCB2nk7Y","https://imgproxy.fourthwall.com/XqiraT6oz2SRuccAnxa7mWvnRfyDrLoeXKVnnoHv5Zw/w:720/sm:1/enc/ciNgL5XDMtisALSO/hOIEXeWUQWWgp0tu/zNKw3As_BZhJmM7X/4ZPIm-oGifC7Kx2P/SAuYVXpYc6UzvfiB/KkLtGHwWl58NMi47/CG5z0wZBindV2Hqh/xN1MvP1_b_8pdGiq/AA5NpNeQl9kzk-Y-/PLk_sQS8cqzDMBDt/CK_rotxNj2cLx-I0/BbUOblaCEtClc92e/hWBmtLC2fsBwKZae/hfHQRrA6WS1FHJIs/lkcsqygw7IE"
"1771750842-63","https://eleveprints.com/en-usd/collections/all","","Geometric Fusion iPhone® Tough Case","$24.00","","https://imgproxy.fourthwall.com/VGVMMrQwbVvzvi9yCpeSySlfE7p9GbKoO4eNX9dPIRo/w:720/sm:1/enc/ENzQvGSgNVdNJunt/F0KnecCugNSP0Z71/aHMbmKJlxai61ZZC/8EmIqqG8Oxenfx4_/iI9joGqRThU3qXsX/xNuoq4Xo8Fa2EiFh/7uCFQJ80gSBHv2Kl/rV7bs-jMRGHw0LJe/kPWHcUvAHvL2RuVk/-0ioqZZvILuAXoK-/oiEa33EAxsVKj8RY/X0o-384FfT96-zkG/q-X6rjaBkq4mdw8b/o_ywN6uO_JTBQ3Mg/hjl2lm3X7Qc","https://imgproxy.fourthwall.com/ROkrZ5hSoLGMfOeTozA8g327Glrpa3YyGqOhemGQfb0/w:720/sm:1/enc/SxCwOiAkBLiHvtdY/5ZWzPvJSkvUsoANx/SfMgyRN2pZ9EqGh3/BwFemkgxHlrig6nZ/RVh21E62esUQQwBO/4YNKGTCf5gBITyFO/cHH8CyYFXpFqfNw8/baTNWhnbCPBtk362/xRZq5spM0OICGtKe/fm2SrtBt54V4KAQb/z9weq_D0uMuHRxKx/QCUZQC8Aqvischin/eVpUXhR2FXWsa9Il/cB9E1VEEuwvRPv95/XENA3CD5gkA"
"1771750842-64","https://eleveprints.com/en-usd/collections/all","","Geometric Fusion iPhone® Tough Case","$24.00","","https://imgproxy.fourthwall.com/2YCieZ9_Yh1jxvmMBvz7RXiTqbjWzvZzoFbYTNHTl0s/w:720/sm:1/enc/yYAYBdgYqH2eTp28/WAWp170wntu5wS7V/gumure1ktKH_sPzF/rm1actf1mrCoFZe2/ATJmlPcL9eJ5XP1L/s-Vr6CTSdz8jJAaW/Yobj2gNPujSLXefv/PMAg5RznZ-DdaFUQ/IOUFMaSiSXvqvXrU/EK0w9qs5jjQN7zBq/U0RfXwcwYk1UwKNM/nolcNe6LVYdc8pPy/XnauVWiUj8poPZVl/p46lpGpHTgj2EeTU/M8No6v6RdpI","https://imgproxy.fourthwall.com/sOyteoMvH8NEQdUuHWSpA6NsN6ZGaG_3TFSgDhneJTI/w:720/sm:1/enc/5Vf49TLbLzBqqSij/FeIWeJOlJdQOzqCP/QzSu0JtmA7XGzwCF/LhsCMM75Dtr_5aqr/Zpsp5AYZDGJ_AwHF/dh1MaCVDTdGsVuIJ/zIQHQrRB5AG5txwl/GfCWcRl1SU8ZI7qj/GuaX1__VCgQN_u3M/gx18x78ZcKkddSzq/6gQYxkVpHXqETHDu/sLOOQ8qpNMsDowf7/FKPvGxIf3f90qoWB/3aGzMKOw_LjizVIA/NhJy9Ye22pc"
"1771750842-65","https://eleveprints.com/en-usd/collections/all","","Geometric Harmony iPhone® Tough Case","$24.00","","https://imgproxy.fourthwall.com/SvcAUbPZgBXsgbBswbaj3YoFT2mTuH9b9IyPhBb_pX4/w:720/sm:1/enc/vb-ziCD-PCX2OLDZ/HAEM6zX5SY4Jsrt5/jdlAHcA2qQO52SHN/2FoI-9uO_ppXeZGB/1UvDRwD0H6_K0gRt/NTzS-MjE9JwOYipe/mGhbGaoAQHWPTu-z/9Fz9s8UchkHygQFv/ijyUb13fSnYxuBsu/65ZsuR_0Mk5qzSot/s2hXQatlLHi8qn7F/H_-0cVRI3r7ZG_fl/oQL_MtbyjskcF-ve/MbeeB0Io6dMCzx41/PhheNHYdZOI","https://imgproxy.fourthwall.com/V9am6YIKgBktDfdk4MzGpKJc9RJYVhGEo4PyFnYS9QE/w:720/sm:1/enc/zGAKvedg7i5IARXZ/oEiIlLBXC7blz4fR/wOTl5zFEy4gmlLa5/SxhRu3xQZpricuVE/4liLjqE3DLW2Bwm9/O5_pnktNwlhciQlh/zwD5GYNQYeoMUZ1z/6DH8sGSGRJsXWmov/WWyzXtjbikhYLxbS/8IQMR3oNVKc-QDQ3/lWlSid0LNniyc9rB/bTUfph_xoiaJIPmg/XRIkJ4xfnNfib74M/IJMNRXjhd-bH3tQf/ngKPiMbYMzo"
"1771750842-66","https://eleveprints.com/en-usd/collections/all","","Symmetry in Pink iPhone® Tough Case","$24.00","","https://imgproxy.fourthwall.com/oL3xUagfzgaRI0b1Woi0wkbCU68rmR2PhrHzGl5GIok/w:720/sm:1/enc/phQ0dIX2zb5wH0Sv/VEJmCvqIs-b87lmg/MJWCGb2mOlAnh_XC/jxY6EFucS-KKMUws/cr9-QrIhSEhQIZ9e/zj_aJEA_QGN6jgut/TPqlt4VKKVV8ddmI/yMuvcyYDG_uGMY4b/is-ESZkbFFyOu-0a/pE6qHSeUOCRsKTV8/59lgY-Gn56OWR-9k/Q_kwzJpvlwTI5oFE/-kzsXGfnAUI9_ubO/U7trnIP0pSCp-PMU/EOaAg0injU0","https://imgproxy.fourthwall.com/VVvN0910kHPaeF5bJkJKN8bmybDW2SDP3rfVxJYZO4c/w:720/sm:1/enc/7Qo8Wm_eCNqlFrp7/bmGMlXFSAtrTvxzV/hVKSm43g4bcT8WCL/0z2AbATqx8MGqKVW/yINWG_XzfkGQkidS/0lJQf7fE1uKo5Llz/9K2eBdwf53S3kIWD/g0KB0pjHZYuP8Gt1/yd9OdgfZCclFIjFA/nVjQpzf7IV6qDtvs/Xh6P4LQpm-rJBFvE/OGAcrzZeRyiGzRAt/Pwab0V2KNG5eJxFu/j_WFdvoWjSU5uSku/UJqS6Wzy_Nk"
"1771750842-67","https://eleveprints.com/en-usd/collections/all","","Geometric Fusion iPhone® Tough Case","$24.00","","https://imgproxy.fourthwall.com/wnCDqLevUQ7BOO079_5bAvt4OYF8I6AFCdzyaXcpdCo/w:720/sm:1/enc/edcHwrV0lVp_O3Jy/HC__IqdGIfY8kM45/Ie2FwlI6HZkkbTJM/gU-7mOUC0rpIk5kG/8Zk5jX8mfM56RfpT/_0xyFvcw1MhjT8h8/yeYaoDN0B9fMkqV_/oj8jNgAAXi2G5P8K/gT8NGKA7Wz_-iVxb/lCGHW-iREugKbj0P/oTbYwPC1BWs1Ksog/t-k_ZmM0XaSXdnRX/OhLB1xSWPMHKvxbS/VWE6yiPuxmnIjFSb/VJezYuBSAHs","https://imgproxy.fourthwall.com/4YXSvB6t3PAyVvd3aMrmV4qj62A7ZTaxmzoSEBEfMsI/w:720/sm:1/enc/GmDhK9paH6ZLwYK6/UV9CYdpe4UdjtBTJ/H2bvPtVcVAxOP-RS/ftevn0Yrb4_cebyk/doNdxSBSfT73udlK/JF0f7j-rlIOWsU4V/SeJPwS3Ln1CcJDZu/BPHyC-VC3dKR8Ozs/w-Jh1D3Y9lJrM6-K/B3uoSAxZbK_AgDgn/_YmPN1AWK1ky2fmT/zcQVYdtz4fEPPw54/6Md64Iv8RiXvxqAP/iWkIz-AiwKd19eNz/3CVOJzymgSc"
"1771750842-68","https://eleveprints.com/en-usd/collections/all","","Rustic Flow iPhone® Tough Case","$24.00","","https://imgproxy.fourthwall.com/dkWtD4LiFbF2alhuu73DUXC7Cow3fNgjedQCMYYxc2k/w:720/sm:1/enc/Na8yfyuuNS4jXoGE/YJW0tXCJxXqbNm0h/wj50QPy3_OMN3fMB/By4nO3osGwgGyFXT/S8LbRClWwhIGfkDU/bWoATvS08XGtWcYG/dlwReLkTMCh2yAmy/OJuSdN8omOa4-xDi/EXhUjUtGipWKcYrc/hXXPJwY6CvLq8Uvm/2mE-Yef_aDoTxcMY/nu2TyG2BVZG8oo9N/Oz8A7_msg3X9FODX/od68LeTqYaYJuYbe/cgJErVyy2ss","https://imgproxy.fourthwall.com/HhPp51YHhmLcIgRZYiyI1LbH-cg55_j0x0gShF83kQ8/w:720/sm:1/enc/d-2cfkx4-tqzyDtt/Ikr8X32lvP_gJcyj/Qit3o4OAVRVaSq69/kUuV0Ae1TdtoOnEP/K4T2Ep9Z49lawg2w/m5jMU3DtI2ru-iuY/2ug1xtDJsuwsFgKx/JRqa2UazDPu1N5NM/TAZFYrePuOTAFYqL/YRC-BlPhXweJvkxk/cLDIqE8UyYSGeXIT/5wW7lY0RYSdSoAV2/w0SxAL9sXCcpBCEo/fqS_01Zh8Q6g54Rc/6p46QSLJncI"
"1771750842-69","https://eleveprints.com/en-usd/collections/all","","Berry Branches Tough iPhone® Case","$24.00","","https://imgproxy.fourthwall.com/BVGgfHHdPSkJNYcJXf4vYqIcxUq2-J-PIp6CHJI1NSM/w:720/sm:1/enc/nAyou0MrP7SJkVRd/kCa1hztbSxdlYBgS/GYqizivyjYXvUIGl/nzaQkUQYEZ12mbJM/amhq2sRZC9GivwOX/dTU0kQK2svDUbSrb/SBaolHXyg2e2CP7A/hcZ9YzBxY2xOV5lM/4iwnq_o35HU7bIyo/P9iczJ3sLkJL6u4i/kP-61rDxcICCZ-7B/1Xfo7-X5eFYyezVE/vfyjj4V2RPc_14ae/uK0eGyhiIdSuojYA/kq6QasmY9kE","https://imgproxy.fourthwall.com/adqSmsNHgu_iNP0rgsuA4dBWYhznWQ5UAORHWD7PuKI/w:720/sm:1/enc/1EaQa7SnQOhPV8Lv/hwiac6zIOaoBe9lK/6SKj1xVnmdI-Uedd/tNRQBUu85SyASf5T/SWhrZbEKZWPQ5lWJ/amg5_zFDMLNKqPRM/tiKCgfUX_a1LrSIu/lkHLU72U55KKhS8r/QI7iEFxZq3BuR_TO/bzM5XNjzPqxHdA7l/yQMFSYRGrEyzIP-N/jDgaubKgBfvLQUDo/ioO96ZM7ImouoeoV/2CadC04t8CYRsYNO/a1_hDg_8pyk"
"1771750842-70","https://eleveprints.com/en-usd/collections/all","","Blue Floral Delight iPhone® Tough Case","$24.00","","https://imgproxy.fourthwall.com/jwuZC0TyUB5F4dGQa3AnSq6djzhJvyZN3jynEXpUfV8/w:720/sm:1/enc/CzDGfqfs2Ykzh0sv/COC_PbWNmVmstrC4/fRcDC7fIvZyhh4f8/mr74sTbqWPXVIgNO/pNR9d1rwRAmawvzp/6cWIuzTzbapvIZk-/ftPRmdr4MTEPneDK/vzm1lMzRro8lr3df/TBo0KAOwSIk7jrC5/BN2vKa9AOAvFVATZ/p0HcCmbdUtZ9RWqE/cBQfhOZ3qVcfVY_u/M8I0vPl_RhOgyhVK/iQ3fRnuuv_ovc1Dm/pr6mzx6Iqaw","https://imgproxy.fourthwall.com/Jkh1n6HlSgun3mwYJ9rVFAgeDmH0XODtaClCQvoPzeM/w:720/sm:1/enc/dx10e-Yo6gvaLUGa/1Ppxe_HHSruqIdpj/gFMl7dihhAKHwfb6/2DgX8Azg2Kor-wXI/w9iO2hTOVb_5tqYk/1lSiMroTpdHYgtEY/04BBhbN4dseDlg9l/5aY6fJf3rIOfaiQl/IASmT1O0TWZnH8E4/gH2u5Jeizu4ImSsb/PH5CkvAb1AzSoUJp/yz02Zr9CpgNqkzR0/3NdlxH8-G8s09Y_t/yVVVPf4q425eEniE/0iIbe9_D4sE"
"1771750842-71","https://eleveprints.com/en-usd/collections/all","","Autumnal Forest iPhone® Tough Case","$24.00","","https://imgproxy.fourthwall.com/6hk9-xMgvEIC2tI1f68i9veuV1BaJtwb1b3jrM25pxE/w:720/sm:1/enc/jaI2UlhPNklH2NIL/ocFgDKiLz1EDVM0x/-1VazjpoUzSsMpG3/Tr0KuBcZRz-ZbxW-/bYrJFTVhHN2JpWvU/2bRIMWTXQ2fOy2Md/5Q-2K4mlrkkg1Pl4/QIfwcyLGa6zywvsO/-7QuDSAEaJrSVZP7/ehg-UrJEvwXMekT1/oS0EAFC3HofMe5kp/KgDapEEtIx_nzTq9/QpORnC-rpb6JXUau/OceIpbePLFmRZhQE/arR6XXirFNY","https://imgproxy.fourthwall.com/dyoUFUc1XJrDehHTPLfcpIcvBNGb-qifzCmddDmqKKw/w:720/sm:1/enc/ptJZ3fr18D0x7_4B/kilEM5d9so7fg_YR/qKtDnWfiJBmAPbev/3UurUKR5etPPlk1m/IMQcGvJWU0znpeEK/LMgCFGMIQnkvhb-e/k7ruJeeStNLGaV6r/-5GR2p7ljLF_5046/b96ZhRB2bZTbSXC5/W8ZDGAmGynOdW7Iv/OdbHpIr14Yh63bKY/oUPfw3QgCUf_MAtY/YIhgyndZdLtVeH-1/nUBGn0Y646y2z5KY/M_dqvw2AxLA"
"1771750842-72","https://eleveprints.com/en-usd/collections/all","","Whimsical Forest iPhone® Tough Case","$24.00","","https://imgproxy.fourthwall.com/LOS1I-lIqQhZsQDU_O-JjcqgbMVuUWWaOSYXwuZy-bA/w:720/sm:1/enc/JtXIlR1Ss5eWPxV_/SJ2J09FWSQzE-gC_/uzW-C00vAUFt4c0t/ocHF0ScyKRluNYpA/hHUY8fJNPuZDKAId/Oc4QAw7o3GYFM1wQ/vFwebFMVgbkcROZg/YLYbSW7-zfo_Bt5G/SfcjTaAl5tXJENQ7/5sD436IM4STvZMBa/hogDbE3EGRII2G5h/sJ9jCDCdKAQARpLO/Xg4G13eP_7cua1-g/X5KhkDfnnjLQMCmg/UbI6eiuzEzU","https://imgproxy.fourthwall.com/g9ymc96A_U6E02CRmU0B7rSRLyaKI06Aj4fWw2FD0_0/w:720/sm:1/enc/zkIpDCfoWMCqujgy/uKgHxhO-bpT1DS67/tYbsiQtZ8mWv_lqm/RkqYWMydkuwGLKy3/rMZHQRsefBXZ0_Te/JgFQanJRfSNhUuGV/mdCbGz3vGpwtRtZb/O-3HKu3dCUodV1ws/ibhnnHwreyFi9cnx/-XevvNTmB2wnMyoJ/DtL7M6DQcROPalDf/m-DhWnGwoRttDe6O/llZubC7f0n8pPFSJ/XImzHTOyAln5GpkZ/7QV7q1YzY48"
"1771750842-73","https://eleveprints.com/en-usd/collections/all","","Strawberry Fields Forever iPhone® Tough Case","$24.00","","https://imgproxy.fourthwall.com/HnT4b0L3EJ3Cr4QSy_O1sq93V6-LJtorfTrtDaF4rBI/w:720/sm:1/enc/M4WZruS8kJFRJ6ER/17KGKF_PXk0mhNTZ/6o4iElbRd1_HBT98/gpnGYhkR53JMTMEi/TNABZ5y9Bhgmxp6p/jc7OSG4v3OROJVaV/JwchTwC-Ue6Qmn4b/UWKjoAPWCzieDZ80/46OByTJ3Mul460rN/bSpEudbFMgdkPKdH/apZGpBZvyRHQzxD0/YwzyMqMSEHKYxvgi/SRVhUaOi5XrcGrBJ/kyXzZWW4-H8fd78A/vfjzqQdYd2Y","https://imgproxy.fourthwall.com/zDif9WDMkBEBKVHdiVNwOv_QnyuOHhpRi7nHX_7vQKo/w:720/sm:1/enc/5BDBhTROnYhZarIh/82Wz9tayrICy6D_b/YMgA0ptYKw9bb4of/Q4H9wzP9VoJ_ZL6L/x81Cml4l8a06EecK/Nq4RRFMIWSYAc1cX/KWe3uxDIPG0FK6Ht/QOvDkkIOsVQ2Du8Z/NeHOIB2LlY2SOuYx/c3bGOWEzKSlHnVjS/LCsoZ_CMtbjEo_ru/lgGW9yXIFyr6S_8T/_OtPCKGigMvv9zZV/KvZLIMT3wkIFrPc1/scgdLU4UJFE"
"1771750842-74","https://eleveprints.com/en-usd/collections/all","","Teal Tree Blossoms iPhone® Tough Case","$24.00","","https://imgproxy.fourthwall.com/Y2PLlUN_Hi3j0WSM2ObUzrSdCgzNiJyaQtMyP4TnArA/w:720/sm:1/enc/0AogwDYQqWvASfUh/FXzaXVgg8mGd43ll/SHRr6jCYde5iLzHD/8QIOYRf9V3G-jknr/6YNjQavgTq-NrEyV/Ziol76wule8L66zB/Xwhbg9a7KChf0NKm/qwODC36Wm_d_XjxL/vL8H3FMC6BsnNRuS/nd_9TIwWNWQvB_fp/o-0H7hI9-_4yj09T/jiekTxMFz9AhWjhh/qgPpb1mMN7tKOFXP/aKYWy7gG-iuOPMX1/pCUVxH3mE-M","https://imgproxy.fourthwall.com/sQZe_gGcxZXONESFl8JvNW480_YEgz8GRiRFiUvf_sE/w:720/sm:1/enc/vJlNkK8gcMphXkqU/976hwK6lx9-HrLTk/TP-nZS2eLzpZlweO/lCgWSPbVKp9U27_K/9WTLT8MMAV5ZF0iF/4QyumAsxu7owjPx6/hOq7D7Ipci159f24/SYtuv6DB3MAQ-Mgf/j47WELR791CcK0L8/fBWU2o3q_CC4oKpd/bgpFpgc76NntiDqc/4KacNGFwzCNDKR-l/1nfAKn-wWqTAOko9/RwZiTUplx14Vk_tR/P61nt8usgCg"
"1771750842-75","https://eleveprints.com/en-usd/collections/all","","Citrus Burst iPhone Tough Case","$24.00","","https://imgproxy.fourthwall.com/8ow_5eQfHdSgdB6fAakoayCrBnMxzJJ1R5HfE-g3XT4/w:720/sm:1/enc/aU0pn-wJrPCFbSyD/Xw9pGE4C6aHOe3bq/cChlMjNFQ9_YLNCY/dAVxsnTr-yiwkO2J/EfUS7FrctbFjQb3c/_eKGZEwH65yZ7AqH/L-P78gFaSO6lOtpn/1cOUQxljVWRqFKDW/Fv3dmmqIwTJTxpKj/ak51dplz7k6RZ7Fa/Y_B9xwFlakbrupBU/K0L4Q5i5uTxcz3Q_/quYfShBsEwI7l6sB/RfXlF4eajy-OIsWl/cWjIEu5t7Ds","https://imgproxy.fourthwall.com/PE8vCa-gxGCZPhZIax1VBJJC9Nthe7LNmHdORSnfMbM/w:720/sm:1/enc/Ua6lOsnMWe9JY6po/L23DVrRbtawF6T0P/QgrVzYLkGm2BWO0f/oqO774NSfEO-sfgi/L71hkUhGe9LtCLRh/eNnHgX4itgBFBcJA/zfT5HEuqSL9k-tvl/SAn0hi_S-dKzrMI0/HP8vRWDZakfsxxGs/ugiVAUPP5JF0Kwb3/oyFmurC7osdYn5AC/kqw7ZMy28tehRT29/Ottp1YMAK9xieJ_2/V0WCoOKI3Y920CV1/v7IZ30TqyTQ"
"1771750842-76","https://eleveprints.com/en-usd/collections/all","","Red Spheres iPhone® Tough Case","$24.00","","https://imgproxy.fourthwall.com/s1IH3d9xoKb-mBKl-Atf2vzbVchvjyfK7tMPhu-DyYE/w:720/sm:1/enc/aKtGZqW8I7x49_Fl/R9ktTQTx49ywtc9H/Aszj0DpmMeJQuKw_/S48smfvo0k8Tqsmu/vGNbosW5qCz-A6ET/90JJLDhqg_uiNzde/GaAJwY5uZ7mWH-Ll/c8fs5-jxtGm9iWN4/xTCrts8fnDFPsK0o/qJw7MkTuOj0FdLnx/LQ2loFof8oWPgqdy/8x63bKBl3JKH2c52/E2Mb_woxgzTdgrmT/aHaVV-5C65GqBHGI/AXpw1U0uyUw","https://imgproxy.fourthwall.com/44oXm0G6ruji0kGDKqJ6VpUBi9BIVuayEnm_3JY5fqI/w:720/sm:1/enc/0XCX5V5FW5ycanGW/GDTsMWXO4qosD20n/iOQ6kSq9TsUzKooc/sQRspfwfKFDU7xme/qgommc0_Bx4awlM7/lPprzUkmqLyJT0Qn/hcwaYUvGX4NPfv5z/CKw3QF2xxwA0VJ-N/YzHmngXS2e6Jo7sI/eQKwqDUj5lSkSDOh/bW94KqD-shItpFwE/NjqDFSXA-dJv7SJ4/B0GWfG_V-MkNEzoq/oxYlVHZzORo8QROb/A9Gpm0NBtac"
"1771750842-77","https://eleveprints.com/en-usd/collections/all","","Citrus Slice Delight iPhone® Tough Case","$24.00","","https://imgproxy.fourthwall.com/7o7r6ND4l1IZQqdQAT_jgQyQlLx1DCtlCEeOnubWk04/w:720/sm:1/enc/F4H9fCLryrbbvedr/-1UrGXE--ztAwd7c/fVhA_S6VqoqqrejJ/vIsUQnpC43LL9ugU/_XPmdXOWoKdyp_0f/yGeaAgdPo3jLTvVT/7fXTY5z_Q79qQXRr/jszQXwJGPuo4WVCZ/d59cv8cGhFVhQzgd/DXcRauwNXuX231Xq/mzf9V2v2XearJo0b/5ci1CdFdb78aZOdF/U2e50stISdPR1Y2A/7EVd-bBdEH5zPuKb/5aoLjTPWmaE","https://imgproxy.fourthwall.com/YQe06lhylbyhunByBE7afL9JjT5Q4hfV_yRn6boApCU/w:720/sm:1/enc/X-_496zCuMo09xcD/oRd82xvrRqpcZdJk/TuZDSksFuakMm3uE/LaF7X4LrsrdgLar0/HfD9-u_zS78gUSWl/PFLF7bayHlH0vdR0/Xt-68cMtsMw2UW8d/Hl08E5utvzWg37r1/QPtfGYPVpCb16qXD/6rUVoHojqrKn_Xii/Q1yaOvR5UQNKyzW-/5JT3-DGheTkV5WwM/l0lAF0gEU9kAyYn-/NFGOh73zpBf3eMnS/qA-dCiiPzcI"
"1771750842-78","https://eleveprints.com/en-usd/collections/all","","Macaron Madness iPhone® Tough Case","$24.00","","https://imgproxy.fourthwall.com/Dlu-qVrSB0pKi5_oaNZE6SEkmswR8pDWOqr_-mHf4QY/w:720/sm:1/enc/SaKywVLDzyDjelrm/6Q-YcJLlJq8r1yz2/g86INm3KJG90ychU/HeoyQ4nI0zdBCK-1/Zx1j5UmnJZCmtUAz/V7q-aym4ZXMgZ-5y/-f3RJOfqZxRUplmX/YNKFU7FDvB1HKlC1/AwwxQ_Unl9-AUT3C/xETDL9QAanf6Sj5S/kUzkdGL3ZU9jfNJd/VF6WnGPNlCSoMBKx/PO2zg8mF2M9EblLe/vlryEji-6kD3Qrsc/-3Wo5XMhyxk","https://imgproxy.fourthwall.com/A8OHbex9VZaAhBNq_aN2kzQ005on99H-pxQnfduioC8/w:720/sm:1/enc/7vNqjvPRRzSalft1/wRt5f6Q0e3sw0R4e/zoWShcze9NYopPeU/-CkPjq4Zp__skbW_/1H9UuGGhjXGhaxMO/0XllSdnPMliEdiya/r-ZAYeebIHm8O57W/4HHCd5erraBJd7iB/pqGFJEgy7PGeHKGU/K3TmiW_1eWUz9eN3/Cejj2SYzgCGZhGzF/4Qe3mra4EzbgMX4b/pPRXIzFkZqRQ8BwB/D4iAUz8hztKkzA-D/OtE6FkZFoLw"
"1771750842-79","https://eleveprints.com/en-usd/collections/all","","Jungle Chic iPhone® Tough Case","$24.00","","https://imgproxy.fourthwall.com/LZO6oGxBgzuPvv0TeOvhipGrXo8TPWnAxHmq4fMxI3s/w:720/sm:1/enc/mdaGMWNwUddKxKvM/NURjbVPqjbchu0nt/NxfTZSb6l-56Kdw1/RTxwvSjc_8JM8Bv1/7kWRdI4rZe2yn0VA/mulAXZDIp3c5OpPr/urbfO7b06ecfBAbI/Lk5lHxmflXqCDr71/sCmPMUiPXTcMP113/IBhSMG5Ob8fnRUSj/NBCig1V3hKTrfro8/l3gKWkuj_vpuCjqW/41uJbldNTp_6Sy_W/Rv8A1P75wSlU0XZf/bD3J5msJNB0","https://imgproxy.fourthwall.com/r0C0pCHuOCwU-GUXDWKeubsgQ3uFE5hYao1YkdO6rjc/w:720/sm:1/enc/VGRQKF0EFdJJe-_a/nWfMwwIEcSqULstf/68zQvyyY84pGv5hk/dRdlbM9fSrx1ar2D/3bLpE2yVlYmALB81/w_cJmstyiuYJhQHZ/HNY-aLOzcBQGGZ6i/8VyPZJCWIMDyhWyv/5oQGxunUnH0RScfO/aEWXftgZ8oSLs0nP/FhQ-UmaHwoZpbxaG/TYKB52arIVVjY-lc/f6g4hGYXll_A5-5d/jtTFDqcr0Vyc5C9R/cmv0mi4tMd8"
"1771750842-80","https://eleveprints.com/en-usd/collections/all","","Fruit Fusion Tough iPhone® Case","$24.00","","https://imgproxy.fourthwall.com/IITs3lHtTZp_YrRWo_fODf2nc3BHVqI1My0fnUnrbkg/w:720/sm:1/enc/T91nmVg3iAQOsfpT/9KWClhiEsmvj4H8W/oPb7LK_f5ZPcVxk0/T7ceh5bdjJUNHm0V/WeNyzVNG3WvPOsf1/p7wAnwSbQWlth603/ujIoGZX4airyGXLk/UI82tSebH31Q1VmN/frH1eXi-U8A40EHV/XJx-oqy4ZAgBS7bu/-aVLzAHkfVv9INKG/MQ6t1_GTDffgggSo/3cF3AEuP55mT0OCq/IJBkMk6KQ7eCUNSF/fJNrSFISkVA","https://imgproxy.fourthwall.com/YQWpr6lvpoBs31JZ7GJJ8TEouWbtcY46Ptfuiq7PvuU/w:720/sm:1/enc/_EkRjQk_MB5hGxRX/0on0BRJaXiBEOJu2/gFGSoOoMDwVp-d2F/cYTS82-LgjYcpJIa/lC122xwdR2d30nXx/2Ffp13IfNxZfbE1v/t2S6zApSULQSMT8o/XVJ-dhlJI7Jr-olH/zYfzdloyvMjcEpU5/gIOnlrbgRGWE4oie/8eKgptx2MpwGJ16R/uzbV6--MVa8__fbs/24qICJ_bZ_cDx6g4/GImjQVzpdU4cQlg3/eZaSUDs7XlQ"
"1771750842-81","https://eleveprints.com/en-usd/collections/all","","Banana Madness iPhone® Tough Case","$24.00","","https://imgproxy.fourthwall.com/xyxZ6HBX6ht_RBEltUwRFJbmRZAt2p-nKU5Ryda8iis/w:720/sm:1/enc/mKKTyY0WLeZaFAU-/hGbfZXi84KRHS35F/LQ9kLi8PPSQzD-QQ/4bSQ81w1Pe7cs7yV/jqZUglYMCyIxq6Ff/OX9ImX2peGgBAjwX/a-hFzzLPYGNqHAz_/G85xy2kYBpXrvDy2/BmPWvWjFhGfCGUmZ/xz8Y5PASebO4F8yr/2OXRdbY4KFgvEb_8/Gy1uALzddA6tT65j/YaXxt9si7CE0rVzB/B54YlYupjXt-Uytk/jC_n_w2gfuQ","https://imgproxy.fourthwall.com/ZiAzuAZKwOzOFG7V8Iu3O0EygAOwAMhU2UGv5ZoYxko/w:720/sm:1/enc/EQgiTkBtejatT8xE/mrlcxrdyn1nGCOPa/rL8rr2u41Eryh02y/-aJdyyrV7jt0gMEp/GPL0_zja_9bpEiOF/n4n4NOBwdNugYny2/IpIahW1Gv9ZRwII-/Uv9x5EoWWDJDKANa/EIGW4Mx5TUCbjSd2/MtgzbC1ZcMu61fZI/ZrlEj1SYVP0RAYqu/GuC7KwkRnNqGMARq/yHVgkzhCQbiMnWx6/Y1tPMVZwDmDJ7R8q/G3wCu4UbAUI"
"1771750842-82","https://eleveprints.com/en-usd/collections/all","","Pastel Pine Trees iPhone® Tough Case","$24.00","","https://imgproxy.fourthwall.com/3gJNueI1EzpeKY6NPQV4RbA-_Ha64ToyzTw37DbCi7A/w:720/sm:1/enc/omoPUsKguho3ozLQ/P-v2a9BLg1DkLt0m/9sMzNOGoDJJBfzR4/5jqfG0dAzNPXrbHk/A1GFwcOQSB-rp3T8/vkRzs2nIQ583p-8I/0zLECLt9WogDmqRO/F3KN_PWx6wEzauJt/Zkqg_PhCcLcX6EPe/ol-MxJVIR8vdPXnq/uLOA9ClxbyODljk2/xm9QEbCVl8kitP4I/TRMjoidX4nQ3tEEH/ZjMxU_Ix2TyR2ipi/K7T84AvCgc8","https://imgproxy.fourthwall.com/n6dCBjLVYvRwGrIgqxlO-SuMUUBYgDa6r8lX4IS5n_w/w:720/sm:1/enc/e19dlJRoMfTxscIq/1eiE7xEEKayK5UU4/JxXQyuea0BDdibvm/WYSnbojvCKvg_LpD/yTGAK4Aq7LB2T7W7/ZfDkM4PuleNl6_Zm/qHO_JY7nt5ohvrEW/UFMo6h6CqxsaHIFj/afBbWc4hfd_70x1C/yH6xH9LtbWxO-Feh/rOCd-YKhuX148QMv/0yY7MMg70AgmVksF/W5mC31hzoP8x6MCi/khiiVcHQsM4or2vi/SHRjUKWv2r8"
"1771750842-83","https://eleveprints.com/en-usd/collections/all","","Symmetric Blue Geometric iPhone® Tough Case","$24.00","","https://imgproxy.fourthwall.com/vpviMCGG7syr-bCvu_-Fe4uhe-uIIj4rypER5a5WyRY/w:720/sm:1/enc/KqbYFHH5FDp7MPK6/Jbjzgpmhjk5mSTn6/zQHQ_qYv2TjWQaQQ/p_SDDCz1-6CttxC-/luf_RCuFB5z5HKZ5/o7xDs5UvcNRZFQtH/HW9Oa0h9Ckfe_x0c/12-OyNxAyTvXM8ms/6xO8Vwu36Ow2Bw9F/4w0hCcprmitrjh_Y/PAaI94SRr_qhVZlg/xKO_-BVqbHzLNDJp/bpsVRETi6oxg2hNi/fpt9gqOsA1mFvdTZ/sq8svjEFl3o","https://imgproxy.fourthwall.com/PHNMB_r1F35IAu3-pAJmmggAiUIIl6B9mwDMpJ7r2SQ/w:720/sm:1/enc/TlAb23ylcMf81Kzs/bAEKX9XbTF5hD8n3/zXiQituik26pDW96/YxAXiTkiLyyuELlQ/0_IOU89ZMqu58Hu6/O-nlbMj6wLWwPRvh/ugllPRqGrhUHtKOp/RmXLkN1Aat-lNS9o/dK0P28IWdhBtPlzx/3sYkEALwSDdnsk5Q/SqVYDxSYg0AbgU96/dTSq5p2OKk3lNHSs/RuJg0lBcuuPSP7oD/iy8VBuliMi8D_hDE/mbW9qaYStqQ"
"1771750842-84","https://eleveprints.com/en-usd/collections/all","","Ornamental Holiday iPhone® Tough Case","$24.00","","https://imgproxy.fourthwall.com/-ktUyOkHcclg0pIenE0HupN4s8Wj7GdkbsLqktx-XHg/w:720/sm:1/enc/XEe1CBVb8v2xfvdq/Myx1On5rlwfswEFn/uVAUX1gAZc5oPuNN/BftQ2OgxXUauZWVE/7efgkQkzEdbzOTi8/WbHr_rTw1HZrQDwW/rUSmokDAWXULpQKI/foyYRJ8fpCFfUEKg/LV2Q7bNhnRDBo-LU/FZAVUZix4VKLtwg6/KAHLtXtMGnyBo3Q6/1ljRiVJIMTf57_TQ/YdpS3s_HFyLNxw_3/hxVpqjDLKlis2Hd8/SVC8EPhZuYI","https://imgproxy.fourthwall.com/q1JTTMU-aQVO428KYLhfjkgJSRDlyXtFO_IvqsyDAFM/w:720/sm:1/enc/yF9OsRzD1rhkdfFB/uAGc0q4d6S_0M02D/9v8uwejcP-S2QO7G/201OHE7srbVRn8YC/y_1FpM-jVPe8-iaI/kDA7kPQCPudmyBK1/5RKRNsZ_xQ7PqJH5/cAgNmGFD4U8f3eUV/LOElxKspaUfe0C-1/oPQladItc34o_w-Z/5HQd4tsMkc3wRZqf/mWyTgxVSSu8u_aP-/y9XMWu1xjYSAU-VA/FC44ZMdcttTKtU0j/7QPpJXLxF9U"
"1771750842-85","https://eleveprints.com/en-usd/collections/all","","Botanical Bliss Tough iPhone® Case","$24.00","","https://imgproxy.fourthwall.com/FG3utAg6Jf5kK7JhzkToPJ8UODeFOczwDGDcPi3TWKM/w:720/sm:1/enc/D7RhIS3sIV6DhEv1/XEwuKn5_8BX96-1y/N-lwD6orFeQTmE_m/8YEc_EaJGmxHQmDR/IV2-b-TPhDA9ya44/Sv6_bnCHhXRW9e-Y/4HNH5riuHpu2D_yg/ilCpwDWRbX0qdnsg/f78zCoohWRuD9KOn/hDtBwdDjnJZIsgyY/jsIWXbC1bG7DZQ9L/1NJ7SXJp8iZ8uaPk/H-MuLLr7nVyFCt28/TcyNnzhq2NRCgOaq/b7JFz51hvS4","https://imgproxy.fourthwall.com/V2JnFqf0Pl1aXWh4ygZt4BEIFh3nwm8bYxpyW2VAG7M/w:720/sm:1/enc/LlVh0_WUgQwAEidy/aZJhlsxno5fHsPOn/Xe2qCYAHIHe4uELP/CNMmiRzllJoHzSQ8/-EtDBqS5IoABcU-i/HCAQbemwv_PMjU2J/wYBg2F2td0dOQCbQ/p7PCoBaVvTDoP1Zr/9_GxuLBIkUa0sBMw/CmCNHIyTHh8Be0x-/ab-8Z5BZHXRSKlFQ/4dSYOaB0KJ479L_g/uMUpZkmhDeEwxQED/rkuieA99FgAY2xQ4/w13yg3LXpVg"
"1771750842-86","https://eleveprints.com/en-usd/collections/all","","Branches & Berries Tough iPhone® Case","$24.00","","https://imgproxy.fourthwall.com/Kfc71J2SUUhuMKb9230mpSHiBCUBhoLWk8QafSnTS8E/w:720/sm:1/enc/rPqpLpm38HS5M3k_/Rr9mAvOdjFvjH4St/jPSCS7asBrYqNEw4/mNr68Iuac2uGI5SY/XfFN4t2F0stpH4WO/jcK5hEfztBAJQcTU/_OHESfTSrT4y50mo/Ha3shXED274rI4wB/xaWcw1ZIffliaBPv/8_nZGorYH5FK7wNP/1ZvAboz3-bDqsOr9/7oH_4YKMBxCYm5nO/Ikuml2zFQq9W6cEh/lLdnyN2eCMhunt6_/9c_vuEEIO5I","https://imgproxy.fourthwall.com/i0eTh7GW76KBsVQnWp-U6DHzQQgkonucK9oyBRtIMoM/w:720/sm:1/enc/GENr_9zljP-pf2o_/35FDF8hRFWdqEf4Y/KY9kB9raSF5gsF7B/6Jiwt95duKLGxYEy/yFW5c6Okat4Ee5Jc/NlQKq2cjvq3AdQCy/9vPJr1AMAuBAHake/wF3oGnO83VY1J4E5/JVMaznSlNNVcgw4Z/VwH2w4e6qQUxu7oW/qIOi2-hs5hn6z57P/COMZuSyHBicppj_J/_4JrYtqCzYq0yxiT/iY7J7fRlufoPYnVK/splQPhKypv4"
"1771750842-87","https://eleveprints.com/en-usd/collections/all","","Whimsical Tree Pattern iPhone® Tough Case","$24.00","","https://imgproxy.fourthwall.com/SI7xSS2z_UG_45-GiN3jH5UN6K4luHD7QRjH87-gKkg/w:720/sm:1/enc/M9JpEq61YxuMKS29/jdW9n0VeMiqDYoE5/c5YC09axiVO1ivxZ/xen6gYHksyZNiHCg/H2MDhrOkxHfpMGio/Vl98cEFagqDdngiB/HqAo6M6a-auqhyWq/soP5_0UME7cNKG6a/BpdFNvFYYY6-uyMu/uquxyDCXrK5JGqc0/CTkXXhunkJwDPO-r/Y4l48mXW9OuhK-LN/9fcHbc1beLMN-Peo/lBPPgpzJErb0kGED/2m1VGZrw4bU","https://imgproxy.fourthwall.com/AbaQG3SrIlEWXo_ZjTIi94S0b0P0nQf31uoCDnPIBLc/w:720/sm:1/enc/B8UTnsmyp-r-vt2d/X_0YwT_SG_Xg2tuH/oaWYEYBpqYNJcP-v/Hq_k0JmrIMlu1Pks/ShIPDo_Wm64bUccJ/DunqrwXeuyOzilPF/AvgkUiTYIiqvuL3R/kStcDhFb3jSCDN0e/7wiXDKkixU7H0UVS/E-X0_LWzWP6QzAv6/w9yZ3XuWW8MllJZe/LwnFlbVSvvruMJBl/b7HtH4u3dP5qQJM5/7XNn-XuP3qGODxFN/oKi-RJ2bVa8"
"1771750842-88","https://eleveprints.com/en-usd/collections/all","","Palm Leaf Paradise iPhone® Tough Case","$24.00","","https://imgproxy.fourthwall.com/uhgixYwTaiuE3XPI7j5pEWKLC342ljCTSC4AlrnBbVg/w:720/sm:1/enc/8pyRjeE8JBe10t2E/Go0SWj_yzgBvxvDN/LyY0QRh3j06FE3im/g1i41EWVv3ol7xne/KoPb4II_9oVJ1Vlt/NGZddYjDqqMgSKc7/jw9T68HyZy2AW3_q/cd34LYwYe9zHQCns/Oa8euCIkM8whfSiz/0vgFnYpe80pt5LD7/lKidioiM5FSMafay/lw9BuzSSjOojcMou/ts2zFPPOf1z-KsD9/CpqP_nnilYTZt5C6/OsJ8wVxH6wU","https://imgproxy.fourthwall.com/vOnasiEPpi-Tud1po-TxQT2Yagj75f6KJsxzvDMrd9E/w:720/sm:1/enc/NJM3Vz92ZpCq1_vU/vf9GmIEJzkhXW53G/cQrXqxgIiEUopuaP/6XOQbbz8CAKsdIJf/dCI-dqtSvyg_E-6l/ElLUirjMA5lc20ro/g-tOzlbcydk-IxkO/vAoSxWm7Abqpd4-x/C5JUB_l03ibIXV8U/__QQPhiYJ3SyixM7/M4LZ9cQOmHVwnFRo/Sv8JFyP9FhmgQWZ1/fkvkABQXBArYs10P/QA-1Kdc7YAttc4JZ/WcrG8KqPuOw"
"1771750842-89","https://eleveprints.com/en-usd/collections/all","","Organic Flow iPhone® Tough Case","$24.00","","https://imgproxy.fourthwall.com/we53LkGjcIlj1_O4YsFGFB11mUKdVmiCgeRssyH11KI/w:720/sm:1/enc/lF-NupwwOUDEnxd9/XROpFTDC3A1L22ku/qCxNhdlbREEHnQDu/FRT35bJWi9QF9AJG/A8BZVtqF-x1xxfTF/IaEMsorBgAzGdiKg/5O9BjXP9K9RjQFh_/xOv1oDtZw3hGzzSj/xwLAX_SHOM8ok46Z/josbHqn-1Q22HG04/9_ucOHZ93YjHmZjv/PCIyMvhxvioBV_Ny/MqUovdSefxE5xP0d/sfqF-EnNLBHuMrH8/fKOlHYMpuRw","https://imgproxy.fourthwall.com/26G57kEwf-MvNyD6_ute9hobhfgIN6xibcWWpkMVgvQ/w:720/sm:1/enc/ROTV99dzAmvr0W3z/jZrQbL_ctXRuWFxd/2O9xjR0vFJsl_Eyj/_NVDzCbGauNW-doj/78zJaJRXnQq8HJY1/GTzxP6YoM6jeRt1z/zDh31HiQ5mGro-_a/nkggLjdRLeHG315j/dmqkxIZXEOkSwIo_/w5O_dPB_pOdvHLnW/5uiVRbADeQzkV6qn/nqmwXVOTEYrNkXZE/Px6wz2KEQupOVwOH/qDjIOe1QtC-xaTQU/W6yfB42s4aE"
"1771750842-90","https://eleveprints.com/en-usd/collections/all","","Starry Night iPhone® Tough Case","$24.00","","https://imgproxy.fourthwall.com/KYRzULHq5dDGd2TZ7s_ENP94hTcTnW4xA-Eo2galT0E/w:720/sm:1/enc/fjsc8Jk0jNhK0MA6/OJPESRJ2nXE-8-0c/tqyh0OTaE_VtyDhV/OrQ95Jpg11NGq3jr/IlVq0xLZOHcBuoQq/EGMgy3gtkPDNOIni/3FLK3TI0sfQ0n0Oe/mpKda5LH9irs1Efq/oIG7L7qZTei_H2kN/DKV1_LSpVugn03ex/4l8X87c92njqX4dT/dD_TOx70Y4xyZ4pN/oqB4vIeKKsQRZKDh/OE-Xs9vX294vchUo/aj8zTvqtKj0","https://imgproxy.fourthwall.com/Xqa3Vv2E6RDLfqHwCvZE766kfrw6gFd7xJTibjtXFwU/w:720/sm:1/enc/nXV9xJ_RGRcxjfqN/4YFeSwQ_7ZYEEIHd/y0fq8y6MLHP3BOsI/a99y_rU-LOC1AT46/oI1cXrt5bwrtO1yt/XOBTCiKY5eW_gccE/EKZ_bDtks-EyrKMW/P6pe9WOvIWTyl67O/dDW9yzILubeDsG90/tJRbEyFKeGCOPab-/XrjFecp51VV-urbM/_fpzMiicsWM5Le8n/cdPIL_eQ2W8jowMS/mmUWEbGyZXtgk8p9/MNhoYF5zc00"
"1771750842-91","https://eleveprints.com/en-usd/collections/all","","Arabesque Blue iPhone® Tough Case","$24.00","","https://imgproxy.fourthwall.com/RlfRbVOFhqLXSnWYIV-xAlbeg5nNx5ig72y4hwbp59s/w:720/sm:1/enc/DjI6f8dNWmlxer9F/GXbteywdfXDyPnpa/en5-s6LnYB0Tddyo/LMsqsiM8I9WLiIz2/ox2SNPfj1p0fqJPC/2FXjJL0rg9VJMFMp/qtocB92Qf4Pd7J3a/tro3xkietBHNc4fr/UXfsmrxkem9kKT89/P0rPcaLmIDfVY-rl/qQPhXEEcFpLQLzdX/XS-dhjJSTCV3i5M3/Ar6QhbKUI8Q2lMf0/EkPc4zT0-VcdedYN/dzQWHLJpn3I","https://imgproxy.fourthwall.com/i21f0XuckE4AQ-m-VSAj-qAHhCjxojmckScY7UqzaDE/w:720/sm:1/enc/TDO_7d41B7SjLua6/OZOjdDwsIzkBriee/Ex99yyf0qRrl4nDP/lIKVs4Inu2vbxP6H/YNkOOvd3Q7K0uc9Q/I6sBv54pupCMBs8C/Xg0xtNpJQiBSq4DW/_eIdhMFgK3gram3e/wI9CGTfVucADjcXM/HWB_Z0W3dt2R72W0/iTRilK5uYRSNVguA/c7k3GW8zRifPZhHi/U-zEjS3mCtr10LEs/h94TCfLjrnWd5Esm/SLbPiaS1idU"
"1771750842-92","https://eleveprints.com/en-usd/collections/all","","Symmetry Fusion iPhone® Case","$24.00","","https://imgproxy.fourthwall.com/6uCfyanVLryvypcbWW81uQZw3pJETnwrB6nhzX56nxo/w:720/sm:1/enc/_YXx7JX_UW2gFJDR/TnBlAa6i7PUuadsz/XNIHuOIqAyjMmR1X/SEeHwGjWNVI0QLC9/XiQdOmBivk6gCAwK/QnRnhaQdiE_oTuOR/qnBXYGRZi1rUWCWN/tN3Z9kZFodZ7fErP/ZBmxoSagrcijyYrC/jgtk1T6S5N6KKRSs/2pW6T0YPI-bIw1OE/EQ-SToUDzNt1EO5I/-8j_Ci_1noCZD57J/i5MFzVPC0JQPZMfF/PyRHypp9r-E","https://imgproxy.fourthwall.com/yTxQsVUjRTwRNRZG5eJS3fjA-z-rUweXrIM6UedUJTQ/w:720/sm:1/enc/15T2ysMSSrUAgJUR/pYSr0MioJcHkpYF7/EZo_mSZRJcNb3f4_/O_ArJMbsvd9EpoyU/YQHYRl-o_u_xSGl8/a7HpdEKolnjGS6DH/KZFVtNZYxvucyCqt/N8drCkTGswnwB8hK/EjisqRDM7ar4hwE6/rAIyrm00IXJMBMWc/LeT6E2XkTbycu7AL/yGOOdT2Sk4150SUd/xfh9TFYUd0of36sY/Iq6uuxKI0fMz_021/XbxkoeQevb4"
"1771750842-93","https://eleveprints.com/en-usd/collections/all","","Starry Geometric iPhone® Tough Case","$24.00","","https://imgproxy.fourthwall.com/B-e5HTCuDbWxPNmF9OtqbzOpIZeg59Hs6hWjyu3rRxU/w:720/sm:1/enc/gquTLqn0aDp00ka9/g5fqCRSsn06EIzvR/diBvqokXBZ9GOuUk/s3Z6oqk8nmxfNSlg/mM8U6szxKKtFjBl8/bjhJwOfHxwooBtNi/HRByRTHdmoZQxTzz/5ZnMPYhuP6CgZd6k/I3RqaxRZ0vNJhom0/aMLYxpo_n5_5gMGb/wmCdveGK3deur88z/P25RFIdJ08-SSYvI/BcEjp97tvf_ClnTW/ObVfgi8KNtS5uPIy/oq3lz1bVawg","https://imgproxy.fourthwall.com/TipTtiU91SYKyvnFlbr0G6DbfkLwdm4nfyT37sB-vsU/w:720/sm:1/enc/vhs3fT9vr7kBfpYl/UsgHAumzSJBst6Hm/9wrqMKtSwM9-BEjO/1NiGAZwu14JpGoKk/rqdmEOqZguMRre42/GKkcxp7HAK1HOqMi/X9HCBN1wfEat63L7/3E3v7mDcU7BjH7U8/U9z31iTUrz5cFCMV/nlDbXFoZ9zSCNJ0e/paBcHHzz2SmCbhWX/PKXyArliF5v8oRJQ/71ivSLRozvgIn-ct/NK0jEeGFv0UowGGC/2NrVWSUMNdQ"
"1771750842-94","https://eleveprints.com/en-usd/collections/all","","Swirling Spheres iPhone® Tough Case","$24.00","","https://imgproxy.fourthwall.com/DKaTNBV7eX7B0uQntxjDtquVhTmIePaN56OaagT-O4U/w:720/sm:1/enc/2SZ24ckrWNFC-sdl/xAq2cTSclmvse8c5/d1NzNuFwDyUyioVm/JYUxuKJUsvcF5NAe/SbbvPk7SbkGvLxTT/94PjJp-ewbyMtjoV/YG6sdiHTACXfH9Ys/XMIl8kBKGZenj4DV/Io9hyH5ON8AD9peG/TAYMhGtrnm_VN5O0/EaiguRzwMEDLtd8q/iPLxaYm4NfQKbz91/aFt9fbf0R7ei-V8T/8c8mufh_SU9009dX/oaMwG47ij5s","https://imgproxy.fourthwall.com/2mbVyw6MYMK7VWhYyP9ORnZG-cHaYqjQQKNrBpf_9rg/w:720/sm:1/enc/1ThkRCwFegb6jhCv/ZoQmXUbOAgJ7vgEQ/nDGYxJtGBFlYzfY6/15GVc0BEX005r5Jd/7avxHkumHvmBP4ps/SqbJhzyLPVaCLJem/D7AaASFEHdbaTydM/TBtbTLf7RfLLK8ao/asY-hhhtRIPJ0A3R/-hY9jx_aNdVKaKAS/RnqoVtc24Cn11LLH/u0FwsVDv8SnZywz7/Vvsez6orM1LN1hJh/R1YckLK8Z-o46cbr/QnT1ZhLcqNA"
"1771750842-95","https://eleveprints.com/en-usd/collections/all","","Topographic Teal Tough iPhone® Case","$24.00","","https://imgproxy.fourthwall.com/2-dCrdRjUIfVCMPgxOfT1a2fNHW6wMLDvKidSKkCUN0/w:720/sm:1/enc/V3XThP4po_Bw92Oh/P6H6l5jP_Wa0p0cK/f-zG64SMtzk5L1We/RQsxiBjmUJgDIX1Z/vIKDYwKXoejkAv2a/_ueISpCzqaMxTYh2/WlN_H_0seKNfD76I/OMWPS_kIjLY4cxF1/kojGNFyvxhixBo8W/omj-AkBKdljG2dvD/nvHFqxbz_soQQXff/zKBPc-9yTFnvUtAe/HZtchRegIxhM-Osx/yM_FdouhOEt31ye-/plW2TZk3bqs","https://imgproxy.fourthwall.com/Q-NhdCmzcGqyQFBUqwMvT2tRj0Xb3rZvw2ufKBnnwkI/w:720/sm:1/enc/UA_C1t2jNIsirVzR/EWd0pPovildVhSpK/TJi3JvKOs3JlKwTV/SSPTqxZADI9eqBL_/qeLJRWEOQdtSjSaY/NEDXifZJ9j2ifFvx/74DbnZCPfYaoKKIP/jocUd7eqYSpf2RXU/xqm-oD08O1KOTkmV/luJ-yh-qodQ9VwAO/Bo55LZzQwdy_HIOO/LwLgcAna5ThY5Lz9/_9AuMWgIxZviag0Y/swU9xyVFjFzZi-O6/M5ZXr3Ha8mo"
"1771750842-96","https://eleveprints.com/en-usd/collections/all","","Flowing Contours iPhone® Tough Case","$24.00","","https://imgproxy.fourthwall.com/nRw3MTp2P2P18lsvf3NVHkwo0dnMlkspVisXV7sP0qM/w:720/sm:1/enc/wlmpwzgmsRHbn0Dt/uemEz6U7R6uSvYO-/LgzOoaUwqIEPUiaX/AUZLHDF8D1YxtGQD/D3ZVouTvbXD7xVbR/Df_OrCDlddXnkCF7/s28lhiXuNG2F06ZD/qnqFkqOct9C9Hd5Y/aP4fem6KBhTqREr5/Mo9SPdDTkUbJ78ig/qQbgmH1vQCoyNCuT/iVYs-yZT3cOZBjeh/y3HyOBXLSPQ2QdC4/nfU2qaahNCyCbmcH/jS-zM9cZgWE","https://imgproxy.fourthwall.com/aV-25TStmFMDgRTNd-gFAVoI75W1F1poRbF54jUcOao/w:720/sm:1/enc/HYohHtoCnRYYmDmF/GzCk10-HuEIUAe-x/vmmg2CBaKOVPAgSQ/v8m-StD9HBErS9XH/g7Kw4Ou47dyhQVLn/t2WwfYWctzXs8BpH/GbI9zONNMmJR6Gb6/jO0vZ1-PuURPLExk/0Gw7UPg7m5D5yoHC/i6UqC_Dlq-09sibW/Mir7ImvIsJHYNi-H/KnKRfjc7vZA9_CYg/1wnXEFLZOx6pK-ib/IGtzvo1X6OAvOhVb/cIrLXf_y-DU"
"1771750842-97","https://eleveprints.com/en-usd/collections/all","","Stylish Blue Leaves iPhone Tough Case","$24.00","","https://imgproxy.fourthwall.com/ZvG2NC9uKKBqR2pMn-2ywq892-YakH6TI6v35zx1qeA/w:720/sm:1/enc/k8D4XlrrZDmn9sHo/Nn5ZJqSVIZq-JllU/z-1yU1Waksez0JQo/a7CSlM6XhYS6kxwc/59hfKm5EzjMJHecw/XNNJ4Me7MRjlVVkP/FZ4lV5H3LLKqDqi2/sKgbP95fPX2t_XxJ/uUIyEzydZfVor-WK/tWfNvJqmESxvoFSH/Dig4dJTXAx5Tc14H/52Y607cJxAEu-K9L/vOcUYFulRvSd3ppH/VtRy_lJiy9DMKFod/JKbH2sVqfek","https://imgproxy.fourthwall.com/_Evmhn8LJXXwK4F8Vh8FJtMikNABARlM6f-o_In0ZXk/w:720/sm:1/enc/JwJMahYJhGiJdsc9/UvpFGuu_6CV05vy8/7NLqVfn_pp4BkKXD/SQzmFKws8dzbGW_h/vv3O4Y0pzk6yv2dT/RuQucADOVe7SwaZt/sr9QeLHbijN2xG-X/d1SqEi6IMGOiUdMh/N0fj5BSsP62uB0Gy/mlt4J9lJsXjiexAf/x6yFeVWqlQduKcXC/epRA5SOQ6MOZEDoc/Jkiq-mTOgqEtkibi/_G45p5AEPJ9lO-Go/Pxwj5XQjg1U"
"1771750842-98","https://eleveprints.com/en-usd/collections/all","","Flowing Lines Tough iPhone® Case","$24.00","","https://imgproxy.fourthwall.com/M3K-wHOjvsELnUlLa50RY1hfbccctzRJKL9P7bzLau8/w:720/sm:1/enc/8XMl4RgxJQ2bnWMF/xnOC7GcSRDbjtAtJ/CJZ6kSV2-J7MNtPe/yeeuzPd-L3fsm48h/tBXPb8HKIyEOohH7/PL4dKitOXtSwf_Ej/v9buT4r-e6V6EZuW/Jh81tWBc8AjKHeAA/qRa9FsPuHAUbPJpu/sX0zWIDJx0VXrpw4/g4DJSHHIx6JMoGgt/PBgT19EMSLnXshs_/-T7dVuhNGsUNmONe/j7ZaEQvBea3skdtx/l7-BaLIxPrA","https://imgproxy.fourthwall.com/dvnUTYreEkuB5KDuC3xdKp-_fRtyesGx-dgWFkG5YsA/w:720/sm:1/enc/Oc2u42VkzBa87eMq/ihlP3iKrhMFXbdIO/6b-7eh-CJg89r9Wf/QhYYlIxUiSSsPDeH/C6LXWNgrBP8XBjfR/WNO2mUQyoQo3PGZ2/6T8EU93iQElQWfd-/rmXwp-dMcWpHN6zo/Jn9QtkU38l_Qe8DS/6JqsaH2GY-uNj2Y3/XGVqstmlpY0m-K21/-yNq1K8_WdImhF5H/8OUBLJK8vFDLUpuJ/bTh9OAAZPU3OiN2V/WAvMey5ZLvA"
"1771750842-99","https://eleveprints.com/en-usd/collections/all","","Mustard Abstract Armor iPhone® Case","$24.00","","https://imgproxy.fourthwall.com/fWIJ8-2AHgxr4vhg66C03hj9uOAIdb-5Ktw2t2CGjG0/w:720/sm:1/enc/9cMlNtav9JmUipcF/bCOZI1PhPF2MQlym/xKem6LI1YJoVxuDa/2SUUeWWlPTmOHnmo/vaTlr66PoUQF2uFd/uFBpZlQQ1V1EuK6i/Pi4GEvOjEyLUKgs5/Slt50dQVLdfhBMUv/uA7mfT-iQ5hh-Qx0/IGBw3KG1ryLwLlqN/LvKDgoKVTLoeoGjw/1pIHn4EUEQTICiKi/ii1GuusfNmIelZ_F/1SM9Qw5NtOTUQqpd/UWEn23auqjQ","https://imgproxy.fourthwall.com/K2FyOnVbSFowH3tjmnzdcAX0qctYxDeY64PS-28XYw4/w:720/sm:1/enc/6pAdZ7JFYGpJ025P/u4f1HroySSrX9g29/2r44p3o_cC-Ss4yR/ypePd1VieZq_Nm6d/5mmMfi2baxBH9rxE/mXkZruS3pygDB3Dg/gZRQwvuhEoW1j4Td/9Sh8dYTiKHMwv0aU/GKZBcFce_EAr66MU/qZzkw24EQqtfBKWm/S3Z_sp0Ms5UkBDL4/L_myl5WnLp1s5GdN/x6sQGM0VE7FPSza8/bupVriEojvOHfyAE/zZZOBJj9cbg"
"1771750842-100","https://eleveprints.com/en-usd/collections/all","","Diamond Gradient Tough iPhone® Case","$24.00","","https://imgproxy.fourthwall.com/eaV70qKlnke9qOOdXHzleU5q42TlhkMRQ9RZicSJhJc/w:720/sm:1/enc/1ttmnT36mBk549MU/lpQDRNlLusNTGDa2/TaKf67KlLDatbBNx/LGHV5jN3uDdja3h3/AO6OmIW8R_uGek9G/3caeYPKHJ0g79pj6/r3yI7_DBEYPA8MUR/HTXbAQoEXNXD3AO1/Zimtk__KzkdfQc_P/W219xiF98yOl2cIl/u0Xitm5PnQCaqROA/2NSGeraeV5uMzXjb/Bq7y5PeDZX6GEG1D/OaGmdeAWdHXSlFh6/UixNlsZtXfo","https://imgproxy.fourthwall.com/O92xqxyvkBmSEGpVUjL6gP3czbAdWL0yESQEVIzq780/w:720/sm:1/enc/wMZHkSwkOh27aDUV/YVMjmFqfv59NmFMk/CLj1gV7HG59DQems/Nz3FQD3PBZ4sHoV2/kjj7IPPW1zEkFVJr/Z0Ak0rknYUbFOB_h/p7vVgcjnLwziAmYs/jK_h-uG_9RR2Goyo/bJHou9uNjbC3Ccvn/lt7IlESC5EcEapnk/yRMRxVbWO0VTKnH3/qc648xTYP0nQCTqe/GrElzElH7bR10MQZ/lmwpUlSoxIjBZDeJ/yShNQRhWj2w"
"1771750842-101","https://eleveprints.com/en-usd/collections/all","","Abstract Fusion Tough iPhone® Case","$24.00","","https://imgproxy.fourthwall.com/T1JM_e5noJ9tO_MadjWpqbIZMX9O_MRld05zCoXR-mA/w:720/sm:1/enc/-0k5pTz2KYiCa_rn/jYZbs1aMBxfjaRgf/eqF3Let-IC0LOlLZ/6D81wHk5OKiKBhNC/_FY0E6jaMtsjpN3D/GmZrUGSE_C8a1rTm/e3z7CtCAxyucv8YA/bKSwbmHLVJh1SOYx/KLtJqcRs_UlkFdtJ/8H-B1FcAGjEKEsxl/rREYt3TH4ZNI-Aj4/ahJiXa20x8Y3KKMq/cPt2eeEpXP2OlWu4/d5cdcyT-aYywkC76/GR_GFR1FX6E","https://imgproxy.fourthwall.com/rToyExry_tEqr_ZeSLXNktPBf1J_cJFPeY4mxGB0N0g/w:720/sm:1/enc/y9zXM3vLB0_Tb5ww/mTUDDICjzCcLVlsn/0VRelyoHMk5gJtFe/N43vVDUf5KYCsZOu/XEdu_tRvtnf0UFPC/TI1VP08s7osM7h_R/IRYRg25T1QTxt-gr/efcxmLcL9V1skdvD/g8-Qrh1_iuVJc9xO/R09eQBd3BtbyO6qK/KzELENF2sAgbIo6e/Mse7lx_ltzur31o5/W0SKnVKOg6C5Xqrq/NsFK_jnm-JtPuNck/gJuZGKL2PSo"
"1771750842-102","https://eleveprints.com/en-usd/collections/all","","Organic Camo iPhone® Tough Case","$24.00","","https://imgproxy.fourthwall.com/JWdi7JWGaxzgwzYl1xfI8pKuJnZV_oG6QTxfq1NpV4s/w:720/sm:1/enc/e1uqck6iGlKASrjx/xme_dy2ZfaG0L5l-/DtlSkZ8Fhbqnf_Ye/EY3NwH8SCRhvGr7N/z28H6xdFJtxSZ9di/i_RV8subD5TIGV2V/UjGu7hJ6l89UVAsT/XJvZVJiZeGUy_JaS/p4OtRZ0pX9BPgjt0/IRYmrSh_vVAQy7vC/YPNihtG3gIi7OHkl/lvEZmvBqcN6PqUA2/b8tSJ17JSSVVZvyW/Vpa0i9NByHmkL2O4/MHNs3vsyFAQ","https://imgproxy.fourthwall.com/MJU_1wjWsfdL83XvUBeGImWq_J_ud79IfoiMe14Vcv8/w:720/sm:1/enc/ShmWOCP2s07pr6kA/agNmx69NYi3yPwte/fzDGlYXkVXxU730z/H-I7DkL4WDW3hHMm/XdufAE_OVdG_aDWw/KnrC4bj0TgKzKazW/kP4u-fMis9xchLqI/q4GZI4pUswYYURU9/m_jmO31JAjIKq9Pq/goki_NXr3mMbVX-f/yWJsRuzjQuk2BgmT/5P53SPWP_1NEo5pi/CH6jopAHFx7AWGpg/7cQNv7c7IV3SBVy2/lBo6-TmdWEA"
"1771750842-103","https://eleveprints.com/en-usd/collections/all","","Flowing Wave iPhone® Tough Case","$24.00","","https://imgproxy.fourthwall.com/OKlcKwPpkuxAoeWQwhbP3ptLAlH2PQFNjQRNSMp1L8c/w:720/sm:1/enc/vDBkKBAjbBSHYaTM/zmdjvCFN2e77W4Oq/4RpaFfqIBVUhs_Ev/VuCUe8EPMKM7G9Tu/yYE3SEl5-Ffvuxwj/pBgdUX503WIdbmni/P1Xi7bJPnVvNQSxB/OVJDo_exq6XEUMAo/D8_oQUHOhRLPx2D1/SS2ZpZfk6W7WcKgi/WKbHfvabnFzTkvYj/W1GxOkEKF_06PLWP/cRkcHeGsrJpE92kF/kxRXyBXWHu75OYf7/Lz_Ln-CSOWU","https://imgproxy.fourthwall.com/oW1Mn0XRfftuqVCBuQz9X2ISJpuy4Cma7r2zCRqS1Go/w:720/sm:1/enc/LG-3rMwvOmkDlRf6/UEY60Q8vqQ2udjWS/Bge_rAQG7xq7Dte-/6dUbd8T1kBQdOwKr/qwPBZORrWYPTuqAQ/EYDocpnQlBYtuY-3/5Brnrm_XQMCaGy98/u_TzgpialfrVGPJG/bHRHlwIiZiEwwlDE/GJ6uqFRFaW7Zc1SW/AcIn9VGonsHVPpZz/a5Pv_ZbDIeUpll2D/aBr5nM3kXzdgeIfT/N99l2SrMGM_1waBY/2eRnWsPXtHE"
"1771750842-104","https://eleveprints.com/en-usd/collections/all","","Whimsical Blooms iPhone® Tough Case","$24.00","","https://imgproxy.fourthwall.com/pmfxMSEZK1J3IiGsmEkToXUJKHMvYY5vwpJK9QbYZho/w:720/sm:1/enc/B8Cx1VSQjaAyxN2W/OiiJvIQORAiu_Xcd/a_tp8kDWCdANkkUY/1m6ib08fEFC8RmuQ/P-9ddh6vT1AwglFe/4WEFVKlgcWZcIhSQ/UE7OkR_oJ3X0iOdN/DOXR0U7f20aLAGsp/zFmkUHGWKZpogxJ6/KMPGbCcE4E8eTd3y/gq_yssfRWUo4Cn1D/SfJLZzSKgEMEkvaB/vOrG0TNik_ybufF5/G8U96bi-U4cMpju3/eRXWQ90PtyM","https://imgproxy.fourthwall.com/KaL7fKTz9L9oeYknBsVyrN9Peb4ENxnIhJrUS1-q5ok/w:720/sm:1/enc/69ypWbSO-vi8oE8-/N1MjEjbQbrPg8wIL/Vt7IivlfhV36cegg/FdqikKca-l-ZJ8Pw/0Yq_I0ogNRT1Rx1D/bJxrwp4q9Ql7SVOA/JyHId6hcLUHX7xhA/jYtCdsFlR6bekg1_/wamcFomrGfQTkBOd/5YCmZj_BOKpINkhU/e-8Vi1_lsfE1eBBQ/TYDsdTZGhmQlhxWP/-3eTakATnCtdEy9Z/bxCp5UBaRsvi6Emb/b_inR93VY7c"
"1771750842-105","https://eleveprints.com/en-usd/collections/all","","Daisy Delight Tough iPhone® Case","$24.00","","https://imgproxy.fourthwall.com/yn9jSQvlxgVWaFQNSPCEJSAbiVT-Zc0y72tCDonO-Eo/w:720/sm:1/enc/Hy9P3EvAJhNXqLhQ/bugHi98aSaKK4LzN/iicPp7w-MA0Nkgdj/55nD6B0aYvXHMhHk/S7hcFh3VKYERMkZK/QvWMfHh_1duPMlGj/__QDHin8K21sZk2I/ixXu5NBMt2w_lJLV/5I4zMp1MOUBu6VM0/aFllDCsAiJhojz84/eVDaQUiKGOF_A7F8/T9Ze5WC7tlbFu7It/h0Du-WHaCNUqi1vv/GwXsSfXGV9XXEkfp/yDT0tObR8DU","https://imgproxy.fourthwall.com/UR4YjImF8D4zY6haroB3M-X_co2KL8gRq2hiAfbTjqs/w:720/sm:1/enc/Zl1AZJJV9OT4TKe9/SJcH2kU7WYAMsIZp/KnIaV_irzNzCP90q/SGZCLZsg3c5zNmip/MAD8gx5hVZhX0eUu/Y2EguKkLs4u7nXh4/uY4I7wnosmSVVpLJ/SYM-vbCpA65PkIi3/rz2mZVUSn8NPuonv/12yBc2aEaKBamaNm/X0h3kbluAJqHDhTp/ZxgPqJwm7gA9YbT3/E-RlbPm0_XKsR3VD/0dYlJNRCs7nhQjEk/2BkqeZjgjYg"
"1771750842-106","https://eleveprints.com/en-usd/collections/all","","Daisy Dream Tough iPhone® Case","$24.00","","https://imgproxy.fourthwall.com/pBRBTv-Y3Kw9Ir7VZoiETv--U6Xxn_bwyniakLP9l0w/w:720/sm:1/enc/ym__COiPKNdnBK-z/w98tSrteqRgZbbFU/mWPyeMGArqCQIWaC/LHy_OLe9JW4r990y/IEtLeE7JGBqKeS4w/RuCXBqMwpV126LZg/LuWT_8Wh2v-j-29-/GeDoT0EG5x69wE1k/5fIRU5yjVcUdQUFS/fMtaXrzYOFhPm9QQ/Fk6X6d4LWh7SPS4K/ZsnTNcoNxPXKgEy8/yzzlqIONFz-KLq0g/CxIS5-1ojNOnIQAJ/G6X5GiEYKp8","https://imgproxy.fourthwall.com/GrMe9omxln-OH5pntRcafwLc--kusHQL0vmuqUOKOHY/w:720/sm:1/enc/NUnv96kYk0bal29P/NA3iu68Kx6CQAe9X/5icLpyG7E7UrFyZd/gI-WaNtrlEB0_hOM/NK8us4BIwwMXTv02/wa9sIBipQF3D8Tvx/epPBgyMqeYEBXygV/S6XP3pYA6WBA8TjN/OAS_XAjz79HSGSNU/iaSRr17A9SBWRMnn/JDrq0P5aOLOLu3GS/EMtnR0CHZ7teDQdN/iqYV0-znWF5FnfuR/XYudIUsSz4yUtURA/H_MGE8_v8CY"
"1771750842-107","https://eleveprints.com/en-usd/collections/all","","Floral Fusion Tough iPhone® Case","$24.00","","https://imgproxy.fourthwall.com/cClFRtVpwfwmWcsto4Q1QrkIyFUsqygNgs6_T5zrV0s/w:720/sm:1/enc/d7-A2TCw7IdDuFIr/zz90R7dcNzxfCHlX/vJqURf9OPNX5R4zT/ebxMGxiZTmdIOWm6/AwhRyS2X5f8kwE4L/1YlKqYl-sWNQgg3k/8XyYRHo0fBJCQLY4/uQ1XLIOC01U6bfGr/4Sgj1KIaR1ontuAf/xeYoJIUignY21aL9/AqjkKc2XGjTvmaaS/zQsC4q019nxENEzD/Kdy9mgtKVCjZl7hq/mtPTbWla_MZEAs-J/8G-bATmClqU","https://imgproxy.fourthwall.com/jVbBOM_cpbfNKmGEt_0zwkv0Szg6N51gr-FRFaI9oGc/w:720/sm:1/enc/82hHKwmgVbFr-kSZ/jX9sWxi-bKEx8bO_/hw6BelyjooGAabkk/H0QB9yl0E1fC9yav/7OuJmt9Q5BEedPE0/XXVUZGJo2yTWJ_9j/o5UrmvrRZXBOm1rF/lf5Yp_HRUK4dnE61/qqtOn1peoHuname1/mhX-HVz4UgqbfsxR/WQHkFvCr58r55Zsv/RCAb8Hp-_jvX7IBD/l_0FBUcG4HZl6mkB/1jiNLlm9H8T_CcQV/ee-Sb_K-6eg"
"1771750842-108","https://eleveprints.com/en-usd/collections/all","","Tropical Toughness iPhone® Case","$24.00","","https://imgproxy.fourthwall.com/Vl1J66nSXFoXo9vll4AKMXqkv8TWevVh1lt8COlXUIU/w:720/sm:1/enc/ZbwZlezRfM9Wd7AW/97_mgSMhyHkY6u-g/DeTPiwQFGeX8uVuU/0rBfuu_EuAm_jEpw/PKZM0rdxl6AA5QRY/1UOPCMXR7g5UnYjY/okrue3IPTjf6HBN_/S4-xQUdWH4i4LaSX/9XvThcdlgGW4rmxY/C0kIdJ8Leo55Mg-R/-G4W7739B5IJZ6Es/1fuNuYG0nHf3HQo2/BKJ46BeAmfp8K01L/gRaV9vQ-hvKbfgSi/HNhXeG6NtGI","https://imgproxy.fourthwall.com/_XVp-LskJH85Ez022t440MuePCkv5UFfLMZL6Gk3_7c/w:720/sm:1/enc/4EK4apXLueLMObin/GR34njDZvoPGvSiZ/f2649w2eKT5XtyjZ/iZfJI0IOeWOIHbHy/tZYBOxWc8m7ajgiY/BO7weKCgKYVJmLlW/Z2zxgoEu346x0MKW/mLvayEVM1VBBeZg1/s4VX6FKQ7TXlQDeI/hr0Mb7eRL1sexWjv/ZmVi-sBQHTvRmQ99/t8WuvKmOUvLpYhGS/rimn3_cFss_7BqX7/k8uTeMoRb1lvrb40/6x5G3vTcwVI"
"1771750842-109","https://eleveprints.com/en-usd/collections/all","","Organic Flow iPhone® Tough Case","$24.00","","https://imgproxy.fourthwall.com/4NUIMdyWK67tx10DWEtCxESuZR1J6DAsdC6l2nitb4A/w:720/sm:1/enc/vO6pSCZTd1PmwscM/e50I5iA_zPic7Awb/SvMJ-S1WfLX6N32k/MgYvQyhjyvnQLqrG/-ea4Xa_h1FFg3MmK/WIfsFhpsYr38uP5g/R9IxxfevecknjWnH/LekgNspkT4M6qSZI/lkW4HPAu8vuiMvUA/xJNFHfVw8U_hvL7C/6hZu5uYM2xMqU3NM/4WpuTEOh0UHEHpS1/DpShOkV3zONFT42y/mOJl0b4Alg4kPDA-/Yg5NJyjZSLA","https://imgproxy.fourthwall.com/8ohENymNgYm5HnBaUX7nijTFSsbE6pVvM0f9mNTa-s0/w:720/sm:1/enc/qQV8MVq1Qq1lHrWC/3VRqLxY2vAl4twW1/Wsjb-BfksyGj9ISA/69qYlBYOKOy2AvLf/pje6RruB2h5NleSw/fcjEsm3Pld_jhzpx/gjTw819ZRFjkOUut/fPj_Pqd6VrLkzO-6/G_tm9rdozNS-sqB6/tNtvzkNLJF1GDXId/f7Q_8HEbm8S4rcOU/UoIAPuL7eKHxVUAi/WJrZ3MqOGJTvlZhj/GkPnVXhQY42MnJV2/LyYKpH04_M0"
"1771750842-110","https://eleveprints.com/en-usd/collections/all","","Swirling Droplets iPhone Tough Case","$24.00","","https://imgproxy.fourthwall.com/CJnhCNey09q1ZI55eD-tgrwnwFBjX4JR6pi51sYLWPw/w:720/sm:1/enc/cAR__TCNatDT3-IV/yYjh8BzM_CADKCIg/uWI7hogMfLtH9_Dq/z2QVPnoJzrgPv7X1/Ez8O0XifuTZPasB-/5LFQ0uXbo2vWpu2G/7CagDcT5slLTtajX/VCTiSx1KD0ZjPnsz/xbD_x3c_3EgNqLZ3/hYXqN9FMXsWVT7E5/U-_1I7Dl3WMXzCsD/oEGMVAwuT-F7Rf1k/tPupQipNZJ_PBMJ7/1zKGeeGWmaOOjwL6/PMDmu8v35FQ","https://imgproxy.fourthwall.com/bYjWXe6MDIZGTubaAbxta1MXE8JWggxC4HpKalFBxbM/w:720/sm:1/enc/C3dr_n7dsN7FzWPa/QzPin1bQlw6k9x3v/Gugezp8lAwqd5oy1/WdBc8sTxFl_ixUUO/cPUlk76r8uvRMcye/22xQMmoTgDWtSw6R/yjNpff568nAbd_Ko/tA2AR9xcSnqj9Cft/iLBQTExPrvbXzctk/aJrGF1osbPH_EEFR/o-9--M-Ip0Kl7Npf/XO1ZJo6_EiHEm_tD/Bkg9bITPG0KECmJI/W-bR6HRGCHiyXC9E/ZojvSNRKMjE"
"1771750842-111","https://eleveprints.com/en-usd/collections/all","","Blue Abstract Dots Tough iPhone® Case","$24.00","","https://imgproxy.fourthwall.com/9TZI7fub3VLxdq_M9upf0xYBv2iYCPd-FLW6LF4n5tg/w:720/sm:1/enc/57h6zdJj5s8nXHh3/MQ4ka-Rc17XKuV18/HhH9uIOuCqwK4OXs/yDhdcIZkxYLW4dl3/WsJP0j_2i1EhLAmP/_ZeVXhHHpRywIB8R/SdyRwNdr3AGcAssq/t5azr7Hq1-gm6B2y/ZWq6K2pcQKgzionP/OAgp93zsWQyEouhF/pexv8ym_GlDm1BOy/UuaBoQE6mW6JEgDH/6cno2H0UtGZ3zJqW/-5Pd1lCPr9tDR6Ju/syL_-y1gkZk","https://imgproxy.fourthwall.com/KAHRQhNXl82lq79WhsZ_MebJSDGBsbRnk9pAk2aObg0/w:720/sm:1/enc/vCBoh4TQjW7jrnmU/DbFpCmt8uYqKoXd_/VnUrpblZrfjuLSRI/buZwB2rjy2yoqYdE/PYK_iIR2gz94nf8r/Jsh9N5h1xSTlLUYV/Uyckq3BrLG-EnIqE/lffmJK55LsFBqhjL/aZdfLTvi_FEXM-2R/RqGsHcsv_UYNhKPp/7NF5nlxqBZ7qiB8Z/Ya2zlk44wXJa6EZU/v1Lb2VZYMumpCTPu/LqF_C07fs9nnm3-S/oiwrZgXgRsw"
"1771750842-112","https://eleveprints.com/en-usd/collections/all","","Dynamic Green Abstract Tough iPhone® Case","$24.00","","https://imgproxy.fourthwall.com/a4dOL456rpoBSe77iRdcBSI5RfOthgHF6_XvlnIuWsw/w:720/sm:1/enc/adk5BLgNsGhcIVx9/_dXAiLQPVxzal3cc/uYHAjUx6Yb3w10J5/gOMl-xSLBam2Tzk-/yDQ7EWCtZgB0MRJ3/1y_T8-EBmrbhmKEj/pWi6KMC498OQU1Jx/hs-P9cCD9_BM8c_R/Ggbofjh2Nw0nElTQ/gr1bp27Prlt-Nofg/I0bSrFKN62orAREy/5YQZOlAWAqrtI4J8/WoZQ3PITaeN5dm6F/7jLuytmwWAM0BLM6/uB0ynv-ej60","https://imgproxy.fourthwall.com/IODDpNr8GhTLiJFUx2BcJCqM34l8Uzwgdyv3c84tE3I/w:720/sm:1/enc/TFruqSsxB0yP891P/FW5yDeOoekNkCExv/JihKSvC1Y5OCLKYD/Fr7YjDlBNv_OCHgF/Wum2JrvHRBvflXMP/fWjBGD3pOspWRwH3/B_fSOEjHWAwI9ahG/wStuyz-0EvoLgZfH/PvZoV3Bueatfd_f8/IvRpJRiFA0r6UHdD/ssk3nVY5AK02T5A5/ociDHOJwaQ07pzYF/KfWPVZnnh6qhDcAU/Efiinu6yTxdWmjfr/Fk1okLOMSO0"
"1771750842-113","https://eleveprints.com/en-usd/collections/all","","Abstract Orange and Pink Tough iPhone® Case","$24.00","","https://imgproxy.fourthwall.com/E7EyIC7z_K-FLUHUfMRfD09GJ-YKwd66msMe3MHhkwE/w:720/sm:1/enc/gFSQCr82oOEtqpAR/Nh2BBL7E86St-EQx/IrvaaurO3lYLg67O/RFRhkd1zxwGf6Gte/6JRtWOLS0m8ANoGB/GTY8SvtXN0tniAuu/1KQMMdak3P912ml7/mnvt5r5QtcChH6Mo/zqIsXGoK40ZXb71A/l35PJZdSaCgaOpXZ/3ut1VuORNjDNZVmi/yM5PmOx5ff0VhTxI/jrl5j1aFVUbWFzm_/Z7EuDuU8gYBEoZkg/JdP-YIOxruk","https://imgproxy.fourthwall.com/kbB8dHfthM6IGw9S3MUQfar8iy2yRhEt_zZKt59wEkw/w:720/sm:1/enc/qY40Fn1OebX5A8iF/roKd93Zgu6KuSqSS/qFtKP5xnZSGcVnze/FI5ksDz_GdwqLYxO/yEB9W7lA6XZlROTR/WeHAuHT3v-hQ4INM/9IX3VUMLiQ4uU_vB/h8jpuY8Zucah7_oM/_d_PgSnx76zqF6ed/gtipp5noHYmd1oYB/_saAmdyVRwFLNDV2/z5OX3Qn9D1cMpMOg/SOeD8x6LDoJbk3s9/c3rGGa6ZhnqPve52/Qczz8iX9iQI"
"1771750842-114","https://eleveprints.com/en-usd/collections/all","","Electric Purple Lightning Tough iPhone® Case","$24.00","","https://imgproxy.fourthwall.com/5j_cm36g4WzglLZP76Cx98I-qeYvkudzdZ2h7UADqRI/w:720/sm:1/enc/aICmFLu8Ain6my6Y/npQUV5QUIPG9c3mP/WXdUB_nio-PGdtnf/-mqnS8p1J27Qii8H/af0mzwQWhFJ6TO4r/aGx7AYpzCMYDApLi/7UM5hiF6NYEVkRxT/ZQbT7oQuBQSeMN8r/cF7wqd3KvKI-zyn7/jTKKPakt8yQP-dNL/ViZfx8Ky82LiueKt/zLQd7UyUrLrKj4HZ/GVx0GMyQh0U2WwhY/_AutyN-C1QPIasx2/4wc0A46nCO8","https://imgproxy.fourthwall.com/W1cvB_We0okkt1m7rgU93eeOe0o-itzA_Mlu2hO9ezg/w:720/sm:1/enc/GLBSacWBI0Gn3Zay/Z0WN3kmoOB_1MC2U/efibUTVWj11xt5na/KSdiTNfyrm9tDsq8/HxOOxhorpi6p2vlL/3Ehi1U4g_I9WQgZk/fsUKz9jms6d4GXRx/d8IIzuyPpI7wktDh/gVbWsQbytCBH83mS/Jd9wC43NBA0iBFzx/C_Nqq9y3zT6aQJ-3/SSZbn_ysg2hfGI_j/H-tyXPhwx_jFlFMW/bEggPn4vaEgdlZnq/0U2QRSpg2A0"
"1771750842-115","https://eleveprints.com/en-usd/collections/all","","Vibe Defender iPhone® Case","$24.00","","https://imgproxy.fourthwall.com/W80L9RcVj9IIoa0WSrjZM7fpkIqwXVNwcYq8JSsUolw/w:720/sm:1/enc/7sb_jlVmY0n09DZ-/hUHOd7If8zbRAPR_/o5rnzygWUIS0vW4p/l8RDEp7xre-V8eoE/0P6ygN4LXybGPqSJ/BgauHKalAH9fI5Z5/r2263vPrvykLuEOV/Kof1WizG6ynDy9aa/bx7Mr1lnamLuviRP/gCeGlTjqfYHbVx0I/XugGK9yKyQOnnuPm/ID0lURoc9CrcLqN9/00D5wS4xKQVODkY5/o5wIKjGj7JbOcZy3/qY3ysxZoRMI","https://imgproxy.fourthwall.com/4bQaw9gWI8RR4f8YV_cki9vPPMzWhkMHl06jQeu_wJQ/w:720/sm:1/enc/F_ZtdMFy9MPeAemq/aapohyjl7G2cKiue/MHkymzdM7pOcxbtg/emMccEQuvt1ZZ8zg/TNBr74daLhpzyc-w/AvP613px8g8WnseI/sqph-rdPqr9bHDBM/ec6sGRTofxsQRF4D/xL46tEFqVRRSCtX4/OLdGlGQM6PLTz79c/Qiq-gyeMCo6uenz0/n0wlt4AMjPAl4Pfl/1eyvLmp78pvUEZjs/kxWKc4dASrs6RpcK/aHhqyZsgbzo"
"1771750842-116","https://eleveprints.com/en-usd/collections/all","","Symmetry Path iPhone Tough Case","$24.00","","https://imgproxy.fourthwall.com/IcFmf8I4S0a2oKjYVPnTp4FEYnvnl8AR7cpmtHbxjZI/w:720/sm:1/enc/FOEYpMfcupj-8BY4/1LIR8R3VqO0w5_6F/uy3cyH3HqbSbEKMn/d9vDV-2-W4ATYz0x/e_OwLYp9CzOM-Agw/WaAtybNxd-EtF8tr/MEL4EhwTYNdU9cdk/-Bg-qQmIpd2b7BCb/lwrnzdJHvZGHRDWk/PbBqw7aJbsg_Kiz0/dpcXZ9HuzT47zwTd/gCI-Jwfcml_Tag2p/HZkH5MfvJcxebo6H/Yg57-pGEVg2jpSVR/iLVWiNeW1YU","https://imgproxy.fourthwall.com/cqbqmolu0DawOermv57QBi-0grs0QoHEGiXRMgkPVQo/w:720/sm:1/enc/8EWvj30ZZfpunBXS/y9pOVz5OXsv0pviD/Oh5z5sorjRNUQut9/UBX1QIud0nz7vxJL/jCjonoqNDpx9nbqn/LRYHxbJ3gF2-5gme/tsBuWhtxMN39EzX_/HzA0AyP0arBXfU8X/VSIJn1gP0GSNUddk/eO6rhiVSwuBi9nyk/UdF0xEzCI9MjItTA/WQ4TY5cjIVSFj_sm/MSpHapoObtBH-FK6/Y7ntAeSjna2rAamX/c21jN_llycI"
"1771750842-117","https://eleveprints.com/en-usd/collections/all","","Crimson Vortex iPhone® Tough Case","$24.00","","https://imgproxy.fourthwall.com/jT54x8ajGMgMLl6WOgb4lG0XeVGW0ItQWE7omGB0R30/w:720/sm:1/enc/FTLk7rVSxQArv-21/hzCmAsVcX6qA3fIa/nt4C7wMBrkmipl8H/1SQ11PlEhS5yc0U2/ekJQc4qEHa11tioT/6Og0bKBLwFO6u0Vo/6DZU6Gl3qEG1-QYx/hVUpu2XcrFiX4Fv-/s4Ar5-xqFJ0vYgsK/cN0Z-IB-p_LvHlOC/BFogvZlaXCFyJ6pc/hIUZzghcd7E6vxRj/FT2JY0VH6tHiqzrI/QtTQLC3AjzJJKJdD/-5kV6AdqGEU","https://imgproxy.fourthwall.com/QknwZByOovqjWqW_JPDG2RzT5ZIm4xqAXmi79KfeeSE/w:720/sm:1/enc/t4vs_rQTweEef-M2/-2c0bWwlqCivZrSf/ThUEA0_nBkAuV1TK/NuuBWGyW_8jSXO6s/-clIq0WOJUDehenY/mVNAA4EktN0Afcp6/UU9rr4JTFZlcTVMI/hcjGoYvCPPJTitdc/L8MQRwLaFW6_LPW8/igjiN91xWsRZ-kKp/USZraHhUW36wIAfu/NmunI7V3yiD5Dwi_/ZKxgxdz1N_OtE88g/owDZXarDV0ZSeNUj/47GZ8YVXkD0"
"1771750842-118","https://eleveprints.com/en-usd/collections/all","","Arrow Gradient Tough iPhone® Case","$24.00","","https://imgproxy.fourthwall.com/3fKJ1GX-Seg39q0Mf5t_fEPYQSDtvoF_A65Y_NT4N0w/w:720/sm:1/enc/IFEltpw4MNcp2K-o/9QQJkuzMqcvIxz-F/td2ypnQrwsAGpo1R/FhjvY2B2Jb5dgGKy/7IZOFJZBX836vyuO/XtLQ-WPyPh7-UX_D/G4CeItGJmhcftHYo/CgOzDrO4mAdo3dOH/myROg2aPP9aCPKgO/x1LUfdxLtrL01AqY/If6vDKBjLeGLTVIW/dv7Nn2XyUuGeGSyT/Z3EWlrH0BOX7oXOL/OzH7z5p92gt9luFz/3LLhRNBkOvM","https://imgproxy.fourthwall.com/DQszyBTNIdoUYbRf0Q5OqLDUAkY6bYJ0mesI1j_4GqM/w:720/sm:1/enc/fcf1XuICJLJyvw_f/uDV57DxWMYtMJggJ/APHnjjVU_w5m3LdA/bs30O7cFkX8tuBWP/43c3EH27Jzzz47BP/7bSmXoutS_Z8YcXP/kR2nV1Af7nnUq2K3/jNUWFnRXDpeV-48H/pk8ecF5ZWQjEeJlp/Q1EtJ43KJUa5B1SD/Xp62dTIbn0Ogb9l2/tJj9dhfZipOd4vTD/zwEoO1KZo6mspNck/KCZmE41l7X0kt4U-/OiUeCcP4KYM"
"1771750842-119","https://eleveprints.com/en-usd/collections/all","","Chevron Gradient Tough Case for iPhone®","$24.00","","https://imgproxy.fourthwall.com/6xjeT2FLLE1oKKoIY8gmn985OVAYvTtqFgZW7AT5nzs/w:720/sm:1/enc/8QgLMK0YdiL-7vJN/LbTp-zop8Pml7uYs/a_9gK1UnsTkmZu74/QFH9C9LTsayv3OOn/H3aQvIGcZmok30LT/q1aDSJs48s6haUzu/JVvpGpm4QAS9QRWb/wraXpKl6JCLVsNAw/Mc5dhq_sCp1TpJBs/JNNySSWKjhvZz9om/4Iw_n1bGnNgx3iqX/PE3BOC2CrrDtD5I4/SFMHK-7F4SJdT71B/ZK2WgML8rlDukzm4/4_YVUU8hr9c","https://imgproxy.fourthwall.com/tpgAFabmcRqgXTA3IpeDm1S0StepNxIj3d0Otp_Z3uM/w:720/sm:1/enc/S4ZVwyjD0NQRvlQc/RHI-OUCg69gwim2v/rfcmZ2SDIFXFL3Lq/ZjRhtEFSF6BCYBJi/oge6P3ZLxsa1rqL3/_GgyS2IX79XaAvys/DODo_ZnnQsOtiTjs/ciS9ozSLk2R_hEQk/qHSlx3oRR24XvVO4/eWVjQymfg3IY96bN/kyc8j9fEb8Z1m8EW/dNYscmhCT7kQG6Hx/nOObeKAwLUfiALNu/ocQHQ1Y2-I-S2I3M/6NKDaFu0SZY"
"1771750842-120","https://eleveprints.com/en-usd/collections/all","","Geometric Fusion iPhone® Tough Case","$24.00","","https://imgproxy.fourthwall.com/pmWT8ajX---p0ZvMf9vJD_gl2FBtHgATP6tLFFfGmtQ/w:720/sm:1/enc/gx4p64XFCvZQuBTV/XmW1ohriF75V3sCr/xlWXM-IAb5TmTbma/K4dYcdb0H3xM8dyg/u3PNPMIuOoAbwIhi/G_AnYQU_BvFG7cpW/kefNFS6rKnQVAvX6/i4gAEdlekCqraDiW/SdWoW1h_esWL3I-6/Kuw3dIgqcyoLhw9p/BU45GtvJNzzy0C_t/4xCIl5_S2DgUjmdy/_QY4ETRrKxtvAmas/akdl1zPrPLRreMdK/QbUvw42xOJo","https://imgproxy.fourthwall.com/8iAaVuW0uyMm3yevlW8NIjq6fPPnoC1xRrOe_RMyTSI/w:720/sm:1/enc/oUbRoRdJqNiRVTEj/xo6W9_TJA6o2BDqE/wnWIjf9t_QIG_k1u/ocIL2gtSvqrZJht4/VdOuA-dPAbbHksrP/CF9G8FNT2YOyfrJC/WCUH3T8oHetUjcQz/HGJin3wx6O2BjgYf/10ZNK3HLtB99qsrn/7HTQxwROcPxIkpm-/5RUtTCRVjZc5Zyid/zH8dFtz_YY6C_8vS/wPJjpN3Z4Y6p6uSH/gZZTPLkAleQNWpc2/NhYtUfudBrE"
"1771750842-121","https://eleveprints.com/en-usd/collections/all","","Gradient Stripes Tough iPhone® Case","$24.00","","https://imgproxy.fourthwall.com/MdUBVRKOGwg70nU75ohjzjiCoFSArAOLK63CxOJ71lw/w:720/sm:1/enc/PpKiayK5J1PPRh-n/LmEACVMGKPWY-qKU/Ly2QcpF7FcguflPM/CQUIFZivHESqzQRT/4aNPZYlSFtyn0ayT/ORQmxrkjylUBw398/O0h-_phmrwC0qa45/Xf2kiOE5LXttSozO/uGzALlzyqS5cgCoi/1uTwsCMM9dO9u0_N/zm5VvdLICYTJoNbp/aw634i8Vsxo4fTvg/DVvK4xZaZgKDFeq_/03goekMAZaj-TLc6/JQ4Og0txTc8","https://imgproxy.fourthwall.com/v6RSEDUcqSRvk1I9n477qh5om9yN5mZmXQLTrCp5OXk/w:720/sm:1/enc/9orpY33m5zWtdGt1/BB6JAkQjNskmIGnn/7XuCAk0MANj33u2N/lybHtaNHafIqW3Ra/EO0mC8wilbRioyKO/ye5lCjOtFX4r__S7/jqowkfmg6Q3n8E-T/fJfDFzWhrI2LGPbV/OweKfaiN99wTwJAK/cp5AvFZ-1h-0h3nw/9-2BWllGBEGgSIEg/f6BcvhHnbB_UKnEy/zY8IY0yQ2XlwPUQ1/aooNWAkgjT0nZ9gB/ZIDRCGh7CdE"
"1771750842-122","https://eleveprints.com/en-usd/collections/all","","Sunset Stripes iPhone® Tough Case","$24.00","","https://imgproxy.fourthwall.com/hVgqICkraHL8rVKUOlu1_u2LRXbsKQb6rr9cFXzhCrE/w:720/sm:1/enc/VLSh7uYp6KUsFAB2/A2WTPvD5X4mkprHF/TB_5ZfW-jIU5R6Pw/rqRwXP4D_-qkHbm9/gSLG4INrr4i7xafj/Pm6yaysvVJ_uS3gL/VTSEJAHql2BHhu_8/fKonnrYrDUUlbGsX/FgKIw-ZSxi_uKAnb/I-PlwqV00OB_4PTy/DiQG2hkGRql40mpD/2o2wokxabCbboYgX/B6G0tG0WEBolvbEY/HlBpTwfi6jeBf_OU/GdlmPsfx2oU","https://imgproxy.fourthwall.com/Y-ziP2Qxptvwb8chnlNaRXV4Ijh1vVAAZmgxOV4Tzsg/w:720/sm:1/enc/-tqZRDiM4n3qWCxl/tqt01lyyzpDreNbU/wQZtQUKE_AnQPMaP/NHIhgKmhCAWuit7g/fQvPMtI14sE9WyRA/KCkOPCiTzV8gZHfM/r_-oESrVYuTN-2nd/FYSuCyVGD859mjTV/lUPd78JYKU3yyOOc/yXRs_BoVer2u-tnC/AJD0sLidpcUdtqa1/juzPz4uv4bUvC4uA/i5GXT-pVdyixp_M2/nUzJ953X-5TwGwKd/ZJTU2Npyv58"
"1771750842-123","https://eleveprints.com/en-usd/collections/all","","Flowing Lines iPhone® Tough Case","$24.00","","https://imgproxy.fourthwall.com/JWBsmUk8pyWM_Feq2XZqO2YfUxEFWoJHtmruNLNTsQk/w:720/sm:1/enc/EsJiXRpoFK_W55tn/_iaZKhG4rRdmYgFl/K7sJNGiZsCPPylWH/5TuzXN0RwWGfu7GC/zkYM-YOxGaz6VYDu/3NCDZbWwIqSHzwHd/cV46kuF3O8VJ4W6h/sCR7wceigMNIOvQc/tqidoDWGtdZW6K9o/IYOkxCD3PanxrPOJ/DwlCSiPz020xv__A/-1WOMwMY2Nb0d4BT/v7OGREOTMIdb7GVS/OmO0Imbl_1hjXnGJ/X5R8WOogsJo","https://imgproxy.fourthwall.com/pfItQPOJgXNh7_QZXpi07gei8gYRAAyR7OxiHaRZdq4/w:720/sm:1/enc/3uNoII26-GDfCAzJ/dp2Px_fpqGvvJr3i/hOfYFwwexe1FH_gL/d8-mS5ee2Vx_4SyL/X3ag4i9l_pDqhg7O/EQf2fRxVMUbiP73Z/JJRcxEN2_qvHtrbS/VL3OEZeG7O1s47_b/AjDDhEpSDvMoOhzh/Tz1Cn_zw5yKWk9w3/svldb5C9FvyozfYD/FWBmCFJpDZHQ-Alm/QE79DyGpEGuCHYHz/M9EcLTbLaH_6ctcP/91FPe-1oI_0"
"1771750842-124","https://eleveprints.com/en-usd/collections/all","","Topographic Wave iPhone® Tough Case","$24.00","","https://imgproxy.fourthwall.com/yASV9W5yIG4OlwrgRIg3VpBmkE6_-7nDaSmNniF7gJc/w:720/sm:1/enc/UOpkIwFC_f6g9z9x/U7qLnUexUgzOhtGC/1bCTnIqe9StHiXd4/3sx8FX5s5zQuaAkq/0t95rMMDKqkxYa7a/e2qp25Wxzp1or9y1/dfmGStzi2FSLZYLI/JXjoQt-W-5FPyGfw/rYPo0cIT7jc_qgov/379IoJCQJOITHSgS/xmhs8hAAqpPO5Ebv/xHLfbrzrdYGgSX5H/CavFASWw_Z_KrrFV/B2p13KnE0Fc84gvY/VyYttRlJhAs","https://imgproxy.fourthwall.com/H7FBrRaR1N-FIW8Ka7IGmUeni3skGG-pekNUyaWreQY/w:720/sm:1/enc/YHxBWnTCmr2bwt3p/TUNfmTQGRb5lku7g/GrW6GYO3ujIfz6e2/tD5CfKnUpEK5DuEn/R28r9KrDxdxgClDG/O4NK_W1s4zJ-p7uv/HkZjdqNQzQA9iSTC/YKu7ZyTDKeVa_TBZ/J0VGAs_Ot94UJe9r/Fg1IwKJbYlWnk92X/TnaE4DHTw_bshDyP/hsC_B4KWnYybsDH_/zNkMzHg-Jj07Gjyt/335ZnHScWCJVpLRg/NafBxCtIKjM"
"1771750842-125","https://eleveprints.com/en-usd/collections/all","","Dynamic Pink Brush Strokes iPhone® Tough Case","$24.00","","https://imgproxy.fourthwall.com/XwTzxV_Fse_4y7InBWw_ccSMDLETGVfh-wGY7M-i8gk/w:720/sm:1/enc/f0M3LMQ6efkjFbpt/Q2wg8uHKLZLmrwv2/KABCLZQWihgNWXA5/6io3g_XZEM7W1Bte/P8ZEIwLEf7lKC2hp/B8qpdraLxO1tO7Ox/_mKvUw2TwmU7fSU-/5IVkG3RaiefqsgId/RnyllinVo1aJzoN1/-1xHvQNxtyOVOXO-/Is7f31tvxGlvakA2/0uS4D7Y5Sc_E4GB7/__eqQGY6ZVclV4h8/FPMWUFQKxjWa-hoq/tyQR-TzJU7U","https://imgproxy.fourthwall.com/mPnqPpiH5nb1nEoIyE4nUdnPV0iGXX2Ujd9A-_H_7DA/w:720/sm:1/enc/mL9Zg3hrknShGo0v/avp404YwhnNGseeT/964Dg-zRayx6Km_K/k4NYHvR820NOOgJR/vwsANgjv4cMJmlXZ/NduD8Peb_bAki9g2/4rHf18NthCaP3KQh/LyW2x46CTnJPFyXh/FMV9qDyL-KKG-JkI/OB3-eLNXjs9sX6nO/ZNYD8eCkkqPVKGjZ/ocA56PHlN1kOa9I4/6Uyfr2enGmHmlM94/ECHt4uI6e0M3sKc8/1aSNz52oy8E"
"1771750842-126","https://eleveprints.com/en-usd/collections/all","","Topo Lines iPhone Tough Case","$24.00","","https://imgproxy.fourthwall.com/PeP11p115_n2rEf5JHsGmf3t1CNA8stX24FOw8t8jpw/w:720/sm:1/enc/J5CmeVM7iRVH1k_o/vffg1vZG12xLrYpx/fYNFtVIa_SLIDPAP/SPSIeaQEcngfmrOq/KVJE8F-LHgcQe19o/6FOXqYogWx8kr2En/guWBCb24dXW0EQYl/RY3DVRMXBMLiZ1Zo/T1lZD6iNoZy_OGem/m09CBxXCiDTbOhl-/lSaW2fcyRcTEKQIa/kuZzfuXkGeGggp4K/GHVJbUFXHNmvPPul/3lieBswg_TZvM-mk/sVKwY2RByS0","https://imgproxy.fourthwall.com/IjTsNarDmPUn130bJiQmYwRZvtDv1ecs3dOMOu9f_IQ/w:720/sm:1/enc/TAZkt8BeNrh9A3WF/_D29yE5B7Z08UoAp/RAO0eFzxdEAzMWgx/k39ncnL7tHrvUXwt/a5v4l0PelkWEQk-i/mIsUa8JAvF_KtlnK/WxHu7JWhVnWINFXf/LQEOllpAzZO2jzx_/J0aXNUZPUCBY7oaa/8ovlQUcziINp07fo/ONOCtgkfSZM-lMpM/SaTZWsOB8eIdDXip/4uUykQIeqot1ECgH/eRgjMPFITDlu1rFE/EcAfcsQoNrk"
"1771750842-127","https://eleveprints.com/en-usd/collections/all","","Blush Watercolor Dream iPhone® Tough Case","$24.00","","https://imgproxy.fourthwall.com/10ZYd0H_hxxOKICGzwxUg2h_XXAmy3ipO3V3o7aRwRI/w:720/sm:1/enc/Di4Y-vxJfuC5ujYL/fC-NgPjAgbQ-ajmj/eooz_Mnpyl67AFJv/COMneYC5GF42K-UU/UGRRFm2-mOSFdI3G/zJtgsfDt-8amXBKl/TvzbzbnMfe6qFpoM/j6G-_u8E4omlu0xy/gv-P59hjK0s7dfg9/IFjqQ9hIKmWw5MbQ/WnCPSL6JthKSiPDk/sYcsF8ynemu-w1KI/8XXriUa1DP9RUxlP/f188n7drDk7uJ9Y9/u6yc7xvhabc","https://imgproxy.fourthwall.com/fiAvFOnhS5ayrvgDUT3ha2KtetDadq-tMpgbRF4Gfxs/w:720/sm:1/enc/WZRRJrQYecYbzBlX/sGZb3d7ZhMPVR_7d/CYWChGiKQ6MfCBP2/RjaZxdVYTuaa-3TY/sXPAZ2buiej-pmGd/nPOoNqFrM6djrwfy/blAa_LLSKyhB_8Zr/hstB0ziTszPfeeoC/HdWc-B8MlPZunGFL/6jd6g4ZzGSvQ-tk3/m8__6rRrPq1AZQeF/NldcG9qdoJIQIj-1/vts3Fr1NNENE61Ya/Fjvz3cMk440W_nUv/bu4TdbeBUfc"
"1771750842-128","https://eleveprints.com/en-usd/collections/all","","Pastel Harmony iPhone® Tough Case","$24.00","","https://imgproxy.fourthwall.com/qnX77S1isZTkmj5KTJpWCMOtQiP-fJRByWKTbFzT3EQ/w:720/sm:1/enc/YYWVmq2m99kORu9j/Ggd7Wxb_acFGA3mO/aUA3fOO3y7mFYzPW/3mwQ6e2aKxhq3r_L/pjb-ubhO1lL-Xah2/grr6zoiMWjOZiZWb/rIVsMlS60igyHyS9/L0f8eWDKh7tCu2n_/IR0x2dknv7ObAbvJ/K_7nuYu9rkugQyZa/6nWjXhSGss7dvN5H/zUIs7nhm5BRkAhlr/sz813B4W9ifuL5CF/BdsXjX-l8lhx6YAh/IYhraE74dx0","https://imgproxy.fourthwall.com/UYhzQAaaWFeVQXJo5kPAfDF567C-Z_WiClMdt_ENob0/w:720/sm:1/enc/ABfODqHugHP8xDPB/Ulx5LDEAjb92qoB4/uwz9-BmONSmC11aK/zUEZzH2i96LxS0Uc/e34zZ-lRHt2z6Rup/oMZbR-jengWITOn0/GoVo-wBw1CCXC20u/v81jnyanytBIsnm6/X9RRGQDTJ9m6xP8I/b_9Un5URXHnUQvzD/vXX5c-LLLc-jPatI/HJBniX0gpSCSYr2d/hO35Jy4Kk96v67Mt/rIn442h1BFJVpims/66cBihkV5mQ"
"1771750842-129","https://eleveprints.com/en-usd/collections/all","","Splash Blue iPhone® Tough Case","$24.00","","https://imgproxy.fourthwall.com/R6t8u-joTKgdH5XtwHBDxay7Lr37E4sjML1X6tQvAvs/w:720/sm:1/enc/tj5z_JZ8lcK2Acry/_E1Tgrz2XflcMZIG/LpEs-UQJN7JQU6Aj/oDynOTSI-w3NJ27F/dMArKX_gwNBnfLpJ/WIPXV9eOOt7rg4ni/qdSnWu5NoT3l6K6a/XHEE7WU3egX1GieN/aRIW-Kfx58E6rk5I/xRc7eypcdzL20g2o/7TAHk7_W_XwA8fbT/1ULYPxuIPTaiKQdr/tuUtSh5WfZc1S2Go/RXLFyA0OvXLxehGN/lWxK16zxjwE","https://imgproxy.fourthwall.com/9PxiryDhIPxWK9zq2CTgJRLDzo61iWBBAud9ypfwk2c/w:720/sm:1/enc/BJRsaoZVpBtFG_k_/Ic2a-fQHBaTrftjP/XAeho4t-KLNfdU57/8rYnbgfRMbxhPGJI/M5hyXeFljvwBT23V/fikUwmdHIwYduHOe/td_JfR1kyDA84XVF/HkSpt5lH37D4JLDb/faPMzJc4i1DHaohk/xOM0-_CXiT1EJQhF/4D-y2JmGPoeI9LLj/gk3WpCjRCLjGUG6s/KXhOosHNQVPD-o5p/d2XOtZn2mbMBDvqZ/ojxdmSL6Fyg"
"1771750842-130","https://eleveprints.com/en-usd/collections/all","","Golden Gradient iPhone® Tough Case","$24.00","","https://imgproxy.fourthwall.com/WtesrFV8QuqzFgJbBgUFkTa--YE3p3b1TGW9N0xq-K4/w:720/sm:1/enc/AR2Wh5BrFFLiNV-M/UaBNtsN2mnPXT5Q7/5JErxRu7IBg5YD69/54UTer72nf9cmhuC/NENn9aq3wJ1WGs3A/d4zkurj7w2n5Mc1m/sNoPxv8bz3oXJmJR/t74tD7uwFof2DZuQ/K52lmfbwkSZDB3UH/nZTmgDijyB7cDpZU/Wbmb-annW0Xy4HwC/HF5qUPQk-nR6fVgk/Su_vy_Lmyw6500FO/uO4y5ejWFmi2ApdL/acdCTN8xncA","https://imgproxy.fourthwall.com/sf0IAj8_7JhJPasxvFjIFisiKYBaxhRxsqMtoo6XVWY/w:720/sm:1/enc/4GGZEoN7WzM1xhR6/GgMcn2ZTx5l0A60z/fub5ji26ZzOkNEfA/jh3IQ-zR0xkvRDJt/XXUU8XJmG-mREkRa/l18ixRKhV3_PtZN0/hsAOa6WlEvqNM4rL/1jBNgyk9s1gPZyWB/U_N7BLxtZK6dPxzM/fBfCJErWzM-CbYw9/8nGMDrmoqPpiCeVU/zZKU_ZHB6xcd2UWz/hvPjzptHahlj7SXz/PBPWTsEQLNgmfee_/qn-AVSLZ0YI"
"1771750842-131","https://eleveprints.com/en-usd/collections/all","","Stardust Tie-Dye Tough Case for iPhone®","$24.00","","https://imgproxy.fourthwall.com/E3XBs3n4OsvVo9FMjDormGEX_rMEyZ0VPhMBzQKSOgU/w:720/sm:1/enc/kkt2QGydPYcTBdEL/YexAAC9vS2KHpUSO/6qkA0uEwEjHXkNYZ/llq6lnr9wp5K-Ytp/fIbVt3MdQO-O2KP5/ob8W3M4H6EFVVWrw/KtJ7-SwH_3cZnKBJ/RHEtMzNLdtAa98TF/CSBYKuzbitkp0uhZ/r7YkaciBnSVfOQT2/QKgTUYKvljjvkK0J/PHyuan8_0yibdGel/30ncAXSnj70bNcJi/EAkOnK8ZpUSIcbJ7/kYckBUnlrDw","https://imgproxy.fourthwall.com/7AwILeS7WMkyp4LgL4MPjOkMmtamwJQ9iMor5oaJuAg/w:720/sm:1/enc/JJY9xqu6rIcRzo6J/7x9LCHt4GgvJ526O/4_UptH3loJ5PkndH/S3yIYl1VigWsdKBM/FTvCcStnNmEZEDUK/emHwovXCe5Ql4Rta/C98xZC_2iZyqZXgZ/njt512Ni8PSZj9Od/JW6VlsDceGa2LrHy/z_h2V9siSXxQrxeE/FkAijQduWXLfv5ZP/rgsZLFsfbCJc0C5I/_J4o9LO8w3ARN3VK/726-BMYDtbMEvqqQ/sXjI8b5XR0c"
"1771750842-132","https://eleveprints.com/en-usd/collections/all","","Pastel Dreams iPhone® Tough Case","$24.00","","https://imgproxy.fourthwall.com/Yi1CBmV9K-k5iVNSJTHRqEBFco03Tt04M6kLElyTgAM/w:720/sm:1/enc/uPZ34DE1QNGOsGt9/e8CAhPlfTz0omBiw/oLz5zp3xlxN_iVTM/tIIAyKA5ytH5k8-Y/Z4sLUyb3bf0YWqt7/iqI0HlG4ayWQc36E/aTf_PSsSZ35E0177/cGDumi03FlL6N0rc/Sj1fYOpIgsitLxQG/UbwUYd02xakO3awi/Opi79ltAg87SYBdR/lbMdD0CuGroaOKp9/pOHuz1zA2TRW_J_s/OeAntv-a3p6hm4MD/4i101S2fNeU","https://imgproxy.fourthwall.com/0qpOOmesCwiDCtRExjNYT6E-B24sq74IhBw2IVPRt-A/w:720/sm:1/enc/suUKKCXVZIK4ShOZ/EO3Jf4urjTUKzR_Q/R9A3JSqA1ByBIYXu/iqj8fkdMIoO867Oy/xx8oZx6YmFg_haDv/FU_8t0o0qybWdcFy/z9wXcl3A2jnyVXyX/7PCvVYCgF9t2_QQX/r4Zp85TgmyEelXqY/VavwyUt33s8n2jv8/XEGvu2g0lpQH0xeI/H2Zawn6pxRwmKBDw/5crZVUkzSnHK6lNy/TUsDRNb1rQC-U6n1/NGsJH9NjOXs"
"1771750842-133","https://eleveprints.com/en-usd/collections/all","","Starry Night Sky iPhone® Tough Case","$24.00","","https://imgproxy.fourthwall.com/61SVaxHl6ALa5UPzDNd-XVDHDoGSCafkjQ7HwhAtvtM/w:720/sm:1/enc/2vZGRKgwVV-UNacM/k4w_mX1CCdenK9xl/8GyG_2mQzkpgMYZ5/8LOXY6ukJuUkm14p/Ye0369aP3zju2vD4/eUZN8tpCfQ7GhIdH/cnjha4s7oqLSxCpe/kPnz--bS8HyK6orT/Csuu4u6XRaXxdgPC/QEKoI0QEcYWlDlQm/KmKg5yqVKvhEqFrx/TuNodX_rxjmcw4ed/8q7vNGxtBilO1flp/P7hNZVO2oHDEFDon/NNuH5T_deII","https://imgproxy.fourthwall.com/tnf56vk2wC3enGT-mukXFXNdocRQYUCi-TSn-wi9yxg/w:720/sm:1/enc/9xScQnmabqhjStPL/ZLU_i8jcjj431axp/lvhK1HbWI_nOopDK/vRRdjU-B0DzUaQZ7/lb26_ls5t1Nv7wuK/O968osCFlQV1JLqt/r4ILe9LBG7q__WzF/9fEXEne3HwRlRM_3/kq3yUixBRAzQudNU/4QFdRkUgL2hV6dfz/VfDsKxVP_kNs2WdY/n8lfr2vnRAzMmMmM/p2hambYBR_He829m/0l-LIi0ZBRmBnvey/BG4alV5cd-M"
"1771750842-134","https://eleveprints.com/en-usd/collections/all","","Teal Wave MagSafe® iPhone® Case","$23.00","","https://imgproxy.fourthwall.com/VPYMxBRDL9RsYhh0_rZe6ArjL1MCIjHGOHPU1F7ofyc/w:720/sm:1/enc/RfyO6czZbB9PCuvZ/fVy0gV5grPJsZsX0/zDJ47j52Pgk1QThB/xfUmkM0TJh77zUXF/jUbjqQ6MMmafn7Ec/iz2WkMmcEVoNsytv/s_bPb9iG_HwZ34IU/peX0p9DQBogbYsj0/FAPxHYixmQmXYF52/u3gCIW-QuUjd3-Sg/S7TEAPyOWGZ3fgzW/11c3beFISW-tw_Gb/a637NmuPMVgnV8vr/roEPxhX-RP6yUirg/QqZzWzGDNIg","https://imgproxy.fourthwall.com/OZ-8xW95NgaTnoAWB3i_puWbohuPTFelhhcntw7SGNA/w:720/sm:1/enc/cMMtj-izdGfVrCKQ/tXyby4_RY3tU5NRP/Wj7oS9tTm0Urh3Nu/8A2mJo5jZVRqsrWs/xqT41lYPHnXwdmRI/gMhtLt7bYQ0WkCXj/trd-t3oz946hqFTP/0M-_brNKWaRmhK1W/rldcxHYI54rEuZtm/wMRSzglF9eHpwSg5/zONqGd0elUp50OVV/5IG7nS0sz6L0a0Lx/9X6cbPljJ6scW2Va/8VJiAw3aQtnFggYw/0ezQnAot7ZQ"
"1771750842-135","https://eleveprints.com/en-usd/collections/all","","WaveGrid MagSafe® Clear iPhone® Case","$23.00","","https://imgproxy.fourthwall.com/4cwsbfHrwAkN-57meQylu99kSkiGjwQWi_M4mSBj-sU/w:720/sm:1/enc/3bISR3IFQ7_ZCDFC/KdLBi2qnhVknN99K/w8b8dvd2ZVHlgtyg/28VQadJ8l1k9K-bJ/Mib-bsvticO5a4t0/4kvlZWKyeeep6oV9/2jykJzS6JGoTcGGh/RWOqXmwMXqwlCScM/iMAJxXXIDLWilEpA/szip-lstuyTgq0r8/wxEXKflS4LxcyE85/lggd_a9ovh3uVoZ_/pjLbEIJUupgFjRZX/COcq_dppoWu34jbA/WSQL7HUU5GI","https://imgproxy.fourthwall.com/69EdRwUHCfTcA9LnJrlTZsDzRCz7WiHMmHWFGM0q1K8/w:720/sm:1/enc/i4GLjElIshs0KrQN/1cwt7ryxm8f8u_J2/cPn8cG4rNInbTHBF/Iqg7Hzou1-dg0LYb/luQe_54KI8l40cve/luL8OUn5zC-0CQsv/ttEVbYfQICEWD3qR/0YxCyuCKVjvosrsA/xAUnJ2bB0o8zQtKA/gBJuVTbE3a_kAVlz/ntktKJtkAUrCvFk4/uNFP6JlKlSmQiWW8/hlvrfTT4J4bGd8wV/JWf2bvwqC4x7cO6B/y9bbftC_jjE"
"1771750842-136","https://eleveprints.com/en-usd/collections/all","","Diamond Dots MagSafe® iPhone® Case","$23.00","","https://imgproxy.fourthwall.com/SW9iBJA8DrtVxxU8RrE-9MKGr4i6AJyq8u2E1kOzNk4/w:720/sm:1/enc/lXcTmWTNRARphKx0/S3zUZ_lS-0_9e_Ya/ZBRcAG2PQeIwSYHe/f1K8MsdzEb19Rc4s/cbg3QLevA1XhvIF7/jBqxrpXQ5XSnaEuH/vmv0XemZw0WceaKD/eFc-OqdraYsIuI4o/Ac5AKx4iryNG7PhJ/W_O7nysxXlqIRFXF/0oocHNdmDv0M0Zq7/CGH8eAlSZFisS0PY/rw8n_rI1uIVDCI63/vV0wUvsL1pJIrxea/Zf2Y43yqPG4","https://imgproxy.fourthwall.com/9a7RfRv5_RpgW06PHzzk4Sail_RdM_6d3E2-Wf4afbA/w:720/sm:1/enc/aZpw77nm3bVRPTHV/5TWbbCJJmvMpEssA/X1ejNqvoEq57dj8E/7k28dOYubXgkvFoh/eoVad4LzA-CXzzMA/K8kz6q3uFrq8jhQe/V8_3gPWwWkQlqtrf/Vkn53CigHOGqWHwE/BtMVMBBEey5UopVT/aRPbFhOGHv5lbGPr/rX76YuDpaBuF-BB1/3np-lhyN9htdTNre/8JHTmXLsf-MkESnm/mTp6WU3NdumjzXQJ/0VjZQaA0TIk"
"1771750842-137","https://eleveprints.com/en-usd/collections/all","","Oceanic Camo MagSafe® iPhone® Case","$23.00","","https://imgproxy.fourthwall.com/bOT66EdiKVYqqIYHKcgL_GVxRbNG7ZAXNpWq9VIY_n4/w:720/sm:1/enc/htln7WyPG8032ZaJ/Pvg-BfDqDCxsxu2W/a6ZC2ZyAnAEQlhjl/HZjM6rJ-Kvwk0X4G/PHSUWgvHkvtQ7jrY/eZwikVa8VJapE8da/H918KeqGCcI_QVbx/lwd7gkSMGaoKyhS7/3PWOrpJZGUdb1l5f/0266sutLlM8i8okO/pxzMP71QBLKbBWE6/vyar-E_XJO91hvm5/LIV7ILb-QgRRKTT9/N_AEkqeCFvItpvC-/GBaMWEMbJIk","https://imgproxy.fourthwall.com/i8qHFu5LgBx8t3P0hh3qdUq6wdf-jCzE4XJ7SxtR9Ss/w:720/sm:1/enc/d49f9Wrvre4In5LQ/B5dmdgoeoAJAhAMS/_ylE2FHuvrCh7KcI/U7x7wNEhni9pTEu_/ekUO85zOnsvZ4w4s/xjwAq0s-c_82FD9k/LEGqAAxWhec8djuN/YhYOPcO21WJJqk-y/TAtyztesUpFS1TQf/iwcphWbdfKOA5rI-/IgQ65BYqTxQpi9xu/m-kqbxQIVhaGawar/-XYo_KQ85C5oz0N5/69KHi8YaInN-ukrK/whE5imvqmRo"
"1771750842-138","https://eleveprints.com/en-usd/collections/all","","Ethereal Camo iPhone® MagSafe® Clear Case","$23.00","","https://imgproxy.fourthwall.com/vFMskaxPak0ophQIPdjBX0xEShyr_uDy2PmtXwFveFw/w:720/sm:1/enc/TcEdG9ADqetKG6FP/dNIVqo6yHasCYh3I/qjetI1zoQjWlhI0b/C4rcKgKqzMSrbS0R/EFB8tr4mf3U2Mw2Y/XycJ4mOJiSMx-yAj/LNfH2CRXYzN6KGqF/VSJRf0fvl0L8GTm_/5Djq1k1tbTeG7_ui/cdNm6xHPf03Ufawu/WbesPTeF3jdCTyFD/kgc1LJqPdlmVpszc/vnH1q7MnnpBSUJjY/dNZUmdNii8zvlxBG/oQ_Nz86HcnA","https://imgproxy.fourthwall.com/UdzxlmQwt3bOvzy6YkKLDLVGzy9FnSkrBgC4sLQ2f0Q/w:720/sm:1/enc/QvRYfvY9Y2BpZsro/7dTk8SlcbgZSm1sK/z0jladzcWRQmwgXf/0TgHoP6JEKqhclZd/783DDYpziU7xBRBK/TdCCy-EkP750zGjo/GK7WO7rQOHFpA1Dy/2yXSfmp09DddIQG8/d6ltqa_H1N_T1ffz/Sio5Bq7y9OYHlkY1/HdpDsene-3kTjCVu/J_omj97gxj6QfCma/IJjGWEruhBDfAlxu/5K3sVQ2JYEuT2ZYz/qW_XXMuyrpE"
"1771750842-139","https://eleveprints.com/en-usd/collections/all","","Geometric Fusion MagSafe® Clear iPhone® Case","$23.00","","https://imgproxy.fourthwall.com/1tkOBqdm-uU2XL4M3dI5jfu4NUq2zh28VF5Ai5rm_7s/w:720/sm:1/enc/RPLOxcx6Kz5_ar6E/SpONY4HvcIR3KcHr/1jMtnpEEbmcJmzAj/U_qM1C-2zFaluot8/CQV8JGqWm6hV6hFv/dbcjkm4VXaXDwCUN/X6bAPmXbaKh4TM4n/IcywbGAD3bUmENe9/gY0A8LzbOYcMDYl8/U66mWe1dxX3jKlqj/40r-1Hn2YliSJaEn/19qSh6zxxNu50aFR/T0bBXaClXxZHBHtn/J7S1vpaKOp-2GNAv/TWFDApRHwpo","https://imgproxy.fourthwall.com/tz52i1xdlq2EmS_iFltSWn6NGxzjJZypXkxAK1sNm30/w:720/sm:1/enc/i68Qy_mvzAeq2eCa/Zl7Oi2cuZRYeInS5/nI8IqPduiumKVups/dEnRz3Eggc32YHMc/SF2BShJFL5lqBoLQ/fUmbyve9lU0D95EE/-tbq9MLZXG-zCgrh/Btbabcjluu3kTNYV/1h1i2F2eYhG4pXA0/lUg-bFlXzzZ6H1_7/aBB_WTuNQuLv3KZ7/gpuKtaDpSZUYWiV8/na4Nf7yWRX9QESmk/KHQMPy1k0zn4lGVW/Czx5qxd1j08"
"1771750842-140","https://eleveprints.com/en-usd/collections/all","","Organic Green Camo MagSafe® Clear Case","$23.00","","https://imgproxy.fourthwall.com/e1wJJ95dXOlQ_ea1XPnL2orMY7XV--rgF2zee-zYtsI/w:720/sm:1/enc/LEAliXL9V_m4Oy8c/f1gxxhu3vG-SWCqn/Ct61qz7o-UPC_l-l/4VZOL8lVamNGhBhK/R2nj07J8jXUN2-lK/PYNEWToTlrnsTumN/bDN7ta3XI7nCa2gf/w4OYcfWMZpnJetvo/SC7SUS1BKQG57Ssp/-609CnMehxC15IUa/lHgoEL4kGQaQE5o-/2WFahdbKiTouGQsW/TCar-AaunatRXXXu/CmR-T4VmYysQ907R/SV3A-AI-M-c","https://imgproxy.fourthwall.com/K0he1cpsEkv06dKSmvcShJpFyOzJEWgflavtrrIVag4/w:720/sm:1/enc/_IFzNiJWAVTI5QVq/M_uCwlWKWnwPgNUw/5Ogn6B0nVePVMMUu/GQHLJs3Tj4Zro-hp/h6falH6aio82oumB/tG4kiqPV5UwL5J9g/jrnwZu8cjGJhVO50/8LmWanICoNfvxlPC/MI3L_ztmIuSuvYO9/msVUkIBh8KE5ybye/mcXH7RscpqrOCplL/eYAMHGlfecVUaDFC/8nDCFzgOZEASuofN/-1_Vx1paU2Sq9-G4/JvoSklDM8kI"
"1771750842-141","https://eleveprints.com/en-usd/collections/all","","Waveform Symmetry iPhone® MagSafe® Case","$23.00","","https://imgproxy.fourthwall.com/epv4OmnF4iikdNP8HvZUHjoPE123Vn_h4yez_UzrXvU/w:720/sm:1/enc/yfwRZQIG5ur7Gf9p/_7oFwSTQ5WjxrMw4/ypVbvpsWUlAvareE/-SCc_YERQZ4P1Am6/7NHHlHofjNzckdP7/RyZDxLZYxm3p5ZFK/X0aJ0UBKIe7Flp2t/2JgqY1zfNoKOYi33/OaV7URWEW5SkZVzI/RBBGh1ncWQEP015i/93LLoiN0iRzoymyW/v77YxVdJH62iMA7I/UvoDFFGqA1G0wGU5/HYOuJpx4TwdDAjBk/7ktIR1kU4-I","https://imgproxy.fourthwall.com/ITXMoY2v_GF6xaUo6C5PFwADu-qdAqxUIggQaZH3gRg/w:720/sm:1/enc/ZXjnaM0Kb-SjnQah/u7Ro3fWONnTNSRGE/HylXx3qg8m_p3wd-/RrBD0ET7b1r4Wf-5/atAkuBjCTEDt6slA/oF25c-inrsEbTVZl/pvAtUqbWYQLejsF6/stQiUR1Z7nIrFBUO/cjwU76vPp_Q4J9wv/F-kzqbaVjjHk0Oha/N9GB06PRfP9ZFYMn/olM1eCxsz8h1xpFB/GMolqU7obf9AoSHJ/P7PvYbmttBm-6r6x/Xi0mZOqYqWg"
"1771750842-142","https://eleveprints.com/en-usd/collections/all","","Flowing Orange Abstract iPhone® Case","$23.00","","https://imgproxy.fourthwall.com/bOzHtc_Ms3TQ4DpflCi2O375revC1WJMQ-ycjzY0YXI/w:720/sm:1/enc/ahqvaKt_Il6p2QHE/04b61NgYZDHAmJ-D/kjH37-wE-IF5PSJh/Ng-eY9oRPc3nP6NC/xKVmkszI_GX_ldWW/18NFBlFpkIeLO5fx/7aqha4Qa0GVoaB_W/zzorn1BWiatSOVDN/SJiD0_BXbHQuXS2A/8Dff0YKy3DdNgRu_/jeKpq6z10lf6hBxw/PiJC2_mnfqhmSgNc/9rs5Gf-1HuTPWlA9/y9hqxWFkhcOsjQ7y/7txp_Jhh2Io","https://imgproxy.fourthwall.com/-liCN341rO2hDG-tj988B4D1BCOHvRFLmyXh45a0GpQ/w:720/sm:1/enc/I-IZq2opvWDlsv2t/o_1H_UTyLSlsF6n7/bK8cNdZYU9iSZoJd/mWIp3WUxYVqplcXt/3RKCuhIUcdaE-NTQ/gRh98_sayzNi4kjt/53u6HaMGrIKkkJip/TVqtwjbMSuQX1CUc/qi0QBiKSBM_FBB-W/B0bpjoTAqUhBCZSV/tPUhNDBczHcm1CEF/cWbI19HwcAXXsarQ/V8KwORb_QEWha5mn/EisrvsPf0Xc9Frxl/pstO47k5OJ8"
"1771750842-143","https://eleveprints.com/en-usd/collections/all","","Flowing Waves MagSafe® Clear Case","$23.00","","https://imgproxy.fourthwall.com/EpXXckSH6lFTIMrffzZo0hAzfmNlUtVmUt5SiOta984/w:720/sm:1/enc/Suc5sGwJbYYIsIyj/FBUOAZ1tQJmARspZ/l4ujkPqMIc2oQK9x/oAb88sST-tz9KNjq/a1epvR7tild_cyJl/QB7nnvJA293nzFr7/8xhEuebyESuspJ6L/GS5uF1LHZpgWHA-s/GS-KkXxJXGhatXeW/cFPLMhDrmzEe8j4S/1NxYY_3fQOuL-w0N/vRzDMq8_CAvvQfdH/a6C54r6CM7QVFEgV/9m2hIBHP-4Kl2QZ5/Ge3mk89qyPo","https://imgproxy.fourthwall.com/yQCBVlLyiR31268ACMoYfD0TuDipundzcpTzqmkUzy4/w:720/sm:1/enc/FFvTbtcHAry6WL4y/4hSSJ4klmwF_oCB6/6eV5SdVDCLZEYae5/xQKB7kzeCcaSpO6V/yTfLCYN3QjlZMDfo/M8JbpeFqzh9-KIwb/CGPRrXknUgi5bF-M/3uFXU9xmwZ60nn3A/816zH4BbXFk9OOx-/lnOvcFl90yoOdq2q/ara3YuFpz3XEF2N3/a84QfEepiSWb_kTX/pDPcBUZ0-7yw9EpH/4ZSHizXGxDYW-uF7/EgrN4WZT_os"
"1771750842-144","https://eleveprints.com/en-usd/collections/all","","Fluid Motion iPhone® Case","$23.00","","https://imgproxy.fourthwall.com/9l-xWC1VzmEbDsKMipuVLy7aub5qjNk-vCsFqOkbMmo/w:720/sm:1/enc/DQaqFYJOKhrUqYgn/z-D_ZOiwUunuT_ZM/U1t4fQb8y0Z1GzHx/O3o-fq4n1u4IkRIJ/IGmWPj6d9d1Xm_4X/BXtNCRtny6kfPjQY/nMcLaAf8yd1OXzQj/mroVRWOBAMgL38ra/yjDFhD7OIFgjt9x9/gTiM58rdtZFQ82Cy/dTbARg7ClCs7eP-a/nDw8rOZdnz28DZs6/tBBfuUJSV3JJHLKx/SMLWjKumt7mZA4Bp/JgTINlChaNQ","https://imgproxy.fourthwall.com/AcA89jJySCLO24yN9CmhxJCAyjzUQTfC2cXM9M1i0qA/w:720/sm:1/enc/5WEn8HK_goGtnD1T/CjsOGBfbIaSQFOlY/IQ3xTgjbVR8xKHS5/y2JLe7jDOcOEyUY-/GT4MPSy06whkxyE2/bVhVLlWsVuGwTtDK/_LhTk1Z-pGY-BsEd/hjdQ8SpPmki5u1yb/-0v6jlsxdzj9NLnN/x18g89wrqWTvLDVt/S1pfGTSPHiLNIy_D/p_0Vk8T3FsMAyP1f/g0wGmUyyN5oKracM/6Cf2QEybfe4nrWw-/uD-V9NF8xrg"
"1771750842-145","https://eleveprints.com/en-usd/collections/all","","Minimalist White Flower iPhone® Case","$23.00","","https://imgproxy.fourthwall.com/hUwMoWFTLUEaI1bljUWRhNwnbB8SckREwNPJ_mGkUUY/w:720/sm:1/enc/r7oaF8WBSLp50yIJ/mEZdaMmVY1KGcgmE/TD4l6DxjZRsPBh3z/QPR6C9LPCPDMfwCh/RcFrKcBXFYHDYawb/SIwnvlcL_K0vZMCO/qOmed3cweIVp7U8x/anMTq8uL2NgLaUFm/KVJzjfrGsBjDnK4_/8upjnSCoSKDS7Oae/54V2sIWqSZAdKPjR/2Xw0YBc43cQNjSA8/8Lek__Sxbl5l_sHd/Z9T83CvsibqtLgUX/on-Q7wqprCs","https://imgproxy.fourthwall.com/skmaZf3CZsINRgdNQywMMh8wUWR_hxKxZ16266NV3VE/w:720/sm:1/enc/by2ED4fam6ShtlWU/d7hCDLL7to311HFK/ZPI9uAWR5TE6rdu7/W0Fyuh7ykT5ITWwl/qDXYt6SbbCJbumaW/lTT_6-du27r-hCoT/vx9w81hrOIMzQWDh/VksaHbuQYPHOZB8Z/dBldAQvze-NA6Qi0/kIdLsZFAwacN1H5S/ulYg4mLY4oylCLzL/M2nIjkNv8S71iHzC/CXiQZjenwdMP9tHT/YMY80xR4odbBaTcF/diPcY_Xy9M8"
"1771750842-146","https://eleveprints.com/en-usd/collections/all","","Red Floral Bliss iPhone® MagSafe® Clear Case","$23.00","","https://imgproxy.fourthwall.com/bN9Y7D0CVAfGDfcKXHipsTTiBLIB2KSyg6P05Beu1ZE/w:720/sm:1/enc/iyT1JgMXXVjgwUjQ/FluWsIT4MgjCcEE_/DiUDCQ5M49adDdoi/lXnWhWGqJgsB-i_F/UhCe-pGj0wZlwSH0/uDJzBdzPOr1jvwi1/65qR979TE1MrNc0D/Ri6XehjKWHDmM_fP/3hf6LBCAQJj7X8Ka/GZJ02f4FLKRYyJDe/ufMb-ubBhgXM3LQf/MDYGai6kmDB6I7pg/6yauh05RpGCHcfd0/bjrUf8L6HKkAIGXn/yRsomGwg20c","https://imgproxy.fourthwall.com/-QFtHb76v3oPZ1qkjB45jtkf39M5EbhnKBqzTzsv5bg/w:720/sm:1/enc/94oDr4awMY44hZ9l/ts4yHZLlJa7AOJwh/8zmmoTU6YxxpDkl7/sV4FXMjywiEseCDo/kySlSE_ePbFBw1tH/IYqGYM1u7Sm3zwUe/aEjlQqOFTK-O9dEZ/B5fJqHiCIXHyVwLy/kOexFeCfD23BHNh8/kmMx2z2HPgGkQi9-/LBAqAa4M2H7VbCEN/9v12a37H_3Pm3Fm8/NsOG1JvD8zScVyLc/AZJBoZALsYx8h4cL/Em2hj16yws8"
"1771750842-147","https://eleveprints.com/en-usd/collections/all","","Blossom Breeze iPhone® Case","$23.00","","https://imgproxy.fourthwall.com/xhXR_videuv2Ih3_XYTD7oSpgKD8K22yNiyKxEzITa8/w:720/sm:1/enc/xzd6mnPfN5ph9RGT/TwnO_uL5UbCG9vFM/eSrtpa4bUy7rBZwE/h5Xcd6dykk0AbTLr/CFdiKc7_mUn_CMfW/XvkQGaZG6qw1G4Tu/xKkynBhTSqehVbm0/Uq0LUKKlyETJZVQE/x1p6pBiBSqvWKboU/JeRHwMjhOwF5VXVV/WWwTqTplWy5J_XqW/lUh7mpGRKDwl_p7o/Js1d8XDaTyNm7Tkh/tuJ7ZIWJa9MHMbvI/-TO7N0bHeqU","https://imgproxy.fourthwall.com/rTVcJQ5RYt331LFrw0Y3xFw2_GgcZHS5dIT25xCe8ss/w:720/sm:1/enc/Bc3ZKuspFL4-19AS/nYfzuTkd8jsf7hgy/l1rz8YpWP9uBnEKF/HVNAEZWvLNxHWSlf/5PLd2LPRMUGnSVED/36UdAoMlKifBxYx3/xNGBBvJKi0dSjWx5/5xpG1SKFN4kcpaAX/NLcfkACI8tZMmv_B/U0HkIYWpXPv3uNLi/j4tfqoJk-Mfg4-_F/ORmzKXx5jK0gmLiL/GxXlQ52YhRnxHKwc/a_exen8gvYNHa8VU/iQDuSjeAo9Q"
"1771750842-148","https://eleveprints.com/en-usd/collections/all","","Daisy Delight MagSafe® iPhone® Case","$23.00","","https://imgproxy.fourthwall.com/bOtW_taiOYVZeziau9t1N4Tl6ekFHh3bsYI4LRXIhas/w:720/sm:1/enc/IPVL7IGPV2BnaRsV/sqA8lzORRVkGiGaU/LITMfUQtPVOo_EzZ/Yz5A-9Pb5ubgo09L/sti2kXaYgEHIyVbA/GLKQJp2fBzIwO6l6/7sbolrYR191kfy0H/Zm4ghV4Q3_K-cgaA/ock_SMvcpZ_iPMes/Fhke55ZyS4CpPJYX/MP1kyJETWrq-RX7H/qq2WGjiNcpFMMegZ/_C3FuojQXeIVrwDp/s1c5VOm9LEW1RPzP/cbX7tjxaznA","https://imgproxy.fourthwall.com/H_kxikV0EipNh7z8vYN8j3UhKhBKuXkEX1D6I12DaUQ/w:720/sm:1/enc/OCx4fbTcWaOuue52/FXSKwaO39ypwzQIB/fYGhe1HsAhDibYrR/MM97jDQ4beMyph15/OsksAdFOvAdqCaog/es6vZkf9X2hmC9R1/fESppKlyZwhheQwl/2API3NmTnZgdvD7c/oK1KAhbAcbYIbaab/KRPADvgR3cbHJB4Z/w2vEJGvYxblRhoUz/28uHKbMaja54xBbp/hwvv-uhQMkloRIFE/JoNyMphnCfSiATg4/PADidGkTzB8"
"1771750842-149","https://eleveprints.com/en-usd/collections/all","","Geometric Fusion MagSafe® Clear Case","$23.00","","https://imgproxy.fourthwall.com/zNN6Zlsu0AWloZ3Zy9NzubJOufcVNeiQmIBfLHeLaY8/w:720/sm:1/enc/6-qfhMHo-zDSPhlw/XUSbOHwpUYj-35o2/BlE-z2M7ohFY7o7I/WKpDjvknwhw80xTV/wRZz_ZGAlaBmthtG/Se1Uu6KUaiKoPjW5/kx45rtX8IWK9sOlk/jI2E5cAAI1ihqEiT/YO211q8iCT98g_3v/MakwjyLr4gnTVdkO/B95p1aO4-6JKRHEc/69twJKTL0dnEey4W/O8yOgXOPzWEgvOlZ/xFz6bltH6KZ1e7vJ/IuAxklE_XdM","https://imgproxy.fourthwall.com/NKbDaZ2Z9s1e_XGdw___OIb-GsBF6Oif3L1bbv--bGc/w:720/sm:1/enc/nSz5aGaXJd-Z1p39/gcnKXMzebY0i8AOb/myJBatyxqyiK6qKl/ZTpkFxSadQTg7P1c/KwIangllSmyWua6F/TJgVghhVwa0VQ_1L/OfG4-M5TOY8ZPoer/GgbsmNiAooGp8bLn/ndf7LYAWGOkqtelL/lpUcHnRBDO6JDAVW/dgQBkupofogEVJGJ/Mq54ZdyqYhUybOcV/i6nGJxfE3UFNaSfE/EjiWZjG0qswWOWMH/oDgyQTXdKm0"
"1771750842-150","https://eleveprints.com/en-usd/collections/all","","Zigzag Glow MagSafe® Clear Case","$23.00","","https://imgproxy.fourthwall.com/4pv7QPWL5Bo7ZuxWgHkYEURTohuLvk0RDFYvv1CQXlc/w:720/sm:1/enc/rzddIuWQhHBMVFYP/eDPxedUxhUKTfG1B/LemBufvN-Z4lGOCX/3d3Wj7LS_U99j_Vy/PXuDv8kJGHayOUuD/nF5JUw8CWu1mT1yy/HENy-WlQt5QxsBqF/kuvJN2uGdDxixJ55/WodShBOA8f7xAC9a/Cce0fucAVdRSDpcq/XyQap9pku_K_7ra7/rngsgt_rP6dwFWX0/HzqdddM2T93875Nw/TtCgWYFMa-kAyLgL/NzoVrjkoRlE","https://imgproxy.fourthwall.com/_BHj7DhrVDWg0MRfuG3GKYsV2nIqbM1OpTrrkgvNi4M/w:720/sm:1/enc/Zpu8bxZThhVnIJOh/2aHJBUegjxXVRILA/ezd15egAWLVTB7UY/zrXVqXfvQuo2ToDC/DX_MWaDeM9tCkTQm/d1zCsQ_hPMdJG0Vh/0ToflZBpzqWbHesa/zA1kghnNvyqrBkvW/I_kdd6K0MB8IdBz8/KIINytJk761KBz-L/jSv0X-iMJwJHPSjO/A6d5ZyVUzC5qj1_S/_YzNzGN-vvGlSB0y/79oSqj-IXFiMF0qo/0YXR_HVQTaU"
"1771750842-151","https://eleveprints.com/en-usd/collections/all","","Gradient Striped iPhone® Case","$23.00","","https://imgproxy.fourthwall.com/CSWrQTG0oPZPXK1KtxUyc4IhzJCnKG4aSEZ6BJv9lcA/w:720/sm:1/enc/1E44rE1V4cQ3xEvm/SxT47VikOIRD0eTU/3mL1-Y17iQ-JzPLt/mD9VcPooTILzjJg_/gp2fI5Wb9Yt1CeLU/iuKHGJDcU7z1C5sX/ZcHtRXfKjRCruq3h/8SdLEQk_3haBPULI/pe5FmigW9-vILmw5/9bxLOzEl1bm9_qAR/QCQzY8cFgfacimJZ/OO50N3R__bLERocp/1sHWX-fqauBYdcNH/B-W_yEYaTP_SfYF7/GJJOP3ZwjuM","https://imgproxy.fourthwall.com/r6n_XFCoAff-OPgrOQLGvAxe1lS-F1aOz4HNrhWYxoA/w:720/sm:1/enc/q1fP6kkuQxTXv9bm/bE8U8Qm-xLH0TI0x/jopr4UQysPT13S4R/zBk_izJpz8LYdKqr/rhruq-x3BPb1NvMS/nwlrJm5Ipb5dN0PG/vnXreuYrys0YlPiY/3mWhgXbyTEF5TQ5e/d_jb8a2i1bifiidW/Q9yvpvkdBMZF_H3i/8Pc5H08mMhktS4Ze/8eiYPtTZroWvp7NQ/XotUV0MkgePi3LYc/J92Igq-hhip37F5T/9MjHEHLB2c0"
"1771750842-152","https://eleveprints.com/en-usd/collections/all","","Spooky Zombie Dead! iPhone® MagSafe® Clear Case","$23.00","","https://imgproxy.fourthwall.com/qZ0ZfDsbuqJMXuXfgv7OFMjhIODHxZt6Rr2ewZP8_r8/w:720/sm:1/enc/afFbKjFl6qeaJgO2/DyG9AGD02BWryYiS/zSgWFtdQZ2eK0LV0/Nsap7aZKJ6p8NM49/rkBvsfsP0G_IqBdU/95YMAh_I1h7At_0J/2cewFp2H4cZjf5NE/LtAWos8vNN2HDK8j/P7EMfzKXFHP6sBlo/sFMt-zsvfaOwlAYl/IBFPp-7ukcxfS5KC/aEjUdRHH0-C_uKRR/lFZgwrieYQpuS3K6/QAs-1DlqU7TJ9lVd/CNR8bYYmLwU","https://imgproxy.fourthwall.com/Sn4GQQmcvgpHFKSdI9j4C2mY5dX1YNJVqgcRw2cmg-8/w:720/sm:1/enc/jApJv24YQ97PjNK2/2sbISJ9MWktUG170/7fMF3K9cmdXjYRgD/O1u379PTckXKHx0-/KWiAXufu2Ez7NQmW/yGnutmUzPupBUD7P/bQerpgz8ImJBDE_W/wt-jlqi4NVRLqlhK/PYE-7A5a7Ta79j6V/nfHS0bP13g-2lTHq/eH4xH-dWASNbqLfM/wPHTM5gf9JWTwQPi/JRGbH2m3MjqT8gAy/mZ9BKSkNdUaxw7CH/-zw0AZJ2HVE"
"1771750842-153","https://eleveprints.com/en-usd/collections/all","","Sleek Waves MagSafe® iPhone® Case","$23.00","","https://imgproxy.fourthwall.com/n6PcF_ShlKqCr1LWqeyKrCFFf1tqDoA3Fk0WqkIgCDk/w:720/sm:1/enc/T1ZD6CAKhEgkMIwS/w47i5UnGMUMyt3wr/77GpCfnfyM6pHcE8/TB0KGq7nuHVROpqG/gGTbyzWdAiY9luD0/a-kMlD_RegHfBJs0/Oang20GmGnzvHscE/zGCq4XE0XYApYkKm/PQjX0sMh4u8h2UfX/CWZH7Ja4bWoLonX9/UFFV92ceSH6g6nkd/Olb3HM6tdIYATZwt/aoBlZrsAttIhjFKE/fv3b1mW4JG43T6cw/A0-PzxCANjk","https://imgproxy.fourthwall.com/OzKe3QZ-htdBBU5jtjxu7FOejoRMAAmaIO7ZiET5zO8/w:720/sm:1/enc/U2nEdCDyF_Ask3kw/zWZejILo54BUuVhQ/tvAx_JCqrzqdzeQW/6rivMXaQ517U68LU/3wpjjMzFlU6ejiME/vpUVol6euzNMkQmT/OTvvEam-P87wj0Kq/nB2xS3TdcLcUHE1O/oxGlYvWuxRgKmfXV/Wf23ny1Z9fmxc6sb/18k43-3pnDo5BzIP/zZ16WBgMnWaOt1wE/64AQcx-GJolgOVQc/46qdh5uuGgL5Nwof/hYib0cVR7eE"
"1771750842-154","https://eleveprints.com/en-usd/collections/all","","Topographic Lines MagSafe® Clear Case","$23.00","","https://imgproxy.fourthwall.com/6gtmpcY3htO-IDSNUXQQ3tg9JoTyrMSrhVTDoSGuRxw/w:720/sm:1/enc/rhzirSDWYPozKb7l/rj5u2nzuRlW7cww3/uGSFuLAHd9xanvDb/KYe5mskA8txp-i1d/zDKfsog_6q2qXnt4/GP9yUpc91E47NaD8/uEtuzmD642b6LeJH/bQx045Aow8gPWC9T/pSsfp1lLKoyal9PQ/HWc-CvsIPlby2Tvw/evFNUA5XH-V6iI-K/STm05DXpeYymytYY/CleKqI4iv6a5D9Bk/DsJ_C1DnXyOYA-H_/b3w1MKtvsWU","https://imgproxy.fourthwall.com/Pj3unt53c56zCbwyiB9-62S5jen_yLd7CK2ZhG9RAV8/w:720/sm:1/enc/zRxSLmAYccXjoTLR/swPwig1AakvyzhA4/0Z3EzXhI4vYdozxB/Ni29TcRyTa9qCpJ1/dYH8D644SANjuMLA/OcRv_EMhsHdSSt7P/cJqhfqzTIfO0R7AQ/W36o8LYc7tP1MR6i/sp3-E6Xld8XEJF1i/qRm0NZ2Fmp3FE1hd/0QjgUxCGMzqMvs04/7lqQGe2I_d6w_Hd4/NaVqkHwOkhkKQPkC/gRrtFD9QnrdkK42Y/rynwQLAPDOc"
"1771750842-155","https://eleveprints.com/en-usd/collections/all","","Pastel Dreams MagSafe® iPhone® Clear Case","$23.00","","https://imgproxy.fourthwall.com/V9vpHF1xgk8x8JSyJfoP3BHeTvXyhQTp_i-cU__BNYg/w:720/sm:1/enc/Z_snKyqU9_cFvilA/tSONyXHqqKtBCTXK/jDBxgsNw-xPc_0-P/Z0JQsziBtS3LR3Ag/B_yI63MoXx4gC2E1/frw_snbCDbMcxxBk/k0igqt0KjpLG1B4N/zYoihTs14HXqjCfs/w7j98ztfnbkgnW8r/tjxWFDxc31vdjEap/Ziigzlvc_z-zQ2_O/LZ3Pd__vPSMfc-_0/FU8L4QofmMafiaUa/5l6_dmR7g_xpw6At/1NMe-jTR5h8","https://imgproxy.fourthwall.com/vti7Qrvqt4yhRlJeOGLB51IdZerp4SsamtkJ9YqBQnY/w:720/sm:1/enc/To_VhTKO1halGLQl/r_5zhtrGfC3nSo-7/saiTGsMM3qLsBWYD/iZmATc_qgMGgWjqB/VhcD77Xv7s-XXbxz/m1N4ECIloRflOyy0/Z5Erz-GsdcHYKmhX/0ONjS0n8XpJbT3nw/8eCPRKDpmRsKLW49/yACv7gAOAQYtxrw3/GSzglVo32p0QxHEf/W9BsUxWGshnCh6be/HecHNgDQK4gytT7n/hwIyeW1rpZjqYnZv/B_lJCsGHNDQ"
"1771750842-156","https://eleveprints.com/en-usd/collections/all","","Velocity Lines iPhone® Case","$23.00","","https://imgproxy.fourthwall.com/QMXKUs5GaHo7kRU_pHkWR-kHdNkyGF6rtF8qVHSIpf8/w:720/sm:1/enc/NgIhnDfpt9S1-zpm/16QLil722GOknO79/j8b1Jxzx-ob0gRQj/AkbWTzLLfkwNQqY6/VphxPS8cXyZPs_Iq/Y_velsSWl1NHzWUk/hUpI8dQmHdnfJVJp/H-k_Ldh47uFJgZZz/9eKBP_T2HRvAX5tX/IdunEn2JN2BCEmAh/gWnJB2U32c0Fa-z1/y9qiBYXmkF75bRgo/rc8wLQ3ikv6RFnFB/_iFJ1Q35p48x06H7/H6TzkZ7JliM","https://imgproxy.fourthwall.com/waPuXpC_MEh8tHN497ApUmXt4K4WvFM_4tWBPqisvKU/w:720/sm:1/enc/XnnaDOpZuF_NB9C_/lKO63-yWoHriCW6S/X-7NRf1-K2tDSezw/Ff6v0-GT1gWxNbZS/YHXoxYwULJL_Yv0A/9FUBqltC_dIy3Pr4/Hw0xyTWJOcylh42R/QgUNN7okY_NcgCHt/R4dxcD3zucznlSIq/58HGVv3w-19uilsu/onT8xs45_4by0NM8/fK0-XoHTiJTTMfJ9/PherPgFyOXAljlMM/BuOb-WlyH2iNeUAP/_-K7Zm4ucv0"
"1771750842-157","https://eleveprints.com/en-usd/collections/all","","Fluttering Wings Sublimated Socks","$15.00","","",""
"1771750842-158","https://eleveprints.com/en-usd/collections/all","","EcoArt Crew Socks","$15.00","","https://imgproxy.fourthwall.com/lPWsy_xSAJGy9FvUBO9cF_PJZr93uMiFL0zDfaDKbu4/w:720/sm:1/enc/RFYr9CYqRIVlzQ6T/4Zlhtk8Ugwr1YNRY/as_6ZQ5qLdp-7_-Y/iGv7noZwY09nGzx8/KjB7768QaqIQK2nz/splPFwywl4Ws4TPy/eslVarrgv_T4Anxf/tpr0XjlDMNaZF_V8/ZLJg7vMMKkHg6q7b/hKaDk7wLAhJIdZ-9/hN0h0a6PovpWHJAd/JL0URggun0HrRbUH/wO6WrmXOhhbXVR4F/-YyvWK9dpsUYPZAI/jXTd9LWnMgw","https://imgproxy.fourthwall.com/a6ILioQcEJBBBU3Nqi5Dy44VDn7re72BDslGvsD_e_k/w:720/sm:1/enc/QnOwk89I1vDQlniR/XF-3ZBi8CnZPscfR/Bi9qhyypkU9kmK4I/8KUfJMBW63LPH9fk/CLMf_6p1zpHkoHuZ/zRIrhjqp-BJPWnN0/W05oh56GP0GR974-/yunzjkqZjfpsw-KB/zYDQcHGZGiCES7Wh/OIIEbsyT5eewfDgB/L2wgg36Dq15WH0zS/DaSoWLx2L0jIqDP9/gYL2THB4eIOn4-qB/jYK120r1GroxVV7U/Wo3yw6ZzuBI"
"1771750842-159","https://eleveprints.com/en-usd/collections/all","","Skate Fever Skeleton Mouse Pad","$14.00","","https://imgproxy.fourthwall.com/xf_RLULJcIhbtsNRINAim-OYIQXoyFeiLdNPjk5xLus/w:720/sm:1/enc/7n4IK3lGY5IIfS4S/jOyo-uIxXOQFcNjc/g3YG1oyrJume_mY8/VOmc8AJ83LCqrele/ircjTH339Lev9Hny/E48bU1qqKDox_fHa/k3TyPj0cQQXzRKOm/to1BubjmnjPsQRIQ/jyWqAcG_sT_pw7xT/4AlZINX9GJknz50c/Nk-_aKkWZgH5L-vP/h1Lo60UMiXY6MRcg/W1HWIARs8kugH3_f/D_jaE7vZCGCcZEVL/vpdwqnDQtvM","https://imgproxy.fourthwall.com/qaOLa3Lugjw1aZxHK8AzruMh4VjSmk1oX-ZUklbdi0w/w:720/sm:1/enc/_AClcupOnVmkZ0NV/4kK11_0lgedjXqRu/iTQjhg3pCMobTnCc/o5ObMAug0gEj3OBV/GXX-KXaHNJfMfQBv/appFxsokpFcVmzBJ/cxqbot9uCGzAf1gu/AvsEEgwLSzDMRuTU/V8siXOD7A_9JbjnE/5Sh4imU_sroQG_JY/6FGqMmGITGerLMUY/35X5T1EwdyqJwGoH/0cEjHE72s3__5uDQ/Hbkz9FwtoUkrikSz/FcttFqS-NPI"
"1771750842-160","https://eleveprints.com/en-usd/collections/all","","Skate Fever Mouse Pad","$14.00","","https://imgproxy.fourthwall.com/Nk3sxcA14bVbpbpzCNXLwPcU53ObuHVeLWq8kQiyjQM/w:720/sm:1/enc/yOGdXTVlkAhHT0D3/XqJ5Znq2xmxzuUqi/sYwhUzO7-KgRkEMz/XPZmeOG6TMOI6tg_/sDm67WFLli8vkjsa/_pGgJ2zNFq406Zyt/Wj3vqnTASQnsWIxh/iow9J82ogVSoex9y/gHbmeR6D0-aDfFYx/ePXX7ITwfnQDMoS0/jlPt37fC3Se8Hst0/JtEUQTpt1OaD4hoY/tz-7F9xIekg8hGOm/sbzk0pqhP77V9b8Q/8OFoU0JCdD4","https://imgproxy.fourthwall.com/WCprbGvjW3hlk4I-Yco7i7LAgRFzn73-04YmXfWked0/w:720/sm:1/enc/kbLkguSakR5P5F4d/no62fsMUmU6UrVOP/GWYYT8OBz0wp2SQD/LCyqIcmvshm3mtAa/HRLmQyAqCNqi96Lo/-A_7ibrEMKydJPWt/NriyhXEhjAQd5KHg/flYQdV4mSX1C7tDQ/c2VSVTbZCUcDVrUn/vGF7NzYWHBQw3sgA/HNBDeYiiOs_1GCl1/cdLMxY82LMlDLEKA/B9MGXzlToK95CdTw/CGqaGCIvyc7Nb2WB/Lu8QMqIEfi0"
"1771750842-161","https://eleveprints.com/en-usd/collections/all","","Skate Fever Mouse Pad","$14.00","","https://imgproxy.fourthwall.com/f5Fldv3jH8BGH-clwnjvxwQV-ttbyv-N4Xmj7WWtFoE/w:720/sm:1/enc/bkOceUH44WDdoyjY/LwuZ7hEu-3x2jVKG/IUDjGugHhK6jFJLk/3zqN-YMHooshcKIJ/E6aWSJoVZ09f8I4Y/AMSwK4RhXU1ptai5/xnaPfm70oEIuqhhP/SuWcKYY8ly2zNNPg/oR9_U8dAefpWtULK/tkpT6XzgAN4hzg4J/tvsNbvB_eGLEHiqd/MHc2p-NI1Q3R_yZh/7SvtUb3Cd0jC5lQe/E3zSl-jWF9s4CJNc/W2ly9jyOsRU","https://imgproxy.fourthwall.com/RelWtTVq_iz9GhHTOTHYOWHDaAXOjdYIdN5ZozZoUY0/w:720/sm:1/enc/1XBTdWiz7hQ3E0R3/RBrF37BvKwJPeBc6/TlCtHhfPcoIV-c2W/8gI_qdMGgcDLIZeP/cUj_8YOKIUIxOiYM/w72CmOJ5OBdE7xeS/M15Zali_A0tYI2dK/rNehy86CSKs4U8kt/rKmsJD3gnRKoDqx4/yFc0kVQDknMyfrXB/wvxVtqIfRQyl1lMM/EX0dg9yyqOjmG9O0/QRQMMehRM_7SdoSm/DdTQSN9IhiGEd43_/PfJ3MOl8yvk"
"1771750842-162","https://eleveprints.com/en-usd/collections/all","","Skate Fever Mouse Pad","$14.00","","https://imgproxy.fourthwall.com/vuNDw8i7DVPFqL9P29iYGUPzss4epnQ8ZAgwx2qO1zo/w:720/sm:1/enc/lAilWeSheUHjTy6D/6O6GIi5_S8x02kBx/X3NUoOpRBAYfUJcX/E5sLTejC-V8tkLbu/_anyWKuYjzEVZ7Yy/iLZiA335wfPmrUse/5YIv5HqCI_6kSoaD/vAS3lwoFS9h3kKFJ/TCeu4B4XzFdBCr6p/1E6SS8EY2Xz9Wfg-/6S7G_mIPp1tmFj_G/47J9axQrHxBlQfpy/aazxM3FuYx--QZOE/23bwUQo53eHYBKMQ/ehNFM2pwhg0","https://imgproxy.fourthwall.com/f0lUWoGKFT-Wx1YsUJSk2E2da38FcviuClprXyOLBRw/w:720/sm:1/enc/_W_PKYuyYYTiBya-/64-vKHBkOKECPedv/Im0TiF--hLwNf_3b/jAbIZCElzrSmod9L/QVQBMHHRUPwi1_wn/mTsw8C_pP9Z_GqBm/mVzx-gLFep0haAD2/ECyNrpPx4ZRRpdSq/dnGC-HdzZjAbg3EA/Ttkgb9wcIEs0CZTM/Px8sczqS234Xy8x4/dnxNZl1NXxuzaLEI/88vuQfefaXOlgKk8/fwxEkq5XBudnsz7Q/S68tio2Y74M"
"1771750842-163","https://eleveprints.com/en-usd/collections/all","","Eyes Wide Open Mouse Pad","$14.00","","https://imgproxy.fourthwall.com/xSbzErfvCQ2l_xjGmY6M4KN1MBVblfhMQKXAYZt7IZA/w:720/sm:1/enc/yOQPWaDFas8mHddW/_n4urH-Z1aAmYLmL/hEgXjWyC-GM4StBH/qYg5jC1V4aAhe501/65Z8_SUmsPxBrwXI/ACIcMPBl6Ky8Uhmu/ztV5McG7LLL0OlcZ/Oj3uqu_qoDO14WED/X3OfaLAvjNxawYqY/fbcfT07sSq23KVv6/NgZ0eLKssfBldd_I/ACnCTsy6-hxeJqhr/67-YUg6sRVXrTAJ_/mZ_nqJLChebS2pRB/EGTPrYbXhNY","https://imgproxy.fourthwall.com/bT0BWkKy3Xr3YtW3YuimmIuo0amR_n-ZxgdBVNbvaUM/w:720/sm:1/enc/EFuFiVvFHN39bcxP/MqyrlvzwAWJ6-Knj/vl_ZcCBcM-PN33JN/kfTgSuCgztxm8xyB/2-0qsFdYEzmXVaLt/Je8_0vdv9igym2DV/pDSvFlcpfLmeW35Z/0BA12b8HvWkMQGVC/cbIy9bgM64lO2MGK/deZmMJOpZhVuMuPk/c12SqlH-vy7kqgR0/jLx2Tu0wWaWNQI4L/TuoLSX3beCkBNp5w/PSiVeKBPSMC24Cnt/1X_Ubdxo0lE"
"1771750842-164","https://eleveprints.com/en-usd/collections/all","","Midnight Sky Desk Mat","$23.00","","https://imgproxy.fourthwall.com/Y-YF4ZwqBhDAuC1zqJLduUa6w69txHh98s75n4BQ9mk/w:720/sm:1/enc/BCMFHn3fupT3M36J/dc4NXgpwTkMzlyWO/IdElBVug413jb6W8/ottcPJOps3xwq-Wa/zlbLnCZQ2e3WlMfv/3JOmHrl6GSTJ7zC8/TWOdkuPPr_W8NKQ1/dKjX-0H_mdWfI0DS/ZJzAI29nBDJdUpgr/lpTy_DO1ucE3wYIi/NanahPKat7moDQ73/Wg4Y-CZY9TUyhAwA/plqngIwBNBAqH_-I/N9JC26F7DRby-O1E/M6znpYn_1pY","https://imgproxy.fourthwall.com/8HWxLMlzUrDqSawFd4chfhh1ZOWFSggXhvxK9jRN_zw/w:720/sm:1/enc/iJvkUOt58UfBNqT_/4xE0vjlYPlIwy7XY/74P0_bt2fTz9QEqa/46_Xy1qRIBAHchaR/KAXstfyNb4Brj6e3/4bCXvsJMIsuhSWQq/sEV4yuMG19nT5n7-/cd-nrtDFKl5D0_M3/39XPV6WPJFqqNokT/9s43-Id7VGjCbfPX/CzWXy1A-fJr-jq31/JVnKwutAcnXHVMUA/tY0Yw7M3k2MJvMGq/1bejt7BaxgOPjKqq/wGeyfOBJcB0"
"1771750842-165","https://eleveprints.com/en-usd/collections/all","","Skate Fever Mouse Pad","$14.00","","https://imgproxy.fourthwall.com/MU3ZyBrf9Dyf9ZAgkQyYfxTLnqs56rIxLu6hnGM9EeA/w:720/sm:1/enc/2D6B5hn2rNBXtAzy/fPHsejYO6RXeQAZN/J9hfYBsZgCq93OAc/kExfgsfOhAEk3xm9/S5nMoa5dclVmW36p/9OWvJ03oTaN_xnn9/Z5Y4XT2tGCAxoZy5/tCbNm_uBz_m2r8Qp/5S2xsif35Ud2_cuV/qP1M0qETLH4IghWW/DoJayAkJcyxTB6uX/1mOJc3LzOPNJkQ6t/WiGDRjLQVhmvQuvF/bHqb5RlUiK_OFElw/2hiuGQ4INFQ","https://imgproxy.fourthwall.com/eHQBTn8JSJch8pg2woKsAf8cZdspAsgW3_GVDmCJDKQ/w:720/sm:1/enc/gwy4w-MOpD8czNGS/oRIah59m1ZlUeVon/xjhVfD2XKw8LZbju/laGcL4zE0-km5B_h/E1Mo_h140JSjfjPM/ngvI87ckGtUpliia/ekRK4cPBZ8ce4OEP/yiBXiuHJN5647i8D/RupUd6sbxy8aPtL1/jZyfB02tyNMA4t1s/zJuzivKDaCn3-ESm/NwOwTMmeyPqyhdW0/s4pnunuz_g9U_ELF/6VzQ9g7kqxAo3IPC/_NttcG9dBOE"
"1771750842-166","https://eleveprints.com/en-usd/collections/all","","Different View Desk Mat 12x18","$21.00","","https://imgproxy.fourthwall.com/-QEttCq0awBdpiGF1HypSvL0iTMVdk2pi9MIjulPA2Y/w:720/sm:1/enc/zNgArqwNsHv111wV/VpW4prl57DIgYayo/11e0_tHB_5ke_hYt/5LN0_L5TnNwoaSdM/vCjcJ3oUsDoHwuMe/1yktKr-tiXprqzz2/Q_niU6aRq3AtEVcy/wIdhl3rJu3qYf3UR/FpJaQFeZI_Pa-PDY/UNblqGCui4TeQoxm/aV8vm5YP8qSi--Ct/FgJ6HW3mwmNkLang/-2VB-LrrRqgRenHp/50ezS72XxrYbY8eo/7KaQGzbB1SI","https://imgproxy.fourthwall.com/AF3pcMJo839hT-L3y1IwHiCUsYBe-V_f2P4g_jHhwbY/w:720/sm:1/enc/4ce0dc_PlgiIGAUC/AeLvs2QgVzNErIBF/zkkRrAweS85JiGIe/1jnV6M4-CwJnM2Jv/sxNUiGkaNC06bVUU/n_lQunR8lW6S93Kx/ja5Z9oDgHhHZWdvj/qKqtvqPXMA3X7bI_/gQ9qbrc-_WWOMcjH/YdM7Tmh1liefPcUk/t8vmajNQsDmqb0RA/Wy_TR-lJiKhPYbLF/MAVB08Afh0Wh4FTo/xPnMZl9SR-HmI7Sr/_ttFTfZQgA0"
"1771750842-167","https://eleveprints.com/en-usd/collections/all","","Constant Change Desk Mat","$22.99","","https://imgproxy.fourthwall.com/FH-6Ze2OGTYfku1CqEyhuhbXuY-y9B3TC0AEFVn5YkQ/w:720/sm:1/enc/Hh_Jq21xnt79t6qc/EioSQpuy49mIMkJZ/ytv6v9WsvQLZsmiS/X3iCIaOd4HtviAZG/cNMXHq_nYfaLGwPK/fCLs93uIGtLqWGha/R4RoBs1lbiOByDY9/brWx8opy3akK32-j/U9ru0o8zJLRd8ZJ9/4QnDgQGoGQAuaZPr/mjBeJy2sSgrUPDL2/8qsa4qz1NtV1RWAK/X3wU1qN2YDDvANQP/J2dRFoyrtLrAHGOH/kCh1ce6dN2c","https://imgproxy.fourthwall.com/we2cnKRwiVVMf4HElGsM1833n1h4aKbzQt3MmM6zjeE/w:720/sm:1/enc/fUSLPLKXmvIymNZW/D5NwuRyPCiSxgpuL/9uqjZXGsbPi9LvKA/RxYsGU8blIP_0cng/8r8a7NgmyYmQsUrF/yuM3QIl3XN72_3Kr/Fv16swaEyVMzkLVv/M9emP8fumjrjFLBr/pukoamPPI1E-K5A2/r9FN9AqVx53Hzq0K/FRcyyuoq5wcxVYXw/fJB7vX5DZ14Rt8Wz/juf7suVgxft2bp2O/fQC0WlTRgZ4S7LxS/q8px32wVpEA"
"1771750842-168","https://eleveprints.com/en-usd/collections/all","","Hacker Cat Mouse Pad","$14.99","","https://imgproxy.fourthwall.com/h3Gh8mi1BIhRj7rD7ErwR7GmCzMbPh_-W1xfj4UlJP8/w:720/sm:1/enc/9DAl1u0rSjf57X0o/ChqzKjSfwhd2KVBF/e7GZ8iEyG4ozcLYA/tNuxBhu946bYfOoG/PyJanncQWiNWM5Pt/xntbWItiQx6WgGKD/IGDIZ6tvJXWj1zLH/JVfS_J95ZrEBU-rq/6siFYMkAF2ztVQb0/KrmqQ1KIU2-JqRU6/kjL32d0n6uxecifk/L938STcUvQR1hFv5/zrIan42c8zjpuxIC/5yC3rdkPnbVcMkgX/O1Gzp6W_C4A","https://imgproxy.fourthwall.com/18Vu7U-HUbQ2HbZayjdw4u1rwS1BG8INOTUAQ3Bn3-I/w:720/sm:1/enc/spZ03G-SvW7o_sCv/x1iUp8snLFeSkju3/6iyfMckTSOWba8nk/KrhOBmyqmUNyMOJu/ARa0UT6q7LjJZ94M/QVYSoTpuqOK3nyvf/2ZBLyVotrJ4gW_YE/GLtr-D9i1SHiN5Yu/i4G6NaCCyaXK4s2y/tLNkRhC191MBFv4Z/SSSpPdwkvvXauNXy/-nXwxj_rD7RJpQjG/iRoX_MGv__PF-Y7M/7XMfx40ngFhLd1VU/7aPi6yg6DVY"
"1771750842-169","https://eleveprints.com/en-usd/collections/all","","Motivational Muscle Flex Desk Mat 15.5x31.5","$23.00","","https://imgproxy.fourthwall.com/be77STNcA4MwLb85PpFN70BJKaxgoMRJhG9n5lAG_-Y/w:720/sm:1/enc/Jb7MAYsBOyfh432M/7lieA31SjngFSFKE/ATD4Tct87fRJHUhg/VGgnafbIAS-c3314/pfhTDnawQPa_Sgx7/CdX55iqxyG3i_HuW/JO0p5CKxNFKKoa2G/aoA7y8tGj5OpwBsW/KBqbo7mtfB5Xp7Cf/2gbumcXEaIUOqZkO/ZumqhJwhjx8kCN9H/7q-ucZt1CqQwoGa1/s4SvDjF5IUJJyv6L/DepxD88-ypxXkhQa/EykH8Rey-bQ","https://imgproxy.fourthwall.com/_jEBto5lA4B2PJhWGI2kNGc3jhZHLElGOiRzeKrlfuA/w:720/sm:1/enc/a_k6V89rovuMy7_7/a_YnP0diVcfPD64b/nqmgvY2z5ItsGGB_/i3vDGpOeCbDeo2lX/xcrLKrF-k82uq9PF/xmyYBqRk4_Tp5nrf/5kNl60Hc8FYF_Slp/HaXLWSCle6hHOFH2/dGEejxbE3BVrKT5n/-O2hHsiMJ2TL0PRj/-JGnkgexGQhs3us4/wojczWdmb7Fki3QP/isdqxudPvH3dLeri/LAr_rudaqkr0b1Hp/RIwLd3Ntrp0"
"1771750842-170","https://eleveprints.com/en-usd/collections/all","","Muscle Garage Laptop Sleeve","$28.99","","https://imgproxy.fourthwall.com/IOGM3b05ESk5NJJ_CxYw_V_qIpx0JirKmnsfGY1sNww/w:720/sm:1/enc/3Oo_0yr9wI8g_tMj/l1Uf8Gky11nbi2qt/VmQcfyW_w0KsvMs-/NnMfj_4pA34iZ5oD/pUkVSvLCIwX3KUJr/H5LekrTFcpYZFr_1/U5ujaH06L-tzdmE5/Er0Ss_P7rJA8K721/R9U8gmQQrzS9Kw1S/6FPSz_dvHlahGg42/tlT3SU1ecnHTY8dQ/aIarSCSxt3xAXvmt/YcEF25Tr-gpSW_mI/i3bMj5OQEEhMJWZw/q2N8dLN7QFM","https://imgproxy.fourthwall.com/4c1Al0J0sYv8BPAJfSmKTY9xnhItvzK3ovnkDutp1aA/w:720/sm:1/enc/HdDERrnJX4FYz8mz/8IFf_dPmgIuOucc1/yTTwnZMDqXs0dQKi/ZSRov17pVlf40hY9/GUs-HsQJoGroKN5m/qGkQNPcJS9_BPoFV/WSvYqsXKvodhpPf_/GmZ0byFyIgz34Xhq/vt9Kgs4vNbj8h0Ub/Ouf_v53Uqxtuj45N/6lKM70-l74m5C1pr/sJG4ud9oaQeRUjnc/1H47MH_rVc_UP8Ft/qOBxowAlBw6Qs-fb/VjEBvTO2YpI"
"1771750842-171","https://eleveprints.com/en-usd/collections/all","","Birds of Paradise Laptop Sleeve","$28.00","","https://imgproxy.fourthwall.com/YRDubTE65POAipHHPr1NlK7BpRr-x-iArTFIadAROp0/w:720/sm:1/enc/HdqeXVF4JdS3cFxI/4l0NApOXoUVHLvgH/53WHfe4se3b-W2E1/wn9Vq_iaNTkgW-8n/q8Uyf3a8DysmzUJS/M4U-PPn_dkXGjDGZ/KtR24FOGZMF6G64F/WKQQCqDJJd-mQcGE/BqXfkGPes0zlDbsA/78U-gtVX2b0wFt-D/eq1Vh6bSzTp39NuB/WitdIzBsP5tZX8gy/Re4a2Zw47LmC3N-G/C7GR4ecq-98hvJtw/NW_Sw_TnKRI","https://imgproxy.fourthwall.com/YQzhglVtt0YlWg2JaD2ssxhLUd29g-Lgi0bSDUbNxDw/w:720/sm:1/enc/z2IO24A7c2M7VNLt/n_czdUI_g8Tne06s/Fpxz_i8fIBv2EWzg/ZpgD2o0d7uOB4Rgd/pbfrSZ4bE26OQnBw/RJ9cR2O4frngTE1M/RQB_1sI6hVAFTI9i/gKlz5K84GwYEgJ-v/TQVRe8pdki7aBhNR/262LYWmXRvOw5FeJ/_7lp30rXhtnSsASd/ECDYkTtLvcX9OxCd/Ayl3WPXdR8yO54HS/75IFH37p2xW_RWxs/mWcWZFYqras"
"1771750842-172","https://eleveprints.com/en-usd/collections/all","","Ripple Effect Cropped Windbreaker","$51.99","","https://imgproxy.fourthwall.com/h0UjLzPnzhRmtW-IyPuIltt-ekE0ZFWQIQHfa9yL2Uc/w:720/sm:1/enc/5TuiNkWyVR3vAGe3/euhv02h4yqKfudaC/OA_qZzPxPy8qCIrY/kiIYSoWAz7hH6ZMX/kR7HeuKYBJF5l8Js/GdgogV4TRTmEKOcf/sTgJwY5l2RlQ6TGO/fB7fny257MBWcsHH/11lE2yj0k2b9lQPO/V6DBXJ8Hj-jGyJpu/VfuKgZo-Z_3DpZMq/9MyTsBTpIXV-b2jj/2fwPR59A_OK0Wf2G/8JPus6rR1nrZQETA/KCTCI9XK41Y","https://imgproxy.fourthwall.com/_wjxA7mHHFizdfh39RTttn3sZVdSHCgqGghU1wYkaXo/w:720/sm:1/enc/SQUjmu8nmLbYcMWR/RmyHQG3BbiUFofUO/Qu6d90P0pa0unmw0/IbMDCAUEAtivE1d5/7jHzwT5SUagakwBz/eMbvcqW4jv8hi9cZ/Vylhv5iNKlZYAoXF/8M_OBC_8CxihgINA/_lFHKNR4ceUz-gYo/hXcYnavhYXUaxGiI/tnt5n4RkAmF5ySCc/L4qAlzLk489Gl8hW/M3aBvHJGnsrVrjm1/AIA_BJzzZ5kBhHC0/CzpE0vdsGtU"
"1771750842-173","https://eleveprints.com/en-usd/collections/all","","Midnight Blossom Women's Windbreaker","$51.00","","https://imgproxy.fourthwall.com/1yK7FAUuv02UpTmfUnDu6s9XHPA4e_9kzBMKv_kpKbs/w:720/sm:1/enc/Rs9hi6W9ZYnPxDSE/SUBAqgFkhPZ5HbJK/4svCncXftAT1WgPF/YNmVwOtAEH3lkmOw/fchkzOrSlbWhhA38/wQgr4PRF4AP1fJxf/vcSYqIU6Zk9DDYpN/lBeEHzKWcyjo6695/yopsph5nWGEb8JeY/HlBV2w4IT08GSiXg/J2eIaBNTTWnCW-MH/am1iw3U5K3SuoZS6/EK0FxIulYW1VLnpB/H4vQcGKxJilMPisY/kdKy7KXdAI8","https://imgproxy.fourthwall.com/T3WxjkH5andsLOavjpE-kv8apB8GYYJo7np_tbYR9nk/w:720/sm:1/enc/pFTckT8C_lgt5Xc1/cOaEvAAN-B_sywPD/zIXiwMd3ZRpCFWg9/1y-5ExysBCkNRpAu/whx5b1Ya7goM3XG4/SOXvTXsZkN7khLDA/pW_KiMSxzG97yp5F/XDhmDIvxVVg1W8Jr/WfqbFlxTuVCmB0zR/bkntDMoDv0HYaI_d/0TiKOekM3uMNciPh/IMWpNesZLs8ZNHVm/jO8bJbWVNiqvNhPb/WBJXijEzOcFQb60k/6mNDrByROTA"
"1771750842-174","https://eleveprints.com/en-usd/collections/all","","Chromatic Circles Women's Windbreaker","$51.99","","https://imgproxy.fourthwall.com/dW2ewXw_wKkciVAtN_LvB9yshgKUXXPLadWLm2bBabU/w:720/sm:1/enc/RZLtYBEIcGaivc-F/yRByE-10y45UuQaE/_4gRtUZU-grUjW25/XbjBsuZjWmBJlKvR/RTZXKv0t9ojWffD1/PWcBiK_HmrPfeV67/T1RONjSrJ5mFlXss/jzdqebFzKx8PT9c4/zGyyNKaVasts2C0i/kJnJoi8J86MB0-4R/j7Zh6wBTSa29jbMl/iz4lGx3wGh2b_H6c/-NF-RZ50eGWRvUgX/i-ERuklgpbt9OZEI/FxnGaYYPNsk","https://imgproxy.fourthwall.com/oz5HU0YM0HMiYsFUXPpU7z6zUhvZ_jTBETc3SXdfE2E/w:720/sm:1/enc/UizItcwx3ZaXWemB/cosdIcoZkbaurzHC/mMrsw13TC5uLy11u/DAs65d5B1s86KyDC/UcjXlzgyHC1-XPmT/b_dhXvnYWLIohcAD/qmNm-hEXPyMCaocp/POT5y8WcGhjuVtON/UxvqFfcEjfTP_ezn/utRDj71aialRAoEy/fzv86sM1xTnqxF4c/IghwxBLBxRmnU-Yz/ifQoioq_rQfvEWHN/rRbC2RLk5AgiFgtW/veNAfMG8yk8"
"1771750842-175","https://eleveprints.com/en-usd/collections/all","","Whimsical Purple Dot All-Over Windbreaker","$51.00","","https://imgproxy.fourthwall.com/AOkrmtSWewdfzmkOSv6igTO8ttyayvoUH2VhfIEXlP4/w:720/sm:1/enc/VMIrF582unQD2_Oz/22u6moPa8Yyy8vVN/PdNe8lbODLWexUZw/3py8qRlqHQj_3Oo_/uQ5iJJFbbH3gVtJv/i-OFiqnbY-fvqw7O/0d_ScFLYHGkjQMcR/38jgy2cncR4edKvJ/oJrFH6eZP1nabGn3/H7gWcbb_5PzOm-p5/3mLDQ26G0kX8swFF/8OpOFjxc8MesVASc/2h6mxu-WConkOqML/noPVS0HdsPWJ2lE6/Tb3j_NtT4jU","https://imgproxy.fourthwall.com/xhdKYQvne5wMEfskLHO7WvhYE8ls2DiVmu3KpydZYUM/w:720/sm:1/enc/yy3F8UnnD2g5zFPt/D1kJzFBa1LbshaQ0/1qbcjr7nhZFsK94l/9PQ01udWyej6VymL/15k_8srwGBW7yfr8/_25-7MtUvAUQ8k49/5ZihOCmHQ3Q8HPDt/1yeseOVTkOeyXWrC/t3bS9AtSYxy6VEsQ/49ybkvlSkmRTCO5G/H24ieGiLR1QPGFCG/ZmI1LowFW3eu7Zqi/B2Jj6xxmqfNFoN5V/fmBeBOnETn2bojCU/02ZY9ET6E4Q"
"1771750842-176","https://eleveprints.com/en-usd/collections/all","","Urban Breeze Women's Cropped Windbreaker","$51.00","","https://imgproxy.fourthwall.com/GW1s_CvZltjWldaHJyB1ahTowWvKQv67JzfFWPZcnAk/w:720/sm:1/enc/wMNB7NzvkqwsUbwv/Z9R5UVYDwu8EcEUy/8wQ3TlQjVa8dbjOC/dCrqOP7cEfl_qgzE/o-8aNi8x490Jvyb-/CYjar5gZCD9PDJQW/39Y1eZHripZ66-xd/0pSexCL3X8bXSezy/EyzGlyOaWOXb6Nuz/n4xp7ghQgPAu8R3n/FXobX7cCtAdXkJlj/80zwBVVIdYVU_H8-/-Q8mtxuxuvKA-LQz/Yf4THuCmWGM2QGLj/Kz_RwI3EzsI","https://imgproxy.fourthwall.com/pfhb4gDd76guLGuHUx-oh2OMPNtlvbEdZ8xzCfGe8Qc/w:720/sm:1/enc/8NfMbwx2Ut8W0ebu/Ir7YgxIjm4LzuUcp/j7aPjOlNq86qfa3A/l0zno1W1iXqhKtXc/jB-IEj3GZjmEIvgA/X0ZYDDDcmzWY1AaE/sCuCpHPzcF2aX06q/YyomVgV0XgXNmh3L/oLvw1QQyo0_ZgzUg/ejb8wPL-yEU4tAEJ/JzHTnOVjvcGZ3o-w/AnZkqs_W_6DwQdQ7/iXpSPve_2VY3YStw/i2FNeMCpS9HOuIfh/ioh_FHWlUmI"
"1771750842-177","https://eleveprints.com/en-usd/collections/all","","Midnight Mystery Women's Windbreaker","$51.00","","https://imgproxy.fourthwall.com/OpTQfABN8rOwAtThY_7tKQyNdGTtj3qH_hJQbijB8_Y/w:720/sm:1/enc/2mci97ikXcg2myxq/yPWlt60ZZffzloNg/BNHMP6gK-AswHSyb/DV7Z2Q_S6QxjidHn/0Rf9U9zGxaOGf2Hr/qBbJMKMAXDKmzfPP/NMoS7xwL8Ykme-Wn/KBIwSH7_FFFEp0TD/M_uD3igcL53UevrU/4WikoF_pe2qpVogE/5lBXZlqGAwJV6y5k/f8LVu0NN4FhwB3s4/7MAcKp3ZnZd5Btln/gz5DFC53ZxjbVM-e/z4O7DcYTqKs","https://imgproxy.fourthwall.com/4zZxhS0rWL2ZM48rsbyeXcs8CLO6xGBiCwLW94crLHk/w:720/sm:1/enc/lFLO9qeBfLHQI9D6/xF0mnI9ZJSdBPZ6T/wRXGxK9BpIMM96ju/lOvlM6TThz5_Qssc/mD0G8rZWiDCkP7x6/ATbc3GBX1oCDSQt6/uaJI-TPF2MeDQoDx/S1oRrYPytu7OydT0/F-0y2y7N4IEwIVxV/GjTACDlnaD6IQGJj/I9hf_qAiYFr3oGT-/Em4lBeK1nOxKjd7o/qpA7xsdyJUnZqyLA/gTKR6n2OjLA_mRXf/i53ijNc6u64"
"1771750842-178","https://eleveprints.com/en-usd/collections/all","","Citrus Slice Dreams Women's Windbreaker","$51.99","","https://imgproxy.fourthwall.com/X3IFY4LjqZq4V7wo0ls-hbaZTwYPPizrhGGTqufNLMk/w:720/sm:1/enc/qtCX0BviYIaLOyem/xcx4I_B50q6MhSsC/dq479fc4uA0S_1jl/8IUdQERqSsQ1EFE9/PXPntSyedoWNAneb/nO18-Rfc9ANZNcwD/5SBZ6ze8-G4bmmo-/bO1TrgRuPQRhvQQt/iVuB7hkOSO47fI2F/DyQJQUcaOanWD-j0/0B1MPipFPpLBZCB5/xXfYMi5fRDBFFwPa/Uf7Pczvw6qv83jrL/ImcVrdrZeR82Y4-P/LXcMJ7Hi6YI","https://imgproxy.fourthwall.com/KI9MKYWqmrOcDnDI3p7ky6yP_nO1s2Zt54ucdXW5khk/w:720/sm:1/enc/QVA2TFLuogO_Pupi/PuYloyC7m_7AwbJm/SEr-4C62vuKQc7P_/CR0XXkoFiAvOT2VJ/_pqf4CwnH1I_QENw/MVB0a3-7fXbGBjQj/2izIXJjl5VtNkP68/eOMBjm0YBHWkLbBU/_eN1hesPMboBjPCM/sTWmcxxinYuzW7_4/zf8ALzajAp2XubIX/rROExTBC3Z3FX0iN/933B-9N9XOTAGffm/oLVAuI0ghdBzaSzE/0IW8RatTlGU"
"1771750842-179","https://eleveprints.com/en-usd/collections/all","","Customizable Adidas Lightweight Quarter-Zip Pullover contact for customized","$99.99","","https://imgproxy.fourthwall.com/GIIhPQQh0vHdM_EmLqogZ9vOSPUBi13GNKxor6nquuA/w:720/sm:1/enc/4tbOtWGzfSG5-c2T/lnaxSYAUEa0oPhV8/-xT1XzsYMCCcaVb3/scYa_ESnO9_AjjHv/RifY5ln5dATr7OQB/c8rvYERlndGYLEBX/C_v8loso2zKwE6Io/nWC99_U-5FrIV-3K/T4L2evm5k0M8wgWs/bESEF_ezRei3B1Up/41OjPfwtXuY-ji2h/ixzed4QuncLbVtT8/FHCba49Ymv5eJ17C/_XpD0aODH0xQ8cMJ/OumACujv7fM","https://imgproxy.fourthwall.com/ogFuOgoUiEdleGxTx4glKnJYIwZ2fuE71DOGbNJhPiE/w:720/sm:1/enc/yppu3MqcfXE-r1HB/qrMspqDkXHHiTo6z/BRcaXqd4dKsEmly3/Wq2vqAJEA5p9RRgv/2sBsNoNgXpcFoLWP/G-VuiE8mflSj1Mzd/C4QCuJQ1y6Dn9ekg/bHj1-XHiDROf8JE1/2rQU8wdpgdIxTcI_/6BD6-lq03mezsAYI/0Shmks6SimL8mLBz/rouJ1c3QLKUcuqDY/OW-iGKvsZrOQOyq3/_Z2ELe8lUoE9xI4b/pvixoKa2nVk"
"1771750842-180","https://eleveprints.com/en-usd/collections/all","","Coffee Blue Scripted Crop Top","$28.00","","https://imgproxy.fourthwall.com/DnW4gBOsqI_FqT6CVLabbeJ-fDRFoa6-spo0GoUegzE/w:720/sm:1/enc/db0by0kl9IDKcgzp/anvEmiJchMRbVceO/EYionJWn_yBG-34c/B8TMjMcseab3-eFH/tFI0nWonStPrFZk4/x7RGX_q7849Nz1TB/eMmvnmpNvyjo6w6W/PG4wxKq3Rsn-4b5z/siEuyPJrimkw3yMn/0E9VuGxS2guMRJcU/EZ0z82B3v49-njCT/5_N-UmTzT-9RtC41/dAoLkOaS5nEk38Li/-P1h9xQmFddk3YzY/eCyyLhxCmTE","https://imgproxy.fourthwall.com/-LRXDXC1dllQw2WHoVX9ZkZnUNR-aK1nGxn4CigLRBg/w:720/sm:1/enc/-pvPVU1HISfY-CPL/_yzHLY-UZ_6klonP/m9bP1EHeaJINEWTv/WnSa-ji2Kxhijr7i/ozbp7fEyvkJZ6TXT/Jdk0qYSMjGfmScu3/kiGvUkskG-gQO2oh/DerAL99fkwi3TJmV/WiQ0OqyoNwJ4t3Fy/BYox0DQ43u3ZyKMR/9SEg8ve4_jHja5YZ/lZW2qhW8bBPgbLt5/qm786bACAIsSgbSY/zHAhuUQ3tb2dkIzJ/KsQ6y38K5P0"
"1771750842-181","https://eleveprints.com/en-usd/collections/all","","Zen Silhouettes Cropped Hoodie","$47.00","+3","https://imgproxy.fourthwall.com/IMuBBDtpAHuy9P-0F-EQIGKzrzQn685OLdpz3TR0Qk4/w:720/sm:1/enc/yL99T4lfc_59RWZq/H1YLX6QcKNeo5V3v/MUUPpytptZNQfZ2S/LE4ptkXCQznP-U9p/3cIKc18sDK9A6MYA/GYmU-zu4Xe7zD2s9/ShQ3dwkmOt4iM7xp/_oyluG5Z9UMj5Ods/uscc1fFZAJC7M3L0/gOsU-QTjcQgwYL-4/4Ka22zbVIJaUbIMi/TjMgq5CCm_xA2FfB/h-pd3poknPM3QOTn/CdYs_YnU1TSxHr1P/Tgj1NdBk9jU","https://imgproxy.fourthwall.com/5zPTMgDvP-t1xMPFYw2iY5C7H4CYH7xBobggkIL1Ywo/w:720/sm:1/enc/Al753iVDmZGnuxgw/RCH88GGYSWPjNlWt/XqpoF99mAGh7raTW/nAjFATWpJ-9UIFz2/L0wapMyoNAOb3yqH/nxaSSmRbPXc2tqBb/ZEHBb-s-dZwBLDzm/Br0gYLYf233zB_e1/2JOdNJiHLnsHTiT1/mNU71PDQZCEdIffm/ADKCUCP_VfVFq26M/ob406rPkoBrFf_6t/B43gnC-tDBerPfD1/781tEz-kredO12Ny/cdfB73d3AF8"
"1771750842-182","https://eleveprints.com/en-usd/collections/all","","Blooming Beauty Women's Crop Top","$28.00","","https://imgproxy.fourthwall.com/5REhxWxFbeRnMUsMqbS0tCnV1e3wG1xrVdSzkrGhjVo/w:720/sm:1/enc/Oip2DVYlR_MlSyOt/03_KPvh-naQ6ZqG4/8rv64jtb-KK3RCRW/0jVoRKSQ0grc_I7g/B3nKvajeOwIdHI7e/59_G9VN3jKfyiEZL/ZC2DOVwxLkDDJj3T/ioRiD2xD88CEhKl2/XCERO3Gp8Zke60to/l668mIwWVzYQ4J6Z/fVSggglJG9Ef4tbC/PlJUr04f_n-D5yB1/SnexKup5Xz9r1QcA/kqhcKsrApqciDwGn/utxBXI_q9w4","https://imgproxy.fourthwall.com/blI2myln7wPe-rpVPUrddtiXP4tzDUOQpXYUihLGxW4/w:720/sm:1/enc/zEMERnCtI0w0ix4_/IHglK46uZ_4ZyX-F/-87iSgDJ_Q8oLZeu/YF6O1eP-3snpCIt9/32tyDIDN-RczBVFR/aZz3Thlof4ZqEkyS/qXS0W4A1RR02U5Dd/g5xkvQvK_NHBs_pQ/H0jcqcyNqRBNIHCD/QpBIlnfDtCGpvz3m/DHSumnMnbKjusigg/E9dujjAQIc-kVAma/5GpvaxbJwmPAy63D/znQKehZk-dzPWwIi/d8yxKTrtVNc"
"1771750842-183","https://eleveprints.com/en-usd/collections/all","","Midnight Mystery Crop Top","$28.00","+2","https://imgproxy.fourthwall.com/BXkW88e--KTZ4koM97il-L0qhzfHu_kimwwbwgNz1pk/w:720/sm:1/enc/ONaKbmwgLl03VPt2/OojMvYmNGXaoIu4_/KFHBAz50GBnnw--a/LFoDSL_z6R5SbRM7/NUuhkBjxCB8dMu75/-eyN99MtU_q57gzd/Lt2aTaqqcIach7_k/O10z5DL0HhHjW5rJ/B9HDwQGaSXBsYWnD/2b7WXhzGr2RwtArK/yO1KDtaMD4O6_efl/FmfuwjQFmb3FbkD_/1-pjCc1165H3yjHm/XvDnvM3tF_VxwcIN/QPLAyMg6LMI","https://imgproxy.fourthwall.com/QK3R_LDxk-ARRAOxwnWPxOSbQ3VSSo6gpVx137Ivi0E/w:720/sm:1/enc/MGe5hb65RLQwcscM/rPiB6Dn2fDlxslrl/VLExR-83eTDoAVRD/TaEcUO4fDZ15AUrx/DmrVg6ltAspbC7L6/4YXQxe28yQedmmMG/nWE3MStpHMO2PjCA/3ZrHrVM7-sDbBAHn/SXEPACeeA4zwi-RT/JytVihYV9ojfby-8/PisNdUpSU6HEDLnq/VgLmSHy6GGeZcQVX/Zy5Au44vBTuO0_qu/NNWohkrpiD3eiSUM/_p6V2jzfqYs"
"1771750842-184","https://eleveprints.com/en-usd/collections/all","","Tropical Vibes Women's Crop Top","$28.99","","https://imgproxy.fourthwall.com/Fvs7kwHNI9PYaa8WnKXR2to3i2NQ9ogFGZAj40JRHCw/w:720/sm:1/enc/BcrbnKI_vWbNpm63/Q8wQ4uZ3Bnmb3-eU/KdnSZjczT0rrJjzO/PMjIQ25hdmgzpMe6/tLS1T8Mzfksbt7BX/ucz3trzENc98srJH/SCAWnyzhpOBxkUZB/wklqS8nlObXRI7pK/FWnD1gOKzS-M8mCK/luBENF6Wqvws8ouV/-7il72cpiyvtxioF/_x3O2oDcnYcRqDMW/gNvLmb5oWLxLqUYH/UI_IGrkvy53YLFxe/-qStmVTfkbM","https://imgproxy.fourthwall.com/zpoE4b1VpflQFa5CirUD9BCqaBAmQGpmUd9vbFo_NA0/w:720/sm:1/enc/NlSDrhmKaU7KfN8b/dOBD099gTXWCL_LI/e32AZaP0Xx7a3BvM/ALz2flbi9TcELE5m/Msav5oFmRYkJMuaJ/1mjtEx4APz31dcHn/g0xDkFQ4-kQKBer8/mSTjq6l60Pjs70Px/_Fgk545zNEXp14KL/quTPkPmEdo-QpzMF/80na_ec08pmsV9Kv/ggjkeFn3NuAlte03/ymhROXUOa_OZmsIW/AH8Hyx2YXWrp1AJL/W5IEZSmYD7M"
"1771750842-185","https://eleveprints.com/en-usd/collections/all","","Bold Vision Women's Crop Top","$28.99","","https://imgproxy.fourthwall.com/FL1-venmcecuuTxV7I_CURzcSCAAGuglG6u_bVX-Ymc/w:720/sm:1/enc/keBiaeMlCyPNOmHY/OYwl8U5f2mFP7W0T/So7G3UgsFeKKrmvd/p3Yy248G6ojgAUhR/kZn6KYVKycqo6YVW/LX8NizruFZ43NdlP/oG1u_-dCXKSB2RS7/Bt049K81U0t133AF/FeJD7MqyfWLoAFE4/f5ugMLoZkzGXZHvo/PL_rAGgevofNLS1k/neQjrcF4heuR3EXQ/QdWbaEL-i5emEmuX/Gd200AMzcEhzpgx4/cAws6JjCyf8","https://imgproxy.fourthwall.com/tLhC7B-qVhC_flvWYOPJhCQxIkHgIq_MyJqOFTpgxUk/w:720/sm:1/enc/EAhVLXZSjb1mnHQp/zyBUc4FPpmyxifRM/tRZQVzo5iVXdAbnU/MFIVR5_FJvVHqn1C/qDRwX3_2PY-ORFJp/wbO6zyK79N4U7Z_A/AyGtQZ1MoAdUnHpt/QIuIuWykvfnmqfiH/_Pm-D40g3zJCs7PI/Eu5utg3v6_sDuElR/5DO9ZStEnM2Q7tuK/GVvxkA7HUrVJtOGS/_7L0BOXvFgFy5pL4/1nms1iW_x5a0r_Lc/Wj5q1UO1-ts"
"1771750842-186","https://eleveprints.com/en-usd/collections/all","","Vibes Dice Women's Crop Top","$28.00","","https://imgproxy.fourthwall.com/aJ0GjJDcic6zfvTVB-EVcC2Vec-Bubz_Yq6Q2pmtuCM/w:720/sm:1/enc/v5K5sd7hpfU5q4E7/WkxefYa_yePC9_rN/tVb_sabvPl_6AL0Q/Vm6UT2aNM2Wa2sJ2/zaVfdeGsLZZrG2rY/e5qAudcI8euDETwx/ConxmNnANT8Tc-Kh/kEGGAE9dvFh4M2T4/Q3G63KpmeEwidcBz/YXoEilLbmn9BHSks/V5lngerzE8V6LOXs/nauKVbNn7I1OwKz6/1u0PE_QjH4ZUKxHu/2PtThYyiJIdWvHaL/JTTsoMBJ2j4","https://imgproxy.fourthwall.com/mJL60Ev7dMABcpPRpxLjHddrUJJL86habwruggCJz-8/w:720/sm:1/enc/3qGXSDzWjLIfakqK/ibjNznjYyUdCfgtq/EzXGwrkuyXixSt2y/Vm4aqJquaHUhpNqe/65x0NMOL3DIxuaSa/MufdLoYH7Qdg--t7/xTf_rtB8_9ION15t/P9wDcy9sdt4fyQW_/YN17F7OejEq0tGx2/-YBqLLtjqMv0u9sa/LmDPrjaGqeFxXQWo/lVCVdECHRkSPCyZ-/QgVeaRrXhmIhnxoB/d0DGdGs-6koWkINw/nF2-t8C2FhA"
"1771750842-187","https://eleveprints.com/en-usd/collections/all","","Never Give Up Motivational Crop Top","$28.00","","https://imgproxy.fourthwall.com/_2HStdxSxdKN_hzmg-ipp3VtGONdF9fzxQPYbukglQk/w:720/sm:1/enc/pKzwKBBr2_S2vkxE/dYs1pZHhljMNMf6z/CuYWSkn9k5x6f90_/9KFo3Cs2j_jilCWa/IOcJ1f61FqoxZzK-/ZNXrbrGs169fvVrs/tndY4mDJKcuCfXsw/Ncnz9KXLZVqrI1Uh/G55WefTXhboa9vl7/4Ymg0gMexrQqVyJd/jnl1pR5eF9dKt8_y/r2oJm6w2-to2vCkz/rrOK8x5SuMquk47m/QD3fA1WAOpdZdPIS/Oefy6Nrk4pU","https://imgproxy.fourthwall.com/X_8ZfPpmtJHpuFfb1nGFWbLrdHmf0onkol6Mb3jKI7U/w:720/sm:1/enc/yausG05niHAgQ8Zt/g5LpPdd0cpVVkZea/LWNEYA204F3kvGrv/4NMLHRQxbY0I1eUB/XYBfi7PcsdXf_mvM/IFmDdaWB6a2uLNal/6dHKFkC5zO7rSXtc/PgnfgBoVuFxSiFX2/E6U4vjAE7mA903FL/KncNitwlXY4k5o_F/N1WCjOXA-g6kUgz1/QfuhW1guq4Jko13U/56EfDoMFFiC0yt4q/RNxwN6esLM3PAChv/UE5zrUWPisI"
"1771750842-188","https://eleveprints.com/en-usd/collections/all","","Contrast Motivation Women's Crop Top","$28.00","","https://imgproxy.fourthwall.com/bJaMYflpDD-69zSSi6AItO6C2zl3KsRJQuki2cS69Pc/w:720/sm:1/enc/unGZ6kxDzs0SWM06/VjompqeckSmDzo5e/wFt56itfwXMd3GM0/rJJ2r3q3K8_i50p8/TqVYdLVVuvWohQJz/OUZcmywxmZul1xf0/PpRMIe1d9SiomVhJ/4WbPCBj5JIJZ0zba/GVwZ87-_KVOabhmQ/6ymPJCkjhfR6MTa6/_VZkL4N_O8bm88j6/MKqalvudxf8QB4C8/mE8JQ_HN3IO4r4CL/a9staJVXvE7oSY_M/nhRbOWOnnJo","https://imgproxy.fourthwall.com/jbFriUYnVoZHsgQ2HGB7eKRZtz3H0-OPaUNnO1vD8_U/w:720/sm:1/enc/ZXXsmxFmbc7FwDd7/PeEJ2mRHmeXEcud3/DNvx-FTitUcNa6n0/YNjL7PT8khwh36xt/Pts_6JC0GRpMNwU0/TrelPswqQ8ttURSV/8VlK48dQ6azwR41U/wx7tc51HtPnlwbRy/lN4EFt9MMeKIRH2t/hiQeHys2-_kz8ECY/CtiZAKCyoQcIHn52/MYScB8Sedx5_vJJm/Y0zocfXE4DYZsGOy/VleoVSfCpGo6NAsG/-8dtOBffOIY"
"1771750842-189","https://eleveprints.com/en-usd/collections/all","","LIMITED Edition Redefined Crop Top","$28.00","","https://imgproxy.fourthwall.com/HCCAIpCUFqT38DjB7lABNJ4eECu3swlTiNtuOfT3h0g/w:720/sm:1/enc/WbYBHvLbZJ3DIkLU/kLLCiJqAdlYMw-bb/bUwNXlZNgW3VesKt/0HWlo9go-EtHifrv/kHfdEUbQjsGnt00F/uUrg8fpuQxZzprvd/dY1GBefJIwbj9vP0/87jQtdk-v7EOPsdQ/4qFIlxu_XyiM3Ko3/S3k5RBXTPSB1zt8i/RIqux99AbZdKz8gZ/g4squbPFLDzptcan/v16IcKHonoCoSBh2/3YI3T7VusHH2tOPs/6q6uby3kJe4","https://imgproxy.fourthwall.com/7cJv-dKizKMAc69dVw7Zl6R_asGUBMCmfnvl3TrE_eI/w:720/sm:1/enc/9FwIwkJqUxPE2rBL/oVpcc5HtWc9ANNQS/UBL0kgJ-h-fW_NRK/MwY-rdqdWu0wXFqq/8lJPOQOkX48C5_hB/KPhgz1VAeFSacJHD/qAJJ5hhJMzPwoof_/bHU-RuLC_iwH-mZA/-fqPCfwaY6JhdsTM/7AADXdDpHgmk5522/o6A7Dbf53FBPKKYs/FGzJ0_ymPqURT65u/mUz62xRZL6UiVlzb/xIrIt9n-RLv388mf/3OmDtrG4nDQ"
"1771750842-190","https://eleveprints.com/en-usd/collections/all","","Elegant Silhouette Women's Crop Top","$28.00","","https://imgproxy.fourthwall.com/sZF9ER-I_M3P4nOgjebWlD3YbF-iIHnD_rf0aO1dHRY/w:720/sm:1/enc/_p5XlLBCXpHzBRFI/n2T6D6OJz1X1fh9W/3rTCkJa2GTFpTnH_/uCJT9zl2j7U3fSYw/xhHRNKjk96XCqsfs/MSTBYcaXXAK1rXi6/xzddM_J12ZvYYDcT/wvLfQ2ACqtB77OWe/y021rJb-PNzY9nma/sjczEcGnBBSjVFzq/kwi5HCrxnr_EHDa3/x5T78ev3XHlGN0Dm/rXLSTPbHoFvdGayt/835Vj8Nh6Q-uwlAa/M5Fljesc--0","https://imgproxy.fourthwall.com/yqp0lMxsyXe2j6gMu9fSz9-780zbrLvRe7_fajzSC1s/w:720/sm:1/enc/kDkBe8lAcEFZJ6Ed/Si3rtpA8SvcW0z5s/fXjDdYV4QhvJadeU/RnKF-YGoEfZKe1Qe/k9D3DwtG7gnx7GVE/9hITNWB6GYnhnBRa/ppD7NqXNv45VmFMe/KWeSAXca0M69ipO4/KEQhncyt0-54gk-4/A5n_LRthFqrBe1ub/YHUb0yYayXPVRUAN/N6cnzn6X0KF8Aw65/F2CBlNVWVpY8JMU9/l6weSkkHKk5bfX7v/Lb5yyMJub0U"
"1771750842-191","https://eleveprints.com/en-usd/collections/all","","Strategic Moves Chess Crop Top","$28.00","+2","https://imgproxy.fourthwall.com/gaVDnlxbRb3gP_12g-ZzbRE7yEK-ZhBgJ8keeDDLDV8/w:720/sm:1/enc/OoCkbBjaNFdoPqhA/NAJGC9Vx2NlMs07p/jXZcoSmw2W6owU3t/d8nUJouN_afKmr7O/jB2yImAuU5IC41jN/_T7ABAigqeGT0s7T/bOVFsQ5fWhq92m_p/oDfnTLTrGIWtZWXv/eMvrCoZukNr-HAwz/awYumkvOvlQNrgHN/OLKeQLU2_ZFYDEnT/3f4zUdwnM--WTFRQ/JNpm9Cw2xgqFeq3k/5MHDGS4zqWcWWhGh/RovR2XmwCR0","https://imgproxy.fourthwall.com/I9xA7c9zbuIIORdsaRet3MFS5WR2cc5qv8iQU0hhn98/w:720/sm:1/enc/oqD6-LoPoapfYZIj/wLcq-rbgGscNk2ju/LN9BU8UO4s0c4iuJ/P6F34DIO__Y5GVS4/f5DAzIaOh06W-Zm4/r4YnWjMi-sA5Go__/byHfa_mzUKwFisdW/_86n2xlKej6z7gGx/6SsiEQQ3CpL47Rct/xcRA5VMnZo-5Q1WQ/r-Qk1O1bUdU9AP9-/JAVr0fCXLLirfk1P/1pB3DMoY5l5fHbB9/4f0LtYU4j52n8r8P/YscJt9dZgf4"
"1771750842-192","https://eleveprints.com/en-usd/collections/all","","Music Lover's Manifesto Crop Top","$28.00","","https://imgproxy.fourthwall.com/yXZs28u3Ozfk6JatciAC5W5zu-eHun7YGgmuifRDUr8/w:720/sm:1/enc/0PZJjzCSDTRPGrC7/bPirsMMfrIS9LAGr/mEeIb3U0WykW1GnF/Rgnx6w6v9JYPkVEd/CUkvfPCuShjui6Df/dZtDa2WFzjyqmQCn/SjcNlQ70N416cckd/LpuduIrbH-OM5zgi/RpbjV1A93h4wu0Fn/3RK6isAMMoVfva3S/3PUN_BOfJ6xPoxoT/7mrnJpG7apryytEJ/gulOe2DsDLpRUFtM/L1RkAmEZ-l3KlQD_/dTUQYUNmaSQ","https://imgproxy.fourthwall.com/RnHqvdWuD_eMI0XLvHaNHEO7m8ZELKbwS5d4K5TBfZA/w:720/sm:1/enc/F0fqBaVC-M3Kx6jt/yZFlJBeWLs2JGvlu/EvdWtC-KWtqIn58n/LkU6OebBYbrWeloY/wdq-VQCCbZ-WAtEB/Fo7pTjwDHVF26JRL/E0pXuagJMLwB_V1x/puyejCVIfykeZG22/q7JXBVu3NZnx5F9b/MMRlfK0aZvfrtIUz/ua_NYWunzviE9Tr0/7ojlLnoB6ee5eTzR/US-Fq5KcEYRcq-Nx/iilFzpjWrDshKF-E/VOuLDUJcrlw"
"1771750842-193","https://eleveprints.com/en-usd/collections/all","","Battle Evening Women's Fleece Crop Sweatshirt","$47.00","","https://imgproxy.fourthwall.com/aeZARCzYZ2-R55YS4xdsnZjzYOD7Yu619ryfoCAdPhc/w:720/sm:1/enc/ETQK7uWRwVNepQpB/JymCM--eo0hLtkSn/N73cmWNtV0eEm4BH/3J4ddQ4QUpleV-1S/duTpMe6N80hQfwgM/GvgPE3pFrP2W7-dL/-t1WMkDEdgE3fpE-/8tons046LgMq0ijn/j8QQ_pvRIUXJZeg8/9sigjgSsPaOGhH9G/fsa0SzqpwIxZb-Mw/Z2DkzDuOWVyXd2-M/txjGl78kY0RsjiKj/3wHiRN0aqxEue7bS/b3k4rVsvLnc","https://imgproxy.fourthwall.com/cL6OZJEl2g85jxGeE1A8QzPyvGgLKBsPMwqpJJ3YLLQ/w:720/sm:1/enc/DIGRP-eVJpHU6twj/wPfPkvyYnJzVUFzK/asM4Ecwb6i0onTDc/xTibiTu1SYVGh7D8/X3fEwaNDOYNbWpdJ/EWHacsET8vJmEpr3/8gGknu0MuxyZ7iHM/EuXKMhSg1FnfA4Z-/Ov-NM6xdAYzdpRUq/9_lKu80PzqLWweyK/Y5gVHB65rm4QI-r8/lrBPQITN9SAOwqge/UxfkNWmrSs7V945O/lg4R5iFXL9u_td4S/PPDszVGookM"
"1771750842-194","https://eleveprints.com/en-usd/collections/all","","Retro Vibes Foam Trucker Hat","$24.00","","https://imgproxy.fourthwall.com/l2fyrTxSXkUUOjRr6v5giqvuzfyDhxp21W1WCb4HjGw/w:720/sm:1/enc/2KAjFAKa8Mz8vHpl/OFPzeV_p7iRVjhfU/tbMt-CVK3EA7txhF/8GX6zVTRbzkyy2oS/JycjEGMlG6QTCEwj/QKMrK5x946Zzz_wS/bni8Bcu_2F6ydo__/CeXcEbxuPO5sEZNN/1UIFpokaShWLEuun/8TDOUg0BfoutbKRB/iMixXrPtMDuPXrSD/h10mguszi054qKe9/vXm__NWzItvHuwPD/3qcHoBWfcNCzaXun/XfkP1Z_koG0","https://imgproxy.fourthwall.com/n1-ekHf-Nt-OE62LnjzvJXyfG1mPzrkji-d3Jm6mjm8/w:720/sm:1/enc/wqFKKHVoHb77uzHZ/W-G1porbgYhgAlTR/WCEOyiZbRIQvpfTP/5zBW8prnbMlLXoaQ/ISZ_f_moKqKm5kEH/YhpDs48-xL3jj7hi/7IRg1a8-dtTOjQ1w/cbrxuINnBWlTyuZ5/6H1T2SDIr8bOBsQl/VCoi-rkiMIfG4LfM/8nlqfz3Mmh5t8MJS/DTOwJxH-0WTZbPDy/FsO4jb3T6FG0GCVH/laNOpHYdvMBO7j96/ZBz69WQrbxY"
"1771750842-195","https://eleveprints.com/en-usd/collections/all","","DARE TO BE Different Denim Bucket Hat","$28.00","","https://imgproxy.fourthwall.com/APk188ey8ZqfQnsBseDzedGBlpV1ZuLQYfcSzR3zx3w/w:720/sm:1/enc/RIGBoNXrIYJ6ebT4/26EVcgfW4Xr8t6bV/ZPdo6qoqi6dZlc_g/caaZO7-DMOwlunG5/mShQSww-9jracfRF/m8t3mvu9NbvxdlTR/FOki_Re-M2pgnZfo/q76UbGu_ZKqq41EF/dQq53N4uOTG0Iqy7/l-064xQ0tmJ5abdY/4Tu2KoA9wsfoq58-/X_UrwiPk9xzXgmzd/MbG8x2uDaW0Wt1tf/JMivqA","https://imgproxy.fourthwall.com/VJlfq00QdGE5-B-SPGzNUJv8kbVyfYiuGJIX6CFCZbg/w:720/sm:1/enc/A-KIFElHQoCGwwqq/nUdS8K5fcVmpq0SW/6psZ1BK3yLF80J-q/gHW7fzkObG5dQceg/2NQ_xwsyalxdtZyt/BsDUatRn_Y2iAptC/isHt6h4mff07GgAF/asUl3UytM5WhAAnh/Pcq2bx5b21JxNEc5/bzFT7RLifgM48pue/Cr-Qw8n95qqwNt5B/bqORrAaamGgnM5e-/hMeE5EnsU6n7nk8j/6YUh9vBaQKz_gW21/7P67yq43gTE"
"1771750842-196","https://eleveprints.com/en-usd/collections/all","","Retro Muscle Convertible Snapback","$26.00","+13","https://imgproxy.fourthwall.com/imG8qYm3SFWQk9J2yzGTPhzK1YwMcrHQOQITvz_-WrI/w:720/sm:1/enc/1xxo8iBGL5F_b9dh/ihNur5wRiRUrm55H/mnRu3IG9bXCOVpH2/qzMgMjOMb0eL3jc-/qPLsWbSGULVmshFB/ZIhk1rvhLGhYXBrH/-NmP-vJnx1dZe_gU/6EifnHygiHqOnzdO/Sn23UhtOqnpL6vbi/bhiqEmA9L-i40QIh/L21aErCmbAcAVFaX/CN9NKJIF-k840CIk/FpiFc1E2iArmkgwg/pnO9-UP3Rv0xkLs5/vOlbrxu9oVE","https://imgproxy.fourthwall.com/1BO6KUcAA6GMc1gvclkcozQmohMSS6GZlGtk2keVs1Y/w:720/sm:1/enc/SiNqqbPBieeGQQnL/eZ5zK9FqCP84OS1Q/dnrHQSEnhSyYgqd1/5NTpEOaeo5PpbOa6/11VYDhUHZCoJOsjc/ith8QrvZmsjOuvVj/pKUVOvdj7wtnF24l/EdU4DNPxJyO0Qj-7/JUuMcfXkHrRVe0Ka/JWceeGVrYrOYvq0a/65N-SqSjLQz6kxAM/m_83gg_uldzx9DT-/B4pANuxF0v5388mt/JyQwjcJjjTkbek6S/KHGpIDGgiBM"
"1771750842-197","https://eleveprints.com/en-usd/collections/all","","Mirrored Balance Cuffed Beanie","$18.99","+5","https://imgproxy.fourthwall.com/ot7gqUq6fcjU8pcQ9b8JEKtebTqtPFuXa3Em2EhnXJo/w:720/sm:1/enc/Vh52PXVAliVTL8ju/8Naj8GUFP-3ufC5w/LuU3SrSNfDoMWaoj/98YuP3GvQ_Rm0Jxv/ntUusH0VKrChMxod/9zQ0j1LvNrA4f_hh/dF4lGCdF8Hs8_5Bz/xP7v3TqJZ8J0pzdC/FbvcSV29upqdg3lM/OUmQftLiEviKwJX3/652ZYv3CHWmPylFa/MolRxCCesiRs7drq/rAziA7cpcUSxPb06/qohjxIB0H73Kky-S/l04JlaSCVT4","https://imgproxy.fourthwall.com/BM61A_SUWxl3bap-40RWEE63uCeBdP66vneQaFNCXms/w:720/sm:1/enc/hv8Bvuv2fr7ErrVo/cy1BnzKLpXuBUgnN/87xWyIw1sE5R-4Dy/jdWMzNnsjvdurXVm/arwN8p2xv9Mnwsxd/0DGFmxPqaZg5n4U9/A5rfFX-lyl3Yv13J/95GfL9PE70S4CVCi/YyynO1Z3xGp9raNg/rXJznwVLeorJNcO0/Ikk03kBiUSWHmLJP/aqZ6h3Fe71pdMKYV/24gabi-BcF1C0LgX/J40K2Bx7GLaUoInS/cFck41OkIPM"
"1771750842-198","https://eleveprints.com/en-usd/collections/all","","Balanced Perspective Dad Hat","$25.00","+5","https://imgproxy.fourthwall.com/n0bc3MGKkHS3bEYpBiWfek_ZOoVL0BJWVbpTBshh1rw/w:720/sm:1/enc/0w-lkQ6uNmn1mFhD/w0nY8PJHPxXkhilY/Qe2E--_FTmFj1M5i/pBLXbHeiaTlxS0vJ/NLTmbTZhoOM6Ox6E/hy0aMqAqEiFv3fsS/fbIQJmS_Tz-YYojI/shJRs8cw7BqxlBwW/EzvcbbvAmrXu38G0/3LdffzVMxnQXUnlW/a7Y-jNY9OyWb82ya/kfkbtearSeleMwIK/9VyivrPu9T2EmWzA/6mxtwJcfUSEk8Bt5/pHRjdS56Ezw","https://imgproxy.fourthwall.com/KREDbuJcv2KMuscxelttQ9vCIBJzk-yzsUTsd2EOWf0/w:720/sm:1/enc/BqCd0ubYJmc5tp5J/8SnbXulgsraz0ALY/3hC5zugFW8_LH_rZ/5x77zBDQNotrTw9f/rcYBTFuOPO2_66A4/MAU3z05nbj5_oEa8/pec7gv6kYr4fhCAY/dBdM6VmXJFmObCMG/vGDI770BNyJdB4QB/ie8YdyMwkLh3NgDA/FXm8gF3i780xa80A/COcgc_YnZZXF47ku/bhJ4qsLGozEEi72v/MnJUZLqR4KlE_Ooj/ijI3JUxlMMY"
"1771750842-199","https://eleveprints.com/en-usd/collections/all","","Sonic Skull Vibes T-Shirt","$26.99","+12","https://imgproxy.fourthwall.com/Hek2eEKZ7XofwkxkxrH7esWBzLMHzDr2lBVqxB40Z-E/w:720/sm:1/enc/mGCDkv5tjfaUgOH1/j4tLYiZ2glg9PO9s/w248vFbobkFSoYEm/oAHxxviKs-h76iOw/oIm1R4OmWuheCuMk/8wgmQqdSwoiwZ88I/jaJIKpbumjX3ixRC/6djHVTC28_doeIBx/YscnnTIOhB4WoCo3/eUfVhUz7Z4Sl3-nL/gdp9RYZIF3tNRx-S/e5ysMa69BLCfgjMU/aavtzhUD-znDf_gn/cyc_cOAsbZzqXJT9/OVnUleo61xM","https://imgproxy.fourthwall.com/deoQsDVl82V-h0X8teya6nScAVpHVuPM3jqmMET7ig4/w:720/sm:1/enc/IUJEeLkWc9pGV7aj/GRQoR888njGZTyzH/q_DJIbIJ5Q6xhD05/uFM9fFq0YoaSSAiI/aorz6TwXwFPoRgOL/ng-2jvzu0jgS0fDg/pqrkkmrDWehyUL6U/g7qpvDfhxPEcklr0/vJjVKBWBrRnDJVuv/EQNLCvj9xYJec6-n/lsAASliUZKdfo9_2/-ogrP---aSpQ2XCj/cfgPF0pWYX6uZdlS/Dl8xoHyrBeH7D-3v/gqQ5eKfnuIU"
"1771750842-200","https://eleveprints.com/en-usd/collections/all","","Japanese Kanji Circle Unisex T-Shirt","$15.00","","https://imgproxy.fourthwall.com/e4SqY_60LyrPInHg1pcP_v7Q690EozQ3WDlUbj5RcIo/w:720/sm:1/enc/X8PHQ_lqG_Iz-BsH/Nmymb44iTRx78aQJ/Qp6ybs8-dssqD75g/gJtLeZ9IiE9TyD1X/q5Lwsg1r3crQhGcC/9JDLE0ENUXghLqCj/biWq3FRH0iSpOE5w/XZNfS5_P1Fq4UxL9/5dHHo1ath4g4ZRE3/iy8M5ChmCi6vOeCa/ljvR6dTi_v1a-tOa/aOov7NeVTl2r2bPN/ra0InzHFzqcRaj0w/nzG49yXzmsbPDvth/2C-pemUp_YE","https://imgproxy.fourthwall.com/R0pTJupGTpO3TnkYq3Al9S2UOTE68LI3IbqsRQvBo2k/w:720/sm:1/enc/IsU0j_k4laesbpIV/VBhSneEEI5_aY6b3/heP36snZBxMY-mAR/mT75y6p-3Plnt5fQ/twEOaKtR-xCWy7Rs/tbRnszZtn40YI7Lt/LLoUX0-lEBg9ICSD/3vXoTrctJOGBbsnv/zvXuddaRJEN0t16u/dWQoDCspdvT1DLvN/njHJejHWf9v7kDuM/GfAvSncUJjdK_ROg/Bd9NLDHDb3syUjva/3LSyI5UAMAGE6151/stjD1kmw87Y"
"1771750842-201","https://eleveprints.com/en-usd/collections/all","","Just Be Yourself Classic Hoodie","$33.99","+8","https://imgproxy.fourthwall.com/3qnYQmKnt3XUzlP7JtpiU-1YDm9MKMmaYb3Q-rWvLkU/w:720/sm:1/enc/WgIpKfivIEio_kd6/JqHXuF54c4Dz_vVQ/sLVR7hnhQqd2as7l/_AVCsCzKMT20SPnl/t6AsoJoJ96FQ9jQ_/BRYbDNNckYaD8evQ/DYrq2Dq50oXYGKXl/wYalE3Wl_4M3NNIp/0RX9QBS-MsaXIR6k/ul2LwnECVfw1TxGF/7WX3llLtv-o9U3mC/-VcqaUjruJtz4-tn/rXjBHUG9bJX2A37D/HrUI-help4vOMSLq/jkUDZx9-sZk","https://imgproxy.fourthwall.com/V5tVOo42EyzN0gJmPgd-UXWHpi3qABrANcicP7OUin8/w:720/sm:1/enc/rua_U6CIvpvULcF9/6SpT2pYTxIxcG_W6/LYun2rpZaMPFiLSo/MHu75W08XoFWGnDT/RREgz8rsS1GkKU3p/0sWKMLmOtgpmZtGF/N6AAc_TT-PEUWPGd/SHRh1ywLt9MeyCpi/8S6teggbZ6wLcz3V/IKikbmmSFrcZVQwh/zRMFaI9TJMYnG0EH/CjaI2TIg9aitRfUU/Cv6r8BU-YgWhWJw_/hIjJMGfZTnWvGGnY/2YNr01ur0v0"
"1771750842-202","https://eleveprints.com/en-usd/collections/all","","Bold and Beautiful Hoodie - Don't Look Back Edition","$33.00","+8","https://imgproxy.fourthwall.com/ZjjjscxdUpLHN92bHVEMxlyJ56763gOYWCpZkicgpvI/w:720/sm:1/enc/h-FjbLPd1oBtnJGP/iPUCuLwyttDq3Uc9/_TzCm5jZLzRtlN8g/WhY0PCylnjqjnZjK/5Nh5PYoT6D-dF1cU/NZX56iB25Tl-YQ6d/JSjxJzQamnRfZmQE/6iuC2NF8N_KZKHwO/xcRocamg-npeCujW/wS-rV-RqSNF2N3P4/k06EMfnp7_bdKgt8/w0TSRgu54ILklvZS/lx-oymv6o4XgeHg-/qt2nk2-Wa-GuINYZ/s-P46DSNXwU","https://imgproxy.fourthwall.com/6cA8h8Jc0vwBb1VeIPVSGjxz0q14Ye8EqW9-6QZbpLI/w:720/sm:1/enc/qYI8e7keNhRwpjMB/iF8ZS7tB57oyoibU/pMSvcrZ_YhQWqjy8/fZ3rGS5Thxa1NY6N/FY_BeSiEPB8kOWht/CaJTDzMTQLnOPxK-/LGeRUTl0Z46gCoP0/swCZqB5BjvFNPZxU/ce0OaVxHhnIq30au/5jXKe1NsIYmLqacJ/YB8yDMX98ZznUel2/E5b6dRudWkLAxSw3/2bQ5zNE9eG0Q4QRN/IiX8EnoLuLLSL4j4/LrHUP0oL1Gw"
"1771750842-203","https://eleveprints.com/en-usd/collections/all","","Rose Elegance Hoodie","$33.00","+8","https://imgproxy.fourthwall.com/5naC54gpAsKLMihybS0S_bToB0I50SitIiPmykCcHM0/w:720/sm:1/enc/QApaQJG5Cs1guyJb/mL4is0Mh9Nv3TYRJ/OSlVv7lDlwFYgcOI/E18Fr41-rY_8t4m7/6TKKDvIEZYt4yCzU/F1FTyo9dPu9DKuNi/yFbZuIt-c4qHp2lI/3W3cWHWJweOr2QuJ/PgAUDQaFX1dc-FVd/Czbrr0WgbBvJSMhC/ybirMj7DdDWfbS1k/GeU3Eqit23SCY3DI/9tiCQ-m7PiRKjWn_/HpB_z9ArtjN11qcF/zLJANwo-ZZs","https://imgproxy.fourthwall.com/C0IxPaJjvSTCbPimai1iIClP8oIXLC5wLTUpcJ7uJxU/w:720/sm:1/enc/yLkM2ImKoSHU4iWq/ekOumQffkY_GTmSD/tBHMcpyMECyimA3m/v4DAve9WUHKkolL6/L91YnaL-naoEurPu/C9nswSecImo5H_1l/D38PKaVkogjPSNL0/Z4G5NVDOrYQUaG0M/uKjHKl6oDeBjM1__/-ccmkf-kHNiEwGIo/IiVk5AXWYX94HVdX/IxwQAXuH1WOGkvtc/fbBJcfaLjcZrPfeQ/rdtwoTmJVIDW871w/8KHiDd3BS_s"
"1771750842-204","https://eleveprints.com/en-usd/collections/all","","Vibe Dice Classic Hoodie","$33.00","+8","https://imgproxy.fourthwall.com/YfNL8OXXgUVa6rcNx1rps6GINYNsJR9QNpLVghqEnqk/w:720/sm:1/enc/xlNxVO_3JfIyKhC7/EnXGwnKmBrIr9-9_/81uz1cJnZl04yD7G/t-p6fybplnRkKpte/LpGH-PhGmW3j4_4R/sKvw1ILIRAlR0igO/BGE8chZpifHrMWQE/4KJrTV4NexKr488x/NZ5hxssnas4OSI-b/JK3Cz80V7uF47Ps4/0s2FHJ0sQP0GBrFH/9lzcuiDLHVHrpvz2/WUhwsWh9d0hJBrT1/qOP20vxw64wXujoO/eJpHnLEA2VI","https://imgproxy.fourthwall.com/gZ0S60wMk96RE03M70xvk4HqJpmdPTkqrUjjvuxExDI/w:720/sm:1/enc/se_u0HLEX6p89__G/33bhQ2I-8y4OPmwZ/H7NzfV2k7z49vvi8/_P8bHocFCrIMdzGc/z_EG8A-jkxpzdarx/sinAbcDWsgH_9klO/u4mocUBzNgQC9MDn/P6Qx8e6yUHOPJjLk/sUW4LR3XmKIjjCS-/30uTTZNpgOKExpkc/qiZwspayT-cMR1Mc/JvcV4IOZL5WWlHR_/hgoUvtWkf2KjrKys/ttq4HlkS7c26KAvg/znJ3apkfZZo"
"1771750842-205","https://eleveprints.com/en-usd/collections/all","","Gothic Rose Unisex Tee","$27.00","+1","https://imgproxy.fourthwall.com/lAlMdHQ6wiuAL_4LlqFr3rypzSQBEJCFiu1ld0n2jr4/w:720/sm:1/enc/QXAkFboCbJomuERy/rdjv5NUk8pk7j0ls/JaokrUaSLpTLbpCQ/Bkrgkot-MXQy6IB_/O6zSmWNKrkfaxeqw/TP0up9O5FmDbsHjB/VskgKiLTcnrmGtkE/-6W5hkqdgZL6GfNQ/O6zkaz3_KccleFUp/MR2fL36PsY0XkZNh/Kl_fklJ5C4hy0cb8/fDvtt8IMzm2-mLRd/nuIJfOqaYTFaUw0u/ngeuFAmDF_4LFvwX/WGncGWdY5x8","https://imgproxy.fourthwall.com/Iwl9BjIQEGJLluBv0LtbNiaG1fdAkqrHaO8_cebD5o4/w:720/sm:1/enc/k5X-t6mR4F9WDVNM/ITwY89wxVuEylZWv/gqHpHBGzOENdOdsl/2Cm0KG91us2Ajj5Q/4TcED5-6jxlNU4Iv/9UOvRnrRKwYDLMEO/xnbjftMBnRSdzGCB/KSVl5Ou7reb0PpN9/3HxlacxOiRziSbBU/O1f1P1ips2j5qR5C/FMNiGjsOo-lqVCnn/77QhkT7HLCrX-4UX/5M88MzP-Znsb94AN/d-u2TR1Sn9tP9xDK/wPZAwUEtjXg"
"1771750842-206","https://eleveprints.com/en-usd/collections/all","","Dubai Skyline Grunge T-Shirt","$15.00","+9","https://imgproxy.fourthwall.com/RBApHeat0uBsgaKmeOsZA2Ra3a_GD9AfAfrTdN3KIFI/w:720/sm:1/enc/HPFJCp0g1uF5oWiI/Z3fkq8a2J08IE5az/mIpvGxBacUB4Kycr/CYwvLQN0JyX_h0_w/7KFSZoh824FUqSBD/GbuN8g9U6hhutoed/geHxgcIhj1FfnzO7/H_53dkN9tqH1pLf3/jpa08eVkkujTZuqz/Dv7T2j3_fL9_6_Ww/p6R3y9Vd0p5zrmc_/SIxH9bWVZq4u5hBn/YusaT-9SF-b4dlmh/7a5sHLiLjmeySDsa/vtXZmJcU9-U","https://imgproxy.fourthwall.com/syrXPxmqmjn-HEm2WVW79c4Zjyn_ta0IAO8VxcEDys4/w:720/sm:1/enc/sQOw1R6q91ppCez2/NwPL24phRkV1IJ1X/mzGcxZC48t_pXTY7/OIjU3jRfhFoAYBNQ/yJP8FP7Ar8W3lWN2/_n95J2MavyUkHvOj/90cdZbhWQ8yLKYfA/9QUlznUsr7QxIvFP/ybIVWXKRbUrkMY5d/DQFjm1opBqcrRuH_/IVvWF8IdZMav9Qa7/RLIo05eysrgoF_by/SYQsAZHvugdF0fj0/AQFg6TrxVGTG7ORP/pUMaa9FkfY8"
"1771750842-207","https://eleveprints.com/en-usd/collections/all","","Angel Wings Comfort Colors T-Shirt","$25.00","+10","https://imgproxy.fourthwall.com/vg3XfLYuPLlSBlrKgwidX3sgxZWdkK5_tLLbZtf6I9Q/w:720/sm:1/enc/WCpaP9EzweExe9x8/nLVzwon-mIBi5Vs1/wUf4r6RtpYO7oPij/XZZXaRHPyFOMYzOc/Fq_2EAA3w2WYY3Lg/_GKN046jkk26fgv_/NrAe-Cv-U8OYKagK/AIVuA2LOqXDWQLl7/LGMKyRKVZKXRIqBE/-cLHX0geQbLvpLTK/b3acjrwDWd66-tBO/pqEiiIkj1-L5iTH7/Zj7M5Jn8MF5R3dd7/FDzPZeWCPDK606Il/R9vNhoWX7E4","https://imgproxy.fourthwall.com/Ag-jqAtoKyCRmtEw9hPHHwOQlQNkehDaw6iJdYcsn-U/w:720/sm:1/enc/dczPHlb5EtPQufxD/-axlLCDhY1mK4WlU/pAmecwDv0liXT_Yk/uuqLNQEsPhqr3YSI/cyX2C37GxEClMLcK/tuPGbMlWyxh-4YgR/NmxagUwf2N5G5-bk/Vdu3Weyr8s-JEEcv/awvLrgG5Xt2GL-Du/sfot23Z9q_9qXuCC/4N-JiSvMO_dovM_Z/AfMQEiGnkTCk5PjA/eUFmgUPvRLaMjVUy/YkqQFXrZjAfhziLP/8VEKlEys4Cc"
"1771750842-208","https://eleveprints.com/en-usd/collections/all","","Multi-Angle Mosaic Men's T-Shirt","$25.00","+10","https://imgproxy.fourthwall.com/I3jzKRY3UNqHYkm6ePQgxPEuATxjCZBal6WA2ab9s1I/w:720/sm:1/enc/AzQOoCQLfueSZQNT/blCpxlFeSGdqmfbf/Hqj8Er9mQzK7SqFg/BDZZ09ezC_r8vgOs/xoZbPa1dldGCKOFQ/rmmSP49Avja3yQbD/UK9YMiP3sIfedJ14/pA2xdF-wLygSnrCQ/-UW_YpBvFFwYc80k/AAHmHnjqcuT8iVxw/lBDnY_k1tqfOaKUs/nGuq4Hgt8XVLub4N/N14C2BSb6ogC2kJx/PdRGjzRRJi8E35xt/qVywgAgDcCI","https://imgproxy.fourthwall.com/QFA3hfhoy57dSVZ7FzMXCrb5YCILjcllHY-DX8Hv1Ug/w:720/sm:1/enc/sIyFn-9PUJaWZARN/eHcPIyq10e3qBbwp/M_I1k2wsUdqs2u9D/RjmA7P4b7-g6fiAs/bYMqqSxSloUQr_1b/Y2Hut2pTXgqL7YHa/gOcjrfFpffL4ndj9/KZJlt_wvlivK-pR5/-3Em7rJTld2CTBGA/0259GkOFmbCE8oZc/QciI0jEx8gIhymKk/EsoffBhNoSdkWa8q/Zn-6hTRC__TrsDPs/yXmG0953lwmxrGrg/7FUFHCm3p_8"
"1771750842-209","https://eleveprints.com/en-usd/collections/all","","Astronaut Street Style T-Shirt","$25.00","+10","https://imgproxy.fourthwall.com/vk2ifFtv4ln_lqWRW76dYYh2K3CgWuxR-XI1Gyh-Rhk/w:720/sm:1/enc/Q4FMsHots9hMkTBS/IuRb63CyWhM55LRo/_xP-st-hPtAewZ2j/EmvwDp1wHCEK2iyr/6J6_dZQu1-qNyIzI/Jwrh3f-mECltbsvb/HoM0dJ6UQnZhz4bN/d6Bgnjor6qeYu5Lt/pIDNIAsKlTvFBpJS/h-FiSunrC7sS7pXl/8zA3mLk6Kuh4O5eY/WYHO4HCxID619CdB/b4diACEbmgaxhVMh/vTl_weaEcySqcTKz/dYpX-a0wuT8","https://imgproxy.fourthwall.com/J3wxf_1C-Azjyq0wAXAT28Oz6hBt2S5aLcpmA4Oktv0/w:720/sm:1/enc/K1EdhPTSxSEuhezi/gtrJYPZMI4sSX7qr/NnEmmO0oRRHdp7l7/JFpsGuWFx4VZDPZ8/JDPZQg_o8picXuGF/cQqERSXqciNn2esw/0VPeFpq1iF50csdX/2VebNLoVsr1siABz/CXvEiFQfctO8cRC5/WretyD65Jg8TlZeE/btamzAUo_ShQfevw/SHrFJqQyJNbKMJJK/n1fPUGD1-VITbsL-/ExYeh9_KTWcDwUzE/LDHuWLuktxc"
"1771750842-210","https://eleveprints.com/en-usd/collections/all","","Freedom Graffiti Classic T-Shirt","$25.00","+10","https://imgproxy.fourthwall.com/xDXEgzXEmqFE-uRcb7IzgIolpn5jsXX3djiJ1Gekjxg/w:720/sm:1/enc/iNS6nh1ETsMETQ5W/3UUdYYOWNGvK0Hf4/lII73Iz8OMTHg_7K/7mgatAMEjryU_wHE/65hYXU08FeEFEcZA/DsU9ubKGHOuGuLwv/H6B1V29FO-Qx1h0O/qH9ivBDAI4tFxO1G/7pO5_e4cmKRH7QOv/FctbPbXx203DngAQ/v2ZX8PD-iyovGziC/GnpVrTIO5VKviuMw/p6OprehsVayMu1WK/BqavsoOmY_Px15zc/cxwZ9XVmBRc","https://imgproxy.fourthwall.com/HKbCqB2IuH5lV1l56-itLcVLkYKD2R-rMzF3DpONCrw/w:720/sm:1/enc/jALEkcFZ3drFI2mm/zgDrqm_n8kQznyOV/7xUlbgLn8UlShjE9/8-ZYUwyuIso74GwE/SSkICYH_C1jdIHaZ/SsleF1Uy8zlz0pr0/CTCaxIkTjFuG6DwP/gllKzVX-udXJCL-d/kC0Ly813q_MMbXDF/5KyyDvLpJsDhhp8M/1-DxDRDNCK9kIR_U/jxBHmMcQw6vFglL6/9Glq5Jc_6l60RzfP/8jJWRect_l0K_zly/H15ER9ZuAkA"
"1771750842-211","https://eleveprints.com/en-usd/collections/all","","Artistic Foam Trucker Hat","$23.00","","https://imgproxy.fourthwall.com/aiAxIN-Qg_h--eOe_UaS6ydFk9xMHKLHGMh055bME1Y/w:720/sm:1/enc/01rUeCevrnaITPOO/Gtg01SZv963RglTT/fO9EXFSXWzG-KYd0/DnePkMmXufKrF_wR/Q1SRO1zRYZc1ibLh/4oIHaNgp8Qip9Np4/WEqw4EMnikrVnrRT/L-v9pVM8YJduk7Pp/Vcm1nUHslRwasMKG/HuSeQYZDdy6TsL21/KZn6Id9n75Afu40M/tUYMPgZYDg2qHOmY/xxVHC_D_7Qy59HUU/WAjr9U28CWeK7ckH/4oslUUBiKRc","https://imgproxy.fourthwall.com/p75brKzy5cSAD1rTsWPkgfT0OuWnMlAGmnKXmWTd0EM/w:720/sm:1/enc/Vmgsq5w9reDOzlxS/1Y7xqeuvevDRIjLG/7tWs4EYpUjlmgIMK/DOokHl3T1KQQaMd-/B3arrcrTyAziP3IV/GArNLGaV0CCTH79j/WuhUgws2EnVEQd-P/btDK10APiGHmjVOj/_7q6B6jJ0Fgko2Rw/X7f5k8UQ-6u8SpGP/VYkO0Ef9trjf3t0S/Yt0bse0hu62vjdMS/XoHkr5NfPO9qHYMe/cY9SmropnGoyuMXi/IqsJVZVefAY"
"1771750842-212","https://eleveprints.com/en-usd/collections/all","","Artistic Elegance Wide-Brim Sweatshirt","$34.00","+6","https://imgproxy.fourthwall.com/Db5uDUveRiYe6XKs015BnxBXGMtPZwh8gz8SlwJW2m0/w:720/sm:1/enc/Jpmvx2R74HZX7CdP/Cx9AJdnaD8TBbsnl/4YW05VrfWXF5Ukqy/7Iv2ZfwKbVDh8JbK/HArWbJwJMgf2lW6W/hxYJ9yEa4aCFoChW/Pi76ycgw6oqxjWf3/ZDmTRs52ssfRqTr9/_YJsWGevIg7-baU4/fDIZeEi5yoI3-6Py/av7cYfEmNbQztMH6/Tsz7qNc0DpGxwoAE/EnUnyamOtO5mB3bo/h44NbuLAHVnPgbSO/joBUGK2Zl48","https://imgproxy.fourthwall.com/4X-szwdHI7KVsvNivj0jhEQqPu6QE80msMILR-6-jY0/w:720/sm:1/enc/IGD0KELptPuvOlY_/EMfGM_l9j50GjgsB/K3s3boN9Sy08Oqno/lLFpbovpcBUJYaym/4qUhBmBuPMAoUqOS/jJaybwpC1uvR0WVm/iH9FDFlzhCTbtXV9/riI4vd-jllxc6xuI/MMsA3Mv6pRiStRgj/k0RTA5np1FWM_pfb/0Ysj6JUZlzj23jNN/0YQBW1tYinM0ejXh/x_tgoItZWrP-FvKR/Uh6oI-KYKMrfuV8t/Xljv8WX5JVo"
"1771750842-213","https://eleveprints.com/en-usd/collections/all","","Artistic Urban Affair T-Shirt","$25.00","+10","https://imgproxy.fourthwall.com/frkd8zD_S3ADE0GLxf3pn024D-iUQyLPC45YHhus1yE/w:720/sm:1/enc/Rm4T4onBR1GMv4Qn/RouQjKlS9lw-clIf/E0tuSWXpVHvVqWS4/G3B7KWalyn5S5lxy/OeNS8rt-C9JRJWSn/lt6HNeguDV7jTbcT/rRUWYOwl-qapc470/aFnrnb308ZqsmcWY/wNHp4tz6-FDc2bKs/daZPo56wXhcu3zzl/Nfm9mC0J599xv50z/d03YkxaId0dwMcSB/gCWpmIeB6E9G_Ii1/TX1fCrbt1eCfKGzf/6u0-l1VizuM","https://imgproxy.fourthwall.com/eo53sWJ1K9-KH-T2CL0yeuE3AXRgsb7mTAZHPnEXVUQ/w:720/sm:1/enc/seOdxR3SpW6u2_ui/HwrZT8JnJLA-v8gd/3kSxRYFTo1I0sTEt/vh7oBt-THm9GJRPj/xiPvpG--VlRfNkxF/fJEfIeKfJRWm1OCY/lSDHjpY-aReVRfnd/WaYoVaqBSD59SuwS/XQ3mkKstv0M4SeSu/XRWculYorqF0UPrU/mtUKg41eXK4BJuvI/RHUsrWzODnPsfPkm/BF8jQauoygAKig6x/kO32uRhYvjSgo8c-/byLvhfLp3Zc"
"1771750842-214","https://eleveprints.com/en-usd/collections/all","","Artistic Hat and Jacket Mug","$13.00","","https://imgproxy.fourthwall.com/u6Hl8Q609CE--yr_f97DJIChK_ejlzI0jfpnvGcsZgU/w:720/sm:1/enc/QUMlrnEwuwMWsz5Z/qzcyP8Az7mj7ehV_/J67K74idCyNx_iZN/Tf30TcZOmMfis5ui/k5tG1N8yxBvWLGkB/NvqNlKvkvbubHGUT/FaFpDkB3GlgSzNc0/TSLduWDoPbw1HvHr/oXhu_Yqxsadud_-e/hznFt1xRehpj5DOJ/3lLxE2IFbbJRb3bA/QLrp6HzUak1YAtN_/ClXCXr64QAnoCjCW/f5d-A_aS7IsUPdxz/L4pOJX1Lb7Y","https://imgproxy.fourthwall.com/NWjZIMF0HEGsFOZRsfQwLRLfyitRSw-9qP2RT8InrK4/w:720/sm:1/enc/c3SU9LxGI2TTkFjS/0Qb8lPC_Dnr-tDyb/6-rSp_hG5U54pWew/jISZvcIKDFYi3dpy/n8sPLqcTNQb_tBmw/Ml-X6Qru3EqJtzOS/_tq5j-LPKdd48ExZ/wX8bOj9oCv8cFrzV/MmYXgg5kskmNb8r-/CQl9wkXhJoO12hZ3/xda335435xIMSNg-/LEXh-bPftPdgis1o/Zu8JdHZEE96tjGzc/KogwUArFku-hd-DU/isz4jQA7P08"
"1771750842-215","https://eleveprints.com/en-usd/collections/all","","Cash Flow Statement Trucker Hat","$23.00","","https://imgproxy.fourthwall.com/CWY6fZQA2CZjy_8qPNpNEWFaAX1cRFB_TIt4vGossIk/w:720/sm:1/enc/57qgPFFyexjJ_myM/nGcMhIVNjhnCcG9E/-zvOBJo-VjVBzCbX/31KYRPUqBGus8A8a/Q7-hLZJUNoOP_I1t/Ijv4C6gCzFCdfUS9/KS_S-8OqlY7YB8WI/1Lpt3mrnrRcgodot/W2SG_5yOB9vJNICO/YS5E1x1LFLLzlatJ/diyTQbe2rG5Pu3Ik/NnDXc5JVupUPyzL9/y8OKmhE26Mh__iW-/6ZJi8qKlFXynRmDV/ut25P8pQYqU","https://imgproxy.fourthwall.com/gnwVPuKjb0iHaOcNrzuh3JsXlMd0o-cOjxEn18vhSUs/w:720/sm:1/enc/h9LoEM5r4gNTlESV/1fui4yn6pCKjJtrw/3-a0gC5CWE7A1iLJ/tece9CgvdPPpApya/2UYzSoLZEpKyIg8t/87p52uagpVs8SLSJ/zJg3wKjLbh9PIdxq/O9Njnx51SoiyEYoq/bSkfVwsy-K3F21HX/gP-_ULLshhjBLk3c/XHDTjOJAuHe-u0hr/92z3fDW3FTjzgXjJ/xlR4xEl7KVUFfA5i/XAhUHjzsHA5GrGPX/RJDyAWOKQgs"
"1771750842-216","https://eleveprints.com/en-usd/collections/all","","No Gods Dollar Bill Pattern Tee","$25.00","+10","https://imgproxy.fourthwall.com/ZqN_z82usW6LZ2Px7dPGWUXlMjuLSb-31vl-w-uDjZ4/w:720/sm:1/enc/CNnxgCbROqZlIVG1/Tw3cOZVI_N-luM0x/n-YuJEeP4U-biKrn/nfxTRwZQ7e0Q64P3/qyh5Gyc8QCKsatWn/aUggwc_NL2P4aWTh/QFq_qO-s-QRvN7e7/GQAIR4WTe2JhdayB/sRdDWTLqtEXPduSS/AvAPt6GC-J_e6pcm/yWizXea23Gnkt2Xw/iXM7j1416SgHqcCD/rM5G-INP1GpiQFcF/-biY88wC2PzHLpGi/TppuKHbqp9Y","https://imgproxy.fourthwall.com/f_CNe46__le47P0Q9CK-chbTQyZBu7EXIKahRhxagqc/w:720/sm:1/enc/srehvofTDeF9f3_Q/AjrrZxOmov-aJeBi/FCaDkuKC2YqRxIqB/-JTHv0fLxdZ5FT_e/AQxm320Ao62Nf5cU/IYDA2K5hBOT5kRNU/aWzSKuR_8VsxjJja/-wR8rDqvGmVipY5b/CI7llpE9v8lD3ZQf/KlyixhPdzkx_w9jc/j3JaM7rHOviPXp0A/uJ8xo3GZ3PsOuixO/Ee-S0NKihw85Bb07/tUzUEKDqnBbUrcVS/p_Gi7EKKDgo"
"1771750842-217","https://eleveprints.com/en-usd/collections/all","","No Gods Dollar Bill Pattern Sweatshirt","$34.00","+5","https://imgproxy.fourthwall.com/Wzv5cTtcwNd80COain4IJ9N-XuR4K9Il9PJRPCcnto8/w:720/sm:1/enc/YsNwL5ecc6BeRZF3/c3B6JevuHPbNzX9u/a9DzDzWDrxbyjQYD/Tck8STW10RvoDAb_/iKxCBq7zIQfliE1s/_uY8sCzOmT0yPxHv/UHlDTSabSom7gS82/SxQN4pBjimdjeAWL/rI21PfEAh4u9ePaR/gbnmAsBkNchzjJSl/TgvUPKUveU6yFVKj/Z0ItHWYpIdGQhWho/ML5x3lSqGCGrn5hK/f9x0GYVYBHE5s1mI/mo8uNx0GzjQ","https://imgproxy.fourthwall.com/b1oBD4PAmT6I2WHBPh1p-iyaeGwPDT5-4Tay6bkfECA/w:720/sm:1/enc/sSBVzfK8i2bCwZ70/9YCRUn4KeEXjwCHh/vbuFm-9K5jcWo_0r/LXHo5koblHiwmFO1/Srbis1DEuWVtatzD/lxd1UGCtNjRJrZ_I/kma09z6RPSgJaUGm/Q4nDd8JfZzHEQ-4y/G-GobS_4PCaanGQG/rHui80ZBN7nkVwtq/iZx2LsZFdgW5H1I1/DQGVkeaRlbAe-wIZ/hgG1eh3M2bS62pzF/KWWVpxXMQQNFreEb/N66tTY5YmrM"
"1771750842-218","https://eleveprints.com/en-usd/collections/all","","Dollar Bill Defiance Mug","$13.00","","https://imgproxy.fourthwall.com/t_124rPhSiQgvAjouPMpwGAQAuhcqtVgDtzwWhwrh3I/w:720/sm:1/enc/iyFO7omzjBx2_YLb/iPrs6SaZm1-0KzaL/EcThf90undCBbglH/tJUyC14ujnl_eSOc/oKXtIUICdYdzPwWP/oasczIv86-uNtqEH/CKln3j_ImDUrcJfg/9iMc7pROVPGStpKY/fXCL3wDBiMLbAF_q/5o3joGg1CX4XeI3a/tE4R1omM2JdbJcs6/QSz2xMH6JklH2i6_/K_KZffWTqxP6lgxM/s8SZAt9UD05xHw91/FmcayQma0BY","https://imgproxy.fourthwall.com/RilHu373ckQ_o8io0IFsQZm8LLmOLLFlQMR15Ai2O_Y/w:720/sm:1/enc/_gjK-7_n5mn-HYEv/i3hop0-w6wLhHIgO/JhkM6aQS9YC-RX6w/Ng3xrmiL9FkiZS-0/kJwlXJj8kzGUAkTy/2fKbiKCwXFx0nm-3/OrhrZf3Yzb3Ix2pb/t_85p6qGEAPeSNI_/fsBdUPPufHyhlZDB/peZd6oTF3ZUQY7ud/-qh27Vi5OprjwOph/i33g_IOIrFKaNJvr/31BiOjEJQDUiSqB8/c9LEH0PAHw4e-yJq/uhau1R_ok14"
"1771750842-219","https://eleveprints.com/en-usd/collections/all","","Banana Bonanza iPhone Snap Case","$23.00","","https://imgproxy.fourthwall.com/WMhj58FMWsuAw4SftggM_p28ryqJ5WdEB26nQ4i_HqA/w:720/sm:1/enc/lX3vf0gUGkau3ALH/gKik6WQHK8GzN93A/wALLqlYTesqnC_hB/m2rwQUQhtu6wH0y1/As-T_fOwNAt9NZu_/mHrfNQCXb088YhY7/Yogh3b0FjQp8HpSz/7BjY8q5sN6axCeZA/UOOsBUXH-5lzEqhZ/kUQLzq1n84wBCWxj/QCu8vvfPYqtjK3hj/2j3nKqit43o5L0Da/eRNHH8svGeU-5AGD/INYLtQ1WpGFCqZIC/WnDw6M9pEUs","https://imgproxy.fourthwall.com/RAh2LBna0N3z0YZkd1T6cXmFiCI-3QfPfB9ZPTKKiRY/w:720/sm:1/enc/Jji4qD11m0-Ww6bj/rIBt4UPt5ZJvKpvA/RO_h0X9CJ898UILw/Bt4yck3FJIcNSifS/htIa3PDfIInrbUOZ/ePp50dfuGA42qcx4/nRS_7r5D-2iwN_lK/3rm6REEB56QP0SJm/JCFcnKFkYcbZTO7w/zRoPI93lWyMClPuR/LF78um-GGGYt0YHY/Kv9mdmGPRC4Rx7Z_/7W_PxYXu49v33r2c/iLYQmTXWP9FsL_Rf/_5WIZd0ht2Y"
"1771750842-220","https://eleveprints.com/en-usd/collections/all","","Eyes Wide Open iPhone® Snap Case","$23.00","","https://imgproxy.fourthwall.com/LNqp28NSeM26Sl6Vwh2TclZDg-HhYamNNUHLVptJVuk/w:720/sm:1/enc/kJZtdjM28QWxGAgC/BNMnV6cidbyPDxdW/uM6UJFISDLpVka_j/NMrftBOkA7bKdD1u/vdvoA-Vfctp55rK9/-cCtvdgMohJRapxl/X5h8JDDuDyVYbpAC/wBCR54ej2fHvkrJu/j3V422MuuCOgJ0fp/zpKOBvw4sSoL5JGD/rzNX1FieotpWHuqt/kUSHvOiWB_hGRrFA/l_ZJcYN8Ik6uMdKZ/eFINRdxWDTOnMeL6/DTQHa3W1FnA","https://imgproxy.fourthwall.com/vBMHVz2gu1fLsj7UhMd_IDrf7CaNMRqh550LzuItp-k/w:720/sm:1/enc/39IhL3s20E6ZrWXN/JsHSRjLgMnjFdz5W/YV8nQxV15T9S0Ggf/Ux2aBqFwdn-YuOBl/k1uOqJ7MsI6pZvte/3OAYaFnjc7lhNN3z/Zbt2rAnRjLtlh68-/MtNkfXvRWRcnuQd8/a8OVqbzVtJYo9Gks/V6RZfxMIFXKhPecg/b6705PeLGdcuFWVl/Qod-MmkWyvVv_fdL/FPGAgVEsDpdJr2rI/_4SJPVcXwNymGbj0/IwqGtuoHDtM"
"1771750842-221","https://eleveprints.com/en-usd/collections/all","","MONEY MOOD Snap Case for iPhone®","$23.00","","https://imgproxy.fourthwall.com/SdSYZ2K2cJp-Gg_91gXwjfaBi_zsc0eIxay_SK_ymW8/w:720/sm:1/enc/cRk9DdKjLvMTS4af/RZTHhhE-qjkOcP2m/LGEzad0XoNP4iVJE/da_1MH6ejT67Nr6F/V8jI-Ke-u28PCC-6/4UTkQRZCraJffTej/_OC8cqgw4Byx83n0/1eKe07LNWYYQhsk_/wR_eYHk9ILVB_13G/5Q4FTDD2Ky6IZqRO/kY_dYOabannyDZRE/ZT1bjjLxmH9uTjKv/8tsYZqAJa__QYfPm/ZGXlcTV5A_wSnKil/7kx0uC6yVb4","https://imgproxy.fourthwall.com/Ym68nDdu-2n29gXS016RbDcZwjgInNTH-yNswlgmrgU/w:720/sm:1/enc/VobM_uVkkpvdjuEJ/BlPvuGb8emsi6P3a/xtuCJyfBPe6MwTs0/8wP7mI0MHyLk6m1R/H_fhGdTS3Gk9wmcU/ZDncOodnDCMrgenZ/SSMATi_7cSS3jBr_/PZwtgZYwz12ftTCF/GjyyVsnJv_tgk-VZ/3VUBeqoJ4pQji2Ka/YSzVqbXDj_X7FDes/VUoLbYah0Z-dXAU0/M2JhV8GwQhqL4d4n/2oL0kDCZrcANOJY_/rRSrnoi6fn4"
"1771750842-222","https://eleveprints.com/en-usd/collections/all","","Gentle Reminder iPhone® Snap Case","$23.00","","https://imgproxy.fourthwall.com/WMmcoUBNslMPOG3sO8kbMATpYsgx6476L1ymkk9SnL0/w:720/sm:1/enc/xslTm_S9C3jTH2HX/qqMiio8EuDUjg1sW/EOXkwHTQO4hT5lQz/UzIcLcXtkLqZV0zX/bUbj8fecX3rTnkO4/tMhsokhCz1Ibc-wK/HVAqI5ByT8uwbxIT/b4FdUtjIJbEfqLe0/Faaey_QF-r7tqlQO/4L2T3HE4wLK3wWca/duhKG31VwfxtuQ7b/0pvJ7HLjQtVuaGwl/jp_1foZHRB4YmROs/i4QKmX3-tx_a7yom/quzlLINa_-E","https://imgproxy.fourthwall.com/V1co3xzeBSSPSpGiLEVkWe04JxXHiFHHQtxMdJIUVzw/w:720/sm:1/enc/iOoAumFuwIhkU1Ix/DBsqqP1eVJTZiy8M/6aVXrOKQhhbcLerT/3NVaH2Pr_43UHRMj/oLKCzBOYe6I3pe36/VZHKEx3VDy2qcLtH/9Ats8fzehmALS0Jv/rFGdGhwARmVBCW4G/Y3bgZRj6cygF1Oby/fgym0gUzQxxAbJ3B/rHimsqmujYgb3Q4b/OAsHR8ndN8Uj7Jr4/4575INEU7QWUigPA/mY4lcJOtFp3Z_dih/Yw-jA1BWoLg"
"1771750842-223","https://eleveprints.com/en-usd/collections/all","","Girl Power iPhone® Snap Case","$23.00","","https://imgproxy.fourthwall.com/BISIK_OZ_S4hwtppfyqqmy9Mrr-E2Lt7kQlDZwjdsZg/w:720/sm:1/enc/29Ca8Tg_UaYDEbjj/jCO-z5PcZzF5rlGZ/EHk01SGq3x8k11BJ/WKfueBU9gHefF2Ba/C_YrmlsR81lQkH__/-V2UNI_eVR_75Zv-/yAg7G5GZjCaD44xh/aMnHsnilci-a7uup/5yM_guOxxGaLN1u4/rmPmv6G4GGrgOh7E/02mrXoGbtQHvIkAA/LuztwjjPByJBSJyn/1tdKFOfna4bP4jPw/BI5MrKsjlP6GdaFK/vycbrDl2xho","https://imgproxy.fourthwall.com/5uokjZQHhxrlW7VE5C4i4UEo86Iej7kzrNhFhTE3XSU/w:720/sm:1/enc/GZ57j9EeHVTz2uAi/qsvBQT6ElPhKpKb0/CcQ1oKDnIRPY6E8u/LZCKfudIGY2XSMfB/l7iibrjLR7o4F3lv/2-a7-lhECgvTiyw6/mmJmaTAvrMhtdj6k/b5_us95PYLBB0IgX/ip3sQWm1SG7OBNHI/rBoMgSg-62e2YNMq/OUp18sKmRucRO2o5/0XxmzRAE9TWaowL_/_02guriRX3V8WWiI/AkUkvnRgbKaqAocf/xLPctfkhQEI"
"1771750842-224","https://eleveprints.com/en-usd/collections/all","","Hacker Cat iPhone® Snap Case","$23.00","","https://imgproxy.fourthwall.com/QpqwCfIqHroUQpJsG0AUUPPt4RXmkGVRa1aVIKd_o68/w:720/sm:1/enc/fOIuc3ZHlXIPqEuU/SDFq2VQAVTqg30_O/TcAvir8CUIo-mJw7/dSCD7TACROstYGun/KaeHBB4Rz6SpLMx6/5PO-sdEei96WZfw0/1iphjQsaRRdpRr7m/hXQHcYXYcjcGfbLo/tjnk-GTqyM3sKrB4/ZTYMOLnQSdKZeAsL/7q6zFr0nzJp3yhaH/WgcDSRcNLDUSgnlE/ZyzMhEbuMsKC7YrQ/ZOcnbA","https://imgproxy.fourthwall.com/g_zuvq6tf0WL9q6xLXNqnYtyIcWnE8-W0PIOjUHYX3g/w:720/sm:1/enc/mUjWA7NVr1J61Fc_/Ep29vFZllbDwtxwp/myzgDdUaZc2RU3y8/2_cvONINaTRSoVIS/tmHME1AD9_3XAQHn/IJ_A3b1Lyya1gH-Q/SnEcGkZ5ptUsUpQM/bjpy2UPm_pPQEvYW/8U9286Nvrf40E4Ie/gFmLW_1WiF8bk0SS/HwBZ41C6rGwm6ESw/T0B6aexxB2gmiEk0/tuVjqdXk_6GO1Tzu/_v8CfNxe9QV6fIhq/yKD9k3eMTqY"
"1771750842-225","https://eleveprints.com/en-usd/collections/all","","Geisha and Demon Mask iPhone® Snap Case","$23.00","","https://imgproxy.fourthwall.com/qtHrIBfVJ4uuiVxPlyrwsMnXWTQhNLK2RvnOPPg3Gdo/w:720/sm:1/enc/emExae2eX0szHP8W/H5iOBluhSgu-ne5Y/fS2zNHcG1xqFm8u1/ESb1GZtIYfF2KoZn/cCfkvvyo4slvpjIQ/9V5kf-kA8yiPLJCZ/Ljf2Sib7utO1Q7BR/_gtKWxOvKwj7hPmR/D2YTFDg-13iPbLwc/SFuFqP_KMib3wK7T/KTOZhQvGyhlJpStS/u5DE7RNpK3SDDw2B/FM6XAwhH1lISGhU6/Agl1LFA19O6MPn2t/i0yP0xYzIUw","https://imgproxy.fourthwall.com/CXpVkoHqDeXf6We9Nek2tGWjj3HrjQqtihsHk5apKCY/w:720/sm:1/enc/s5rKSmwwanczGulY/xkkCQd0Lv0LvStx5/NswSXIeZRL0A7Lou/iJn9kIbwpYJ9xcUy/cMzINQjjosqDokZN/Huxn0Q8-Gh0QMBvT/S79ALFsR30nv88QE/A6sBzSNW8NMASE-e/ur1LVZvuFojvAyPs/V7cA_I0vE5jzo00W/dWkuuFVg1Ib6PVzt/PFnQaBI3axM2CbJc/d2a8Q75oNKtWZLX3/3dSIfcJx97RahwJ_/3_gyYXNBePY"
"1771750842-226","https://eleveprints.com/en-usd/collections/all","","Vintage Vibes iPhone® Snap Case","$23.00","","https://imgproxy.fourthwall.com/3PE83GUXmQz9_fGjwlouoWnJAyqL1FcII2rKu37cpaI/w:720/sm:1/enc/ISmcuf5xnKiVp8Rl/rJumsdsEWH-pgvBp/rPYihYqVE-HHj3xf/2tXItQ9YA4ZiuN7K/D8CWSRCWBLEylwdF/W_-Nd1tU8LI4ORwa/YQMQLZKiveAhXMgb/nAlg9U6LupKbJttb/Fxlh7OxaAhdFZ2i-/pZRgfNWfJkZeKoNt/KqBB_jP5bd8ZtVLv/1g8Y70GCOHzG6cyJ/rhQUxqTnkQZFpNpr/qEEt6HiNxXCLHIUU/8OLTltgxnJ8","https://imgproxy.fourthwall.com/1xZOkxFQVPGebpTMmlal9h8J-TVwfavdXMsfoehw8A8/w:720/sm:1/enc/Sq8JkxZhALmA8TxW/PXUQ-kQ2VnaXYOjt/OSciklfbx_QQIOZP/wPbPBXy7nDxL7tAQ/jXajNJqhecoMJ1KN/HAXLb9gYr5Q25owU/ePl5ZgCDHltj4poJ/0e4JjEUWaOaufDq2/IdA3pY0bVWDtMQYD/AuNAO6dwiGIHr2ZF/SpwkeHl6S9FKG1PI/So0nGcc9t4K7EIqJ/TM1KPJPJWJruNvtj/VSvDwi4l8_4JJ5zA/Uk1YktNXZC8"
"1771750842-227","https://eleveprints.com/en-usd/collections/all","","Elegant Grunge Snap iPhone Case","$23.00","","https://imgproxy.fourthwall.com/4kNG-TYBvB6OlK47QC_Bd8dt66oYO_-jpOy2merp9DY/w:720/sm:1/enc/-pxfZpPRYdYAckmH/F-PhL8N43zkHQZyf/Uw9NQanc5eo2IRmp/Xzo6KFBr7vU4OJRg/ii8wqMWnRXvdAxLB/ygUF0ox6NAQPfW_K/Rrx1p1x66QRVz2ew/Q2ZVD4atl54R6CCf/TLEEkt22GLzDvqQL/WKAFt8sQBJbAMizR/H4bdAj0hB3J-AQl-/hUotXUSoARalKOa6/ls9zOFqvngVQLHCx/In4FWdIlGJ1cjAJa/_fkSBNlNd_I","https://imgproxy.fourthwall.com/JH5Ruh_06NtLR-uTByH5koBhT2zG-ghD0sGHBAJchC8/w:720/sm:1/enc/K0_CEQtsTO069IuH/urC9mBcpuBJpnQR3/CFLbihP2cLD2bMQ7/AVl8GDyf9SsUKwhE/zYrMn2Dcad1G9eRI/GI6vPdugBjBobCtS/_52p5km2EhwOcyrc/xd38VfLgPivTeu4S/NGbNUWpFpPCKBI8A/Ng5UQHzfrkpejoph/Ssx2Z68Nu5u8pfGK/QghDyCfKMugkDbEc/INY4QJ9_NS4eJiL9/izCKJEVVdFLrQ4Wa/KL-GDFj-kFE"
"1771750842-228","https://eleveprints.com/en-usd/collections/all","","Vibrant Waves iPhone® Snap Case","$23.00","","https://imgproxy.fourthwall.com/gG-Td_d6cd7ofsjzWTXzPaVyKBwE0_h_BSgc7eS65J8/w:720/sm:1/enc/JlrbEq1Q8zTFT-RW/GPyvejUjHEm3F8Vo/Ze_nCQggiwd6-2K6/mlHnBDIJ8Kr1qJnG/Qpz0DWCXIntWSjh6/P5nWb45Supb6Cq94/CoJsies_SrK4jPRy/AHqXFaEHDZ4uub7G/iMr7xJCGki1wEGos/F9xVo3Ru1XM5xBx9/kq-E1EYHAdspmM7y/1qas2FDiCAQ5l1Kk/u2gr-IYz4iYcKiM5/tOQBkOaFlgDdqOPZ/3kl1jZXkL58","https://imgproxy.fourthwall.com/yFDNuJPJ7EqqXZaxFtEv5tRLeo9RCSFRwCDJasEGNFo/w:720/sm:1/enc/ND2hQauxtG3DauPI/l4uQ42-JVeQyoPi4/ASeWsuFhQDPaQFqM/gGr1rNr_Q_2eT6Wb/vSY3h1Ej-GDP6hqH/N5mbUOiB-V6pwkR1/v048TatdMmKYRZX5/1qqfNi6qZiIvXaLc/l8lE5gANKLyN92el/bjVqF-DEvwwyI5-j/qejrX8TLvw7Wdh8_/Vp9vIVCMJxzM6erf/iIOi8iAh54s10Ggv/Sl-WxF-XJZgZNlhS/vOWNRHTrubI"
"1771750842-229","https://eleveprints.com/en-usd/collections/all","","Vibrant Chevron Snap Case for iPhone®","$23.00","","https://imgproxy.fourthwall.com/0iAtXOjU66qVbZ3pQsutynsAKwK4_2FIWyu8AoGMCgY/w:720/sm:1/enc/-aRTxEX9ER0h99lx/gER0-cXqQw05bfm2/m1c5QXFmVBon0Lqe/B5zEeLN3gVyhFyuK/KuhY8HK1MLLiRPnL/O3a8awUWBLJJfNiY/EjRTuT0Uq1IIW5p7/oejiNcDD5kZzpkH1/BeuUeSFdEG0ifgqs/dGWVM2FTavOpWdwV/Noo5uOJzo8PquOq4/NrXVFiGBRQWluNln/WRbduzfWK31o3wPo/jR3BfSj_IKP7t2S-/8umwsNAMZ0U","https://imgproxy.fourthwall.com/nzi_X92LRzj7mgy8FjdTC7qsczEMK482JCk4VZ6M73g/w:720/sm:1/enc/VuPAUhxGpdOlg7k1/OWnGuu6udNADyQnr/SDnKgaB44FigZWT4/AtjuUYe7QGWkIT7-/5UMNIwGgD0fifZIl/TNTSiV2TK6PxLOCq/Hr0Qb4VgRJVYj3I2/TtNCCJmw13B0NtoE/N5ylt6UuX_H2RdZ5/KUiy82drFdLqEsaB/x5qTv7IN-Dc_FWk-/lhVk_C-0SOtKbkcB/72nHIjrOoQpNCsw2/TYbprBFoYzsRasjW/2ATbphI3YSc"
"1771750842-230","https://eleveprints.com/en-usd/collections/all","","Golden Zigzag Navy iPhone® Snap Case","$23.00","","https://imgproxy.fourthwall.com/a_ordqGADUMDFQ7PCp_wA-EegeirDMyLKgECplDHFU8/w:720/sm:1/enc/kwdDM3mja12IXC2p/wJlkztGWHwfMhVpw/ZUh2e9YVWa4tVepd/SQdNyRryy910rU_n/U1urEsix9LyTGrZj/22hy9djN7EWCOJCl/9Gih3wgnpskIWOJi/5Sced94sGpe4Rvqi/XuYO2Eg8MUO-D3kl/z1ESWu_anKc2DQF9/KtHS1lOQ2cYxF5Gm/0Hicp7Q3-QblUpIK/Et9uh9lcoYjX5nRn/6O0H9b6XBIkxjjJ-/wFdvpr68MQc","https://imgproxy.fourthwall.com/DlOQAFcpWX1m8tIqwF83nk9-mURudUxC8yDbqcljaC0/w:720/sm:1/enc/vR7zxGr_YY6vQ0m2/rBf1GhHNCh4zMu3J/InCCEKpXXJ240u3F/rpZUguhCoaYFBqiq/TbRgu1OVDrkLNaOy/yymDLpypTOT-4IbK/Xig-QjZEsF7llTKp/y6DYv4brb_1jBQkH/5tviJQY6YOeoiSxu/brb4dwK5SUF4ZwN4/UxitQfxiZv0XtEPO/P8VEPVNKVrhXtZ_u/b7WqrXZIoUZ_gQL4/ipk-ygUU2Gogntke/cEyrd10clTY"
"1771750842-231","https://eleveprints.com/en-usd/collections/all","","Floral Geometry iPhone® Snap Case","$23.00","","https://imgproxy.fourthwall.com/adIJUve19EgraqDdosxtAVXcJ-WmdxtDaSReA2-0Q7s/w:720/sm:1/enc/p4ZfRCc-jfX-I43w/ZnfNetN6RgR0CO4g/CcftINSqOROHab3u/WfA1cOT8iP9jIUtY/XAAaUlm6FhJHDm-a/88UC37up6wpQtIH6/kilXCZdWdVpwVeVX/-VTFTnK2nuExNo1R/PnxlETwqEglCYAbn/TuzFkUsk2G3NbjaU/I9Xwcw5KueB6HJ3V/lz5STGS0F2FGClRm/KFPpzRLtqXVO0d83/31IRKoWXx9IsHRls/I_YtaM-lKMo","https://imgproxy.fourthwall.com/A7TAwdGZodRll7s5JNhMJhuo54ArEsGeRLLHTHKvihc/w:720/sm:1/enc/6IlSNSgjJ76IVlBF/KppwJ5oMQYu1MxXR/5IW_vdNx5-OamszX/uEFOr5KTbsYsVYQJ/jhAEmss_mTdeEVW1/qx9NxsZeYIAp6CCP/ORi1lxOcUD5cyIoi/rLuoBxwSOh_4WjED/9Wf5z4D7G-jAOZh5/CL5A8i7qAx_iKnL6/Ppec5XObgZQrsNCH/Osr4nx1-IODRRgm6/kdRuvw1GOPWD2JYW/T69fSTdJvaHvP1lq/48rWHVIzLok"
"1771750842-232","https://eleveprints.com/en-usd/collections/all","","Vibrant Abstract iPhone® Snap Case","$23.00","","https://imgproxy.fourthwall.com/67jsi1NSAsnHBO_NgGniJfJLL5hkJOk9Cvv3ktolmWA/w:720/sm:1/enc/u5tLCjfUNdpaZjqU/8jnY1itjBaxNEqrK/-3CH2ow8J3sUs8U0/n2cawldOp2ZQK-oG/mjh1DQUTW0K4viZg/EGBQUHSWosMZtmW1/huxXpXb845RzovyU/CdOC7ULBdJZe_1TN/CEU6DJ656h5gSoqF/gZbIawVT_bXJCwq1/ZVuCheLabhu1JG-1/ssN7A8g172bB4q3z/L2aNgFQgUHyHc4Jo/QKX51p6SNyoBanW-/vG5EFl16gpc","https://imgproxy.fourthwall.com/h0An9S6mYGCNJaIzar8FdL5G-pFDFap9W05naiyuV5c/w:720/sm:1/enc/byaVGXp7XVyxbEFN/UeLr77G2dITqIgxQ/M-ckXpT3uzRpLbZW/AFz1Z8-7hj1U22Lk/mfOx115wNXepMqwC/F2Zjw_zacXI6B4ke/0SHr5PO8LJBKiZA6/GRA6w9I47G_EpsZr/0B7Ia3QwQbs-w9uC/A-1aSyqKFlHTKmi1/9VzprO5NTD8zRFZ9/phNSshMEQkRFXuRd/6FMGY5Y88g7VnCY-/Dn3htT0RWfLgc94Z/nsvDGTTrkIs"
"1771750842-233","https://eleveprints.com/en-usd/collections/all","","Stars & Stripes Snap Case for iPhone®","$23.00","","https://imgproxy.fourthwall.com/iZ-VqN10D2pP1OJAZNE0yZpVH5SsufGT4AzzVQwhg-8/w:720/sm:1/enc/kJDeDbDUyHmqXjrD/sBUJu6aEsbiD_hQT/_7x2JHpXhqZNT8nL/Lw094N3XjsfNmDtJ/YITM3VAOObQRtxlp/w9M1TjxuLshul-yd/cpo3TUW5f0SVXQjc/G5KNeLsMGYpDSLBz/nW-O4jsKq5Z2uKnI/ChQnk96Oh1V9R6f1/cS47lOcNwpn5dXzb/x_M6maYV6QHbbqd-/uWZoQ9yr_zwvMqVK/TQdzULXBlTKduR2-/YOOn9ZHBfM0","https://imgproxy.fourthwall.com/A0_Vy4vHW_lfNJ0t_rYrQlgxQY9qbCfXrgWggHSdbGw/w:720/sm:1/enc/5ATBWf-0v8rC-Kar/FiaHgBuTt9KUXqdq/q8jDnNYMC1zbzS2h/wKui4Y6idHtHqMtS/CJ8KH1AKC5iGKOw9/aYzqnAovfRMpZacP/PSqjNGIXOc7r7SC4/WknNbEPoyD3ISSdc/eQsmoI6ifJa2x8Iq/9FzjOnojFxG7lNCQ/wR5cEqgZpmHbP9gi/GmiHAC9jdA-pxfTT/WjVOoo9cC_YaahDV/4wSivnaL1pj5H_7w/yE39pG620jM"
"1771750842-234","https://eleveprints.com/en-usd/collections/all","","Geometric Nest Snap Case for iPhone®","$23.00","","https://imgproxy.fourthwall.com/3nAAnofdyzypxkWtf79bKJoylJqlw1GVdJISumBMEtY/w:720/sm:1/enc/ajoN8QIi1fre2k9v/TXTI9f_150puLOCQ/YJFtCNfosqZyRryG/GthQEXII0Sd50ghj/7_49IdKkewA-j8Wt/_ssufUhvq7Ncbd0r/FNKGeAdh6bfDhoTB/BzeDtS8MOYWcg0gb/jmtPyPGqEC-sQyuL/dm07KovZhVdGS-16/dtNsZFQS_m7pVH1t/tECPTp1a2lyaZxfx/Z7xMek8saxh0ZgrU/FbvF75AYHXBNBylM/Th5-zhy6IHo","https://imgproxy.fourthwall.com/R0JXlQH6aDDIlfNfmgrT7_Tbvs1HXO2LiBfwv9_W_3g/w:720/sm:1/enc/_M72P3mVUue6iCY0/vEK_lfvXF8SPfJng/FF0pXGjHaOTkew_t/XHbtBB7Msqpbh8Tl/KxdMAapCfCmpmYWI/gsw0Q6eDRJxixdb_/DcLRIEXYQDs9hudL/n51lu0YdSL-CDaYK/TBRbJXn-Yp-6kWV-/64GlfKbh1x1MEq2h/1t5FvNNH2Hunr1am/GBPuCjYQko8jiLH3/3CHpf1rKEy43RRTa/g-QOmg"
"1771750842-235","https://eleveprints.com/en-usd/collections/all","","Heartfelt Dad Snap Case for iPhone","$23.00","","https://imgproxy.fourthwall.com/XwSQxd0ZtIIrU5YXyw_932gqVqzJsLkE_BVhEp5EI6I/w:720/sm:1/enc/H17m4GUOeN78oslh/fBZOgi35WcrB6y0E/YU8gOosz9jstjUdM/F8pG4uR9CJScHIiL/ijNnik0sWrsVmhod/Sq5s-fM94gwZtW6h/DAguHvYoyg9Yw4jI/wxAkOvDnqc6N1_Fe/0aJ-HUjmQxk3mEvE/BBFRrAKjMJdZv0nE/nRKjG3I0qcbR_3Ug/W2f-hfOBLptXVwWA/OgVqVWTBbAHox3rW/O-1sYsdBAP3P2zgn/yHGnFig0giI","https://imgproxy.fourthwall.com/55ZB2EwGYFF_XAhWQBjwEUAaCZ3IqOC80nq5k5Egivs/w:720/sm:1/enc/vI1mhhXVf6IiiZEp/nUVhdEtVpjKG0NZR/5A_0sIDlts7fe1SW/R2JgJNkyCpgdWHwA/uNdWYbJIGZigGs6t/Abkdk9hM2xVhFXB2/P73SumVFgpTrR2mC/oJmzuQPPspGHjj4w/j09KNGFXOGjEY1S4/bf0uo1lcGwl6Ew1S/TRZ0dm1Q5phKpFqv/aPcJteaWB9eaZiZ5/pYUQuX9Y4Nrs_N8q/FtjOdtg1XMxI1kKW/h7Oj-KNFlNk"
"1771750842-236","https://eleveprints.com/en-usd/collections/all","","Vibrant Wolf Snap Case for iPhone®","$23.00","","https://imgproxy.fourthwall.com/sry74qlb_o4_z0xsG1lDoDI51FF3ti_rWn0yB_UQ2p0/w:720/sm:1/enc/_WGYx4DDHqF6Axqk/hoRLUEOG0p3QnCCb/WmanzuDmuVzR1Jk_/I78fGc09lk0Y5oBe/PwSda3_ICC97_vy2/2WJB2UCvVq0ho-um/S3mUtRL6U8PRyZXz/b-hQfJxl_Ug6rrhF/eSykMKhKOSrrCFuB/DPbN8XvLxuBrDMiZ/bFwFHPvbFDE9LlAd/oysBRqYHdVFB1U49/ptraBoC3aQFwOYfK/tCHL2XOquErG3qI3/e2B_uNDthPo","https://imgproxy.fourthwall.com/Vu3qIkikIWlYo48RESzhmhJOgC9kcWcQ9U7wsR4rk5Y/w:720/sm:1/enc/WT5T2IwHfE8CSCpD/tQO27oGw3WxTKcMm/HN_n9UpKhuiv4fAr/gzc7N-l-BW2Z2vGx/gWG6iyuAsSqmk47l/xMUD7BKTMWNwSxqd/03lu_kjSyoM5bjio/vaM7VazZ_zHwtzW5/yr9ovDDTcgSe6hsc/5aHDOu4mgWc9U94b/hFI9dXE_K7vFrSaa/Ri0cXkn4kwJ2h4Su/Jli34qI-HANTSAK1/M_FngCEY9p-Q89Em/vmjKr3z8C3Y"
"1771750842-237","https://eleveprints.com/en-usd/collections/all","","Urban Vision iPhone Snap Case","$23.00","","https://imgproxy.fourthwall.com/j94bMtDrAmnmvdk5rKT6nNfTXEtW7gCHAf6ZNaLoNPg/w:720/sm:1/enc/fUC7Ql3aw9pJSpCv/M-Al3ceQkNf4K2dt/hO2FZVVJ51GrpXtq/NgNIp5D0R5eHv-Wi/9bJyTOTMZpD1LxI-/CdHvi1HoTknCM-pw/84yrj-stNuT5AlJO/fTMUPLGhQX0EzcfH/XBi4TUv8x4MWXK3S/Ok-i9qApMoBMhZ5y/QCSLuumhs57gBRAF/_dhft-Obi7h_mbcM/uyNJNqGdrxvglXQ4/4QJJOFM0UGxPWRT5/nxht3LxXn2k","https://imgproxy.fourthwall.com/0cYaeVeUgL8J0_XuHdU1FNQA5z5W72r3f3hbGQEHnV4/w:720/sm:1/enc/swzjbnIFPjtRti1g/0AfS-WH2smZ47txa/iGdJe13ka2apaoDJ/mMhhjMYaB87H-3Eq/hV-3Jocz7oC2WF6U/SBQQz6VD4_lYgzgy/YDK3_qgaa2U1gQv3/a5hAhGKewK47R3og/CnQsm2N4tfO0C5nZ/QA4PSnrrotMBTzYW/HbxV9RBtyiGI1hnS/jfxOIslUWbXB2JHh/OqKMUbLc5cerYgkG/B0ia5RYmHnvQVrSu/zZlaINreXsk"
"1771750842-238","https://eleveprints.com/en-usd/collections/all","","Creative Bust iPhone® Snap Case","$23.00","","https://imgproxy.fourthwall.com/mPQMiGp4UcZmxgxJx487In-77RqUtgUGOiUdJYmIsLI/w:720/sm:1/enc/a0r70x94LeqUbKs2/XvFLtncDuc8PNg5t/iQQxHmWgJlktYh6X/ZjHN9tEtvfNmNJOP/TW-jCPC_nBEfanMU/0hfCvi_FKEohX1wW/0E_zJjMOvlNhKa69/NghzqW91fVGpKbEh/CYV2ABmZhKoqRPNG/uCC7GFJYwgMZ38v_/6qns_28-wTkwpPJ5/pHJoWhyUDQDR6Ewu/fbKiiMLiSTj5hsM7/V8Lu8Q","https://imgproxy.fourthwall.com/1sxc-IHBVrMZ2JkOM7CrEHrXnRq-XlPG7DJ2U0RvZbs/w:720/sm:1/enc/hzjVxLKxgeeaEcMn/x_Wuc0uaawl1na6z/Et6gvMTygsQth0zM/Qjtwm7psibmltFBj/jYyJ0340HCa_XzSW/a7F27KEdRFY9lMvR/6bHwbzNR8lJIs07L/oBQ9KAiBPWlc1in8/z2_Wp4B3c49TM-_0/rjjdkDhzzsLCj_v0/hU060QsMF7Ixu0OW/Hb170tIj_0UDoYWD/CsqhLWQyHodGHJb1/vSfLnCG3v3rEe1iN/rN9ToMJ67KQ"
"1771750842-239","https://eleveprints.com/en-usd/collections/all","","Chills & Thrills Werewolf iPhone® Tough Case","$26.00","","https://imgproxy.fourthwall.com/V4tpBHenTXHCrH-Acl5fSM0Yt_3f0DF7r3aT-WSb4MA/w:720/sm:1/enc/e7_yiK55yW_IN5Gn/x0f_P-CoLLcceoQf/zNh6h0FlAcGpKjYq/XDuf-I_XaW4IIXhF/NRyNFaUOzGse7H-4/qo75Uz3xSZh7SnA9/0NkCzmBdtS4LQ_x8/SWo0Aw4EWrvriXnc/dBkmN5bRxatOHg14/yTMq6818n2L50_A_/M8Veb29X1AWANPWe/rjIBHtzYS6Bojijj/GaFctbisU2TJRvVm/LX5P2FYEmhjZZEnh/ckmI4kLRaq0","https://imgproxy.fourthwall.com/BNPR0oP48GaFpy8OJWY-SxF0HZqlgeqZLPf_Zka3tOQ/w:720/sm:1/enc/3tU53YGGv5_psrO_/wOucWXtieen-opRM/Gr1F_TGRVdG6BHG5/8AO0GK8QHjRqD4Gx/fhs0N6U5v-bAVujb/MiSrtq4Isjn8dZ7e/SG2Jyd5fiDUC4G2M/Tx-MxC_wKcOebu_-/3jr_LGQTmWI2DBi1/1ZGszhip_rnet7RU/SWLFGcBApeQX8RSD/pbKnp239O34aqKz9/4O4dscwDhl9uSPQK/tMe9eVf-3TH7kzB7/pO7rV_Tssmc"
"1771750842-240","https://eleveprints.com/en-usd/collections/all","","Butterfly Dreams Women's Athletic T-Shirt","$44.00","","https://imgproxy.fourthwall.com/XreMvWh5tDB5mFMycsd3eFW6UQ2QAdVzjBCOUWyqoeU/w:720/sm:1/enc/EHrRhPqO3MySk72D/s9Xrtf2mOep9InRb/kPvXzn95fyYleO6p/iJFwgqbF-zroc6wN/XXjuwGoldgE7xv5F/QFNj5vJYVt2GzQsv/FYo9Dz7SgR3DOpzX/ZO1bYFJxDFpV0agZ/3rREBJr94AHdcuic/alsR6y6cSZQ7mydl/Z2IxoODfvvtqdyn3/JXXDk6IFND3eBcGv/rZv0UEyASlFA_590/k0d5rH3XqeJiB8eN/Kvb45yD_UVE","https://imgproxy.fourthwall.com/Z78LQcUz_PSQuiC1sF0B5U4uB2N4umCEPb43LtbLljY/w:720/sm:1/enc/rHbKxGxIcLrY6LtV/5nqkRjkOkWRHF9aZ/VjnO-TOAGZ1wWJCg/17c9bz4Rpil_yH12/Dy24woazdI47DCZV/Gx-65VgPy7hQ1D8M/o7perbs0ZnyZxl2p/AqviS8ueeb-M3aCk/CmgXaP3NI52WHvXI/U_65N-63RcpWaCot/U1zPyoMFJmvmAKA_/WIR7Z4ibZgY7WW0Q/rrkQkdasQvo5ZsMM/N_vWsQxnVVnCr_3i/h1raZ6ZKGw4"
"1771750842-241","https://eleveprints.com/en-usd/collections/all","","Zebra Waves Women's Athletic Tee","$44.00","","https://imgproxy.fourthwall.com/aJg59jfL5NUyO_5Xz7-5omqdXOL0RBJ1QaL_VHxOn7w/w:720/sm:1/enc/n9QJb0rxOJZBRtqU/DaaUMirynD3WY2_3/Wo8RjsOK1wzDVBdR/RDrXqazKYOnlelvp/ZnOC7hSV78EZ1T8o/mv0c45ir2NsN7_yE/my8LtNR8MQNY6Da6/WCo3ig480cAGzxGJ/BSXrtGAOrXkQMMVH/dRD51ZcPCDJKkdp7/WLNJyMeSR5Gs8q85/FQ9JRFH9H1WMT0dp/0nIkmn6kLWB1maWH/uK8BbbwyVHr1WmX8/VpaKpqjOo-U","https://imgproxy.fourthwall.com/UHgbXKUu1_BOEqX0w5KZqgzmiTaw7sfY3RHsqpHpeVc/w:720/sm:1/enc/Fik56TQ284gFRW9x/M3XNHfIBKZ-v6RWo/v5q2wbD67l-LAowy/9GiZDGe09kSwZd32/n7QUmzX_Ot0bIh2l/kgAarw8_JxqPT1Mw/QTvprsXKD-Nqc_F-/XrNSKHAuYsf0YDOA/VYrop6ov1Cxp9FlU/lLHXyGtvmvqP3xuQ/WL6LJjKfXMvgoXyx/8gEXbJHxUg08ghX3/FBYVGE2AJ53BAOyr/5Mb4hpI798C9pnrT/UQHNj3ASqyQ"
"1771750842-242","https://eleveprints.com/en-usd/collections/all","","Radiant Blue Tie-Dye Women's Athletic Tee","$44.00","","https://imgproxy.fourthwall.com/mMl4Naj69Ik5mZXiVpalk-a9LwOaVvsMNjQTginMC6A/w:720/sm:1/enc/svfpgTCeMRlG231E/c_cmyL4CZuEBpca_/JrVLquPN6k-YuNOW/iah60J-9P7wGPcEg/WDKIMUdUOAbVL3aC/m07hBG-TtaSzLhKZ/huz0wPILQ6vZmuMj/EC5zjdkEvR6TS43S/fT2OuVP_8E84dbow/NuADJu72KXeYVqoY/AfbstbtyVDiCsaUA/YgGoI1JHg5EGMiUL/ARsPBcitGa7meuAw/8uog15IQ1E1ledfC/r4wDgY_9oC4","https://imgproxy.fourthwall.com/d2NPhdhAlZ7Izy9sYkbtD-owokyviEwL7cMLC38VH2c/w:720/sm:1/enc/lAbpUDyNneXsnfDU/ojXyV4xkdUqUl30d/bg1uQLGii4LTzkuE/4ELhmgZo-2e8maLX/RaejAZavxghrAJZ5/jgmXGaNC1R1WbcBe/NqRP698MbhWe48nT/UWh4W1qm7km1XpoF/sZrB3IeL_gvQfeqY/5PIotrBt2pcnrW2N/fRZoG77e0vBI1lN6/aDonLgWYgDQvBIkH/KSJNrQpQOOEhFxQ4/bIjknttIIeGoq539/QDiJB7BhBog"
"1771750842-243","https://eleveprints.com/en-usd/collections/all","","Cloud Nine Women's Athletic Tee","$44.00","","https://imgproxy.fourthwall.com/du9O-r1-eeWrIhjXDLxMhVzF1UmP2TgAPrmgyYVQuJI/w:720/sm:1/enc/_DCfS-ZaCAAsq4Yo/y3H294vF-ouDJ8SK/ic1FuDX2G7xUiypq/206aDh1YW_WpZfni/5oyMZ8RnApxXnuMn/y5ITVL3zhXfU45j7/PsZDkuzub0y_WeEa/KbMrnCo6KAGWCq-1/qJtSSflt1ov5shFg/kOgMwrhEyq1njMJZ/mOgJidOTAqll8DOL/uq6Z0rXkEMtewEUc/z2A3ieZDDdoV2MOt/B3fCVMcBG_khI1K-/ej7CUzcwu0E","https://imgproxy.fourthwall.com/B5iWp7QccxKpPp-uKLF0cuGw5NyJibWCYg2uo2DaIWw/w:720/sm:1/enc/gd-7VzJ1WJTU2dUL/pS_dKeyu8xa__RGb/nEwFJYozhQrsoEsX/gzSNXvmsJPMibV0J/WqXbUjqPp5Qa8owK/VLXMsA272M0CoLVY/-mQC2fLwxhuIwRBs/zz7yDNO3Js0DVO41/M9Q16Q_MNsWyFijS/RH0adHYkkz7Lj1hv/TubXzSo3EwjweV2K/kCn7h7ZjeaC3Nsog/cyZQoY8tlmsrI3UW/gD4tHi6gKum6ooj0/eI-4wQctd5Y"
"1771750842-244","https://eleveprints.com/en-usd/collections/all","","Customizable All-Over Print Women's Athletic Tee","$44.00","","https://imgproxy.fourthwall.com/rLahLTfe1aEU1UxDGwDfovOZnjgcC_Jezb7sq-x3t0s/w:720/sm:1/enc/04VMYbXtSqLxodFc/GaqM5BaICRmGJmBX/lBakRJfOh1q_pcNu/k-9J4imYJvSQWZr5/8KkkaFUaViK-uReX/4DqrkI8ZvUKN_HUQ/_X1wkXP8epUDI7LL/MoBwvdO6IcH2Sw4C/4X9QWbWqEnP0Z3R5/UMFoXg1AJP7UUE0h/0ocIkTCoqXhrNeI2/aE8xYLyK-jiAxQ9q/ROojMPJSYp3jTfF4/KPGKiPoABPaX3GXp/v9Xokp9sXMA","https://imgproxy.fourthwall.com/1F0JDYSS1E5qx-Cf7fXZBoCKm6n53mF4wX31U6rPdDU/w:720/sm:1/enc/n7b_45nsyBkmEL6w/GrQgBGK9GQt7zp6-/Ce8AlA4JW3_6r8ZG/eqKYme0xQSWf5Iss/GHT2htry2-Gyd7-d/QNPRhVHg4KqKbCF1/AGW6kfd93p0DbEjn/LM3XQKY2N2AyqxYq/9s3tuaUaPkgE0CtS/RQK1qI-ciWlzNn0H/6d9W4YuW-QUc_y6x/W69ytSmFHsm9OZ47/s16IQo3SSInaeeCa/bszWDiqxuc1N9dCx/XevCND8fRZE"
"1771750842-245","https://eleveprints.com/en-usd/collections/all","","Dynamic Leaf Fusion Women's Athletic T-Shirt","$44.00","","https://imgproxy.fourthwall.com/iKrBjaOx1fT0paFyqtVz-LZVAswUuxqtLpt0_tPYJfs/w:720/sm:1/enc/Pz4IPCOxazZnLCzK/Q-klY0Yy9dtb9U_H/F4Butb8aDv8V9Y2b/UqBnVxjaf67vB0rY/rhmLxvb1riCw1i9n/EO4dKi2bghbuo6R6/cQt1AKLRcDhMHkss/BTgicFR0JBdyLcre/ofnpJHIfCeQYr8Pi/gtyJg6A9b_gfNqlC/-hGQbEI1XyUHP9WL/5puKkGNBPEwtOp2_/-TH4myifyJxBVANP/5zllqHYI21QKqHg5/cuWrFcKPGnY","https://imgproxy.fourthwall.com/2eRo9FXHabjdd22pVT0atMDVCzFOm2tbZzY1uIZdawQ/w:720/sm:1/enc/zMkYt_nEEiH9O1i3/TpYWVBIBqew0aFjT/MRONLIwkM4hlUqLy/vTck5crcIVEM-r2O/UzfoI35m8LwcsQZS/9vBuQAvlsVfHdTRD/6WwttWdszEukiRjW/G51rQlv9bomp932u/JPBh9qEajYXtZy6M/xekVIm4Ao6aPo_wq/1MkN5_Qr6NrTwtDv/9Yan8OowxeRC-qfH/cb_aRNeBapS16VDq/M90VvImYgQFWSQmh/XPAQI__-2Hc"
"1771750842-246","https://eleveprints.com/en-usd/collections/all","","Aqua Swirl All-Over Women's Athletic Tee","$44.00","","https://imgproxy.fourthwall.com/xnoSmC3N80uQONJdRdrq1-VpIERsZepBIIFd71xXyaY/w:720/sm:1/enc/3jBmt8YpPvhvZ4-m/_Cj76A0mHPJkfymf/-d-ESq1_jBSVT3Sk/qXYN_2ZLL3gOGXU6/brMwlbeZWnR-ESI1/RnFy-qEHPhx68rOW/7rB_cKZpoDImsL_6/3YsmmLTO8amtdFDu/mJSvgRZJORVBfV4t/0AkG2XQbRSNlpj6A/86d2zPJcgNDSTuWU/grma1HpJ_eP-NZ0c/a5foMx-BJQ2IQ3Mw/6cJgsmF7fgyA8Syk/W34A92NO7tA","https://imgproxy.fourthwall.com/grH0UNmEPxvMZqEnU3Wll1mBmB4Lw77ig6PtMmy99MQ/w:720/sm:1/enc/ZQWMfQtfedHieqf2/mTOx7ey0fiXAWAUR/hIhDEqRoDGKtwFoD/pGco9CAEwoun9MIs/zXbVERkcPhKBO35t/sUzi8l1t0I9cZWoe/0HkuxSsRBX3C_b5-/Uwetxl-tUvdTLkQL/IYk0SfOtSpwoDnxL/y6LQh3bqs7O_QycI/AjGqokke_gmw53BU/QMw24t5nCgSkxJJ-/2jH3GCmBArO-hXGH/0eX5qdzLG_9ExjDO/WBsOu11A8d4"
"1771750842-247","https://eleveprints.com/en-usd/collections/all","","Heartfelt Love Women's Relaxed-fit Tee","$24.00","+5","https://imgproxy.fourthwall.com/yz6EfOdYRw50FYP0uRoT2G87xDv6iWnNk-Mh8-5pPWY/w:720/sm:1/enc/tmMMGoO5OzYBLhyd/3hJpLTBzeSJ99uf1/FVcitdARD3cCx9sj/J-2NtBxfS4veFiEO/-0cKSH9khQwtj8bU/jbKxyFxBBDrFAJja/UQzLLLJtQCUAGfQC/tZxuS8N_2YuD5xgs/fRbbujs5ed1GiA1U/2nMy9E1-l1S9HGvl/yS5xx46NqHIQBM-e/wja3HzLVNtDOyWyM/8myqTA0y5x2umJVe/FKDO8scI1dTADxQA/HXFZztR5SxY","https://imgproxy.fourthwall.com/V0D5k-BfBuo_BSuNy_nx1d87pi8L9wnytj0xPQjE-pM/w:720/sm:1/enc/2RkSchn2dxwGxKUq/Df0JJqXJuTI95kaz/iaDlSPbefUOg6fFs/vB1QURu-1jEQ6tBx/gV4VpflhHYHMH18a/sZixG0YZL_KyG1IB/o0swWOZ2J4WtfpbL/SQBl9YBAcu4Wz9nF/eTmj4U-QIeI3xEWk/V7wHgBHx_-UPtDpn/oLeT_77K85vDobkP/JDQuKvG3zohvGJac/tVHNmAONY_n8rLrg/gCYIwBsxCyocmIhN/AqFa5cRjEfo"
"1771750842-248","https://eleveprints.com/en-usd/collections/all","","Empowerment Mesh: Believe in Yourself Sports Jersey","$25.00","","https://imgproxy.fourthwall.com/hmnqJYhPTmA_JuOimQqyBZnnPdNIRj-r4pDXRgnrJd4/w:720/sm:1/enc/etMw0cCjic7ZQzIl/KGOlFRK8BdZh9wRY/DdSuNeF_lDsxUJT0/oIJHj6TWULiMK3u_/9-KwrliFQOXh6VC2/lNuh5XkkkRe3RnWZ/3QAIMSjSP5vYN_yr/TnCHLV8V0jwtSlic/zgXqpCCcepitS-sJ/0iww7BRmVzknDYG4/aSoPsh4jjwe1aSht/ijiebchohZ9RKeFU/5bA6gmNAICTKaWjg/y0hDkizosDW4linA/5soVIqzCg5M","https://imgproxy.fourthwall.com/bZ90rURuZJRhbLe61W7hbg6u7yX-uaeo_ZpoYcmCKpY/w:720/sm:1/enc/lhkK1wWd3keiYEDN/kM-YrQc5C1uqNX4e/Fr6kZL1tuBBZDWmD/t1SektVG3QR2gWtL/w6CjtV6sF3RXFHaT/Xv4xfRmByT80seiN/UwpRjC5t4TXH0X7h/IYEth7Ss7mTu05ji/fb-ybgjXpt3LHxsJ/d8b9j8vi7EFFmaPZ/Bz9uxJz9FRO4PPhN/1P37cms7QVm6xtXK/WiAzAeqn8IcekgIO/KtHJOyKV5WXRJ6fP/bbQGvhNrCtc"
"1771750842-249","https://eleveprints.com/en-usd/collections/all","","Cool Vibes Emoji Graphic Tee","$41.00","","https://imgproxy.fourthwall.com/joniOIhswnD2gk9b4TIH0TbnO5H9p-ZJ4couNb0t3ec/w:720/sm:1/enc/f6RvRoAk-JSDSP6t/c4bDXtnHNGk8R4on/dHeS36rhU614N-ch/bsEvu3raLvJZPAzY/uTwdwr-IXvw1cNZ1/H1C6Iro4ua9E2N8h/AxIccb9LuYX2hk72/s0pFFTePnx7bfu1S/0gdIBE5cG-NsVZ9I/TphXlZa9hfyJ23nv/M1OTsWpl5UZkdnDM/Vaa7IBPsmBh3jrX8/U5jO2WOrcFDtTIOb/ol8AvlAxFaOlOJeO/WJWd0KGc7ts","https://imgproxy.fourthwall.com/0LdM5sb78r2OXy0PUOBZaasgWuFhRJprZ8VnRDZ2rr8/w:720/sm:1/enc/jK6nIwkE_AS5X7sM/JhSJZqKLTd6HY2QT/KJoORgDtq9GURO9h/8aH0ep18M0jGmXS3/qaDMAD1stJOeVTEJ/-kkxhdJRZvVb9mHN/xPkuRPnK-1HKa52d/3YkWc50bU6uP3s3U/5qx8aPNf0niwSEsY/O3vu-TfzDkaf_eUk/HM575jkmuKZyrBrJ/Yx3Wnxi4rAWJu5t4/NrZZDnvYCgAp8wlF/yN5fN1NGhRSbbEQH/56kV7arJcno"
"1771750842-250","https://eleveprints.com/en-usd/collections/all","","Airborne Slam Dunk T-Shirt","$25.00","","https://imgproxy.fourthwall.com/aLwlChmuavZ297sOEoTlIIRjaBvxTN0Ap1cNe7AQTB8/w:720/sm:1/enc/iaZqtzLLlZnqZSFl/yX7rfi6H9rx1cTYz/0gZSE-tRST8ToFT-/a65ERmUFijT429xD/MMh8uEvyK0eRRMBJ/6to8D1jhq63pIT29/BiZ42olCZ2jgNePA/4jRHA0FDRMrwe61B/_vDJcBooBmXbrdPO/xuM2r4biLtAXJBld/HM4FZO8RTC4__F0d/5qV8PXm-YT3z105n/voy48uuoBJ3-30Aq/0wxllhuMnc6F9KaB/89sN_qbmSc0","https://imgproxy.fourthwall.com/C7t2b3B2rFp-NUDNlic9HMuV5tTDjBMf_zUxPLzyQFM/w:720/sm:1/enc/EY5dCSskHIJ2jGmA/1Ke8NQm3ECeP0EJa/EisPjRBzBzzqCGA4/YhmZrhUrNrXSmfR2/LMfuSyWXiThhE5HX/2aTMijbyewuBJTma/L-3dbrSQY_NDahbc/orkqIi3DM-I_NvFe/TLDO16ud-5X0r0MR/jA-cVa2grjDQQ4BP/74X_wVTaAecBOE3M/oYgA2frJPMKYCSE9/-PTeXtC3svVJ2W6l/iWk3hoX3iJ_smOLZ/C_sAk4eT8hI"
"1771750842-251","https://eleveprints.com/en-usd/collections/all","","Resilience Manifesto T-Shirt","$27.00","+11","https://imgproxy.fourthwall.com/_K9Xq4lv6KE-9YHnB1zp65sIv_dm2dsXIrm6S11PDKE/w:720/sm:1/enc/qJmq6AFBXmADO84J/5EDD5txGNY5SRdaY/ih12-0avn3GRaWJY/TWkJC6mrOlvPX887/Aavq_cdWk7_sl73z/E_Z0r6AApYvm2YGB/KaENzp6lLbLLnhGg/GFWKWUutKNxZB96t/ZbRDFg7-1_79X239/DLstHUTDRu0zs93E/Zd4213ZIHFh--W-T/NJhD3BoTVdkiAUoS/rr0Qy9uNay-C1bIK/fyjdkugsseHZKqMv/5p46VSfa6MA","https://imgproxy.fourthwall.com/vgXxNnKxniNyP6VEv4yAsRZ5mNhWE-zQ4v7FmZcT55k/w:720/sm:1/enc/Sunhbsx3vxaQu-FV/tXdeAb9gbJ6RmZMH/2o3wbdL566PF2fFo/JIv3JZcDRZyA0Dhv/tcogtjGfWE9bDcJW/TDm7QS9yzA8hbTpv/5a4cKmttu17FbW1l/ZvP2dab2rfy4h4iW/Y9y--bctn1as0_6a/skAAukGLG-xN32lG/oWe6utVMU7OBl90o/NPvmXLPMXFG3A7al/bxjHBYOEvzKzPHkO/vYa1IK_R5B6P9GyP/q-czFLJ9SZg"
"1771750842-252","https://eleveprints.com/en-usd/collections/all","","Bold Sports Typography Unisex T-Shirt","$15.00","+2","https://imgproxy.fourthwall.com/6M1A4aGVhMdXzPSsIkzhl25Z3taY8uT1sZ111FuqO_M/w:720/sm:1/enc/RfTxRuGPr7DXj2l5/B6-dgkzKtjgllC16/g8ktE42DiHIBu1Cw/qkNtsPcbsyflwHIq/HTcrVbefIfN2mibE/b405AWOz5xGp13hz/fA77Xx4N0xLhWddk/1fNyIhJWFWkjb-Ec/rXL8NshHfN1SLIpZ/CslQUdUUkeWpq48Q/DqsL5zr8n4Jgi_eh/NkS1PI-Hc80bZ3ui/wodsioi6aKqnoI4u/7DH0z2sceqJ7PedR/mhPMcFl5x60","https://imgproxy.fourthwall.com/tyQPR79vhjmwgZUCyBJoeIc95xOw_AJnM-oxNs3ZeOw/w:720/sm:1/enc/fb0xu9lfy4YPE4fl/gIfp5E8kMjRzwpO1/tg3PKuohrJMYEMzJ/R9ojymP4LDseThIv/4XVjw4RQKcEhC8et/iy0kBmOPbpC6XVhe/RMxJivpwk0FGHTVE/KWJ1sCeT8J1cMC46/9nDVZFYpgdwLDATX/ihHPFI3lT489yK1x/MnZJFaDPzk5gaVp8/6MP9k5es_fN_ACqq/yCWbUTcZmcsUC1ne/NNpX5OH78X8oa8un/DplO1mgyNMQ"
"1771750842-253","https://eleveprints.com/en-usd/collections/all","","Roaring Lion Graphic Tee","$32.99","","https://imgproxy.fourthwall.com/VqIRUIij2FKVptyocDNqF2yZoJ6ZytTduG7M3OU6mUs/w:720/sm:1/enc/6E5EPUmyLF8kmHY3/AqlEseH1H4tRt0YH/OXeBAYGzTA8an73c/7aH0SpoQ8MTRG00V/iOllcdFz0goUaiHz/x4hLclP7Z6K79B-C/jtpldS8CByq6KRYE/c1BXgIAe827JsH70/5tsMVczqg6PzjTQD/xMtoWJ9AqjOxsDBC/lp_HEk8swnVcuYlq/5dICPf-bLWZhYE3H/YBwQ6oEJq8FBGLZ7/S1HRFF6wTlqG7YMK/jeQjcgPz-UQ","https://imgproxy.fourthwall.com/S6IvlsvnmaCc23XKt5PY-BkSBKZlyVWNieNXlZT6gks/w:720/sm:1/enc/dLfW1IR6vysGK24H/5_zHXvQcc5Gv2ivc/D1ntrCy92dCKAXII/uZm7jzZg0xk9gXjQ/0_steP4_Nc3YLi1R/1Fis2KGLLX_JxRRt/Mcl2HxWjdY9jKF3M/LcT9oEMqpOZiw9h5/21AHs4_ch15x1fJc/oUeorMNa4QCJYUpj/ATYxHGdrfxNR-ZLK/IlIuc8tT0OG9q4j9/sY8bICPsAv20O1gI/vyRPS9bh0Gsvn0Cz/fbcPjbTjYIA"
"1771750842-254","https://eleveprints.com/en-usd/collections/all","","Motivational Cut-Off Tee","$25.99","+1","https://imgproxy.fourthwall.com/yWMvXiNTJskGknFKT7w5VkaAW4h5g6bzkHCTbVxwIo8/w:720/sm:1/enc/foy4JCmdD1jq5Qll/DnT_DaA_MISTUJ76/yh6D0F5bxyoVs-uf/lkIq2lhWnaf4VdpU/aJoiOyDShVa43TD5/-VX_e8cgm47z3hCk/SnM3SiFgacYP5nl7/uHW-P-xIJUrjlRUO/OrCx2PJuBm-bBAGX/zF6fCZf65A0jHFLi/5FQgMDzIsJ2sPOj5/ixZVNiQMpZZGEPrt/GHe6tbOMiwv2-5_m/LjRvNyZGrd-V4GA9/mJUGm9FmAAA","https://imgproxy.fourthwall.com/fxYSVASwnQ3xfCNXzwRpEqh39mdwLMf61_gos-3dTMA/w:720/sm:1/enc/iIAwJY6ruJdHtOvr/fh8oYRGD4lqzEyke/1pLOJ_6EXdwHufwm/wlalOJwv_957wABN/fcOHKZNAO7cU3C0G/8QSfuCb_GKA3NyG2/6mnSAMe9rHdRpsa-/dBgaL-nh21jI_drY/0qBnb5M6jEQFRLGC/BFM0-6j8kBUcw8gQ/dhXfRaN9CEu8SE45/N0m5LT2za-wzeD5c/nKtJdc2Z9SeI1unu/pRI001jillOj5weS/cCf-Db4RZg0"
"1771750842-255","https://eleveprints.com/en-usd/collections/all","","#NO FILTER Stylized T-Shirt","$22.00","+7","https://imgproxy.fourthwall.com/z9VeFd2fY-1v8BswlgMdGkUQA7eLcXYUyszdungm8jI/w:720/sm:1/enc/uKG4_b0ls1nbsJ-U/tzqAY-zxkzmKPc9O/YH_EEgVVtk2GmqqI/1iJxnmR6WuGnUpWo/MH8GGc6ndT_UAxbR/XH0fjsilUHwhhT73/OzEoXZyfTn08TABc/RuOa0nmBIlWdKjm1/OEbVZ4kEz7r4UIUP/SxtEsK3xo6QR8D-6/wIFeNaNCnakGT1zq/3s45Ezdb2PyS741r/0BHHlE2JoiUxRYb-/rCnbjzBHbi9dOEue/8IqqCMr_eQM","https://imgproxy.fourthwall.com/03FZC-x4HH1BIHLse5B7uB0q-aPx0zwBw1XxA6sbxyk/w:720/sm:1/enc/_-76R3GS559kK0YG/4udeuH1LaEBwIt6_/MZ5svXirSOkaQQiA/FYN7WSEJa2n07Fn_/QbB81_alGDQAYLP_/1TNnYrCNMV99l1oW/ClTHT5QpDG0reV2p/MHZx-Kca9XyCzw3w/UbvCzIwBZn-9GGF0/fs_cpRt8qBF56T-S/Ut_9lW6fvLbd1sf5/LtBRGTYR4d7sfQFp/UlA9ejKusACfsXjs/bhH-vY4aGoQAeMQh/rlaJ72m7XNc"
"1771750842-256","https://eleveprints.com/en-usd/collections/all","","Mandala Mantra Comfort Tee","$24.99","+10","https://imgproxy.fourthwall.com/vu4wmMIr-KN9FbD6z1jT1kpdqwcFwfmTTgqfu8v7pk8/w:720/sm:1/enc/EOYoMt3yqK1pA3mq/tFjAAqLyDlQHUfzP/j3cztFp6vV7fx_gY/Sj2WZ2Vv0Lhjw_rX/FM5LmIbgCmR3ztYO/GH5vhQg7knwUdm14/Ox912gIHHas7jOn3/ux1ZeTZ0zTQJEGag/adqLNNUHVrGWJHyb/OR-NcLILnVRLqKqj/XutcmXPEmYeA0iQu/1Eqi94jIC8eOuqKG/M3u41eDv8xJtqCIu/_5RNFfsNkGy9Y078/u_KJOK5nq9U","https://imgproxy.fourthwall.com/rPK4KPSojfcHoJxaYCtFQyR1h6f2_0fll7GfO8bsQZA/w:720/sm:1/enc/5pEXS9wvme0x_FFN/9AWZ4cR4ishvA3Rw/XsojajK16M9caTQQ/l2B6b6_ZsDffQxqO/rdV7BRlSpviqsh5o/FXaGI4iBmNsUi-Ue/DO_CDVAgmeqPWdC2/9KQf3LPv-A2NaGhQ/Vm09tlUhGcjhHniG/OI7Ki1vwKo6o00P8/zIB8YQQYzNZefqMx/O9wspXENQrztE4K3/mK0R7MaLKjm_pfmr/c-HZQ3_surlisZ7d/MvA82J-jGkc"
"1771750842-257","https://eleveprints.com/en-usd/collections/all","","Mandala Affirmation Foam Trucker Hat","$23.00","","https://imgproxy.fourthwall.com/sPO9jG7sjcr7eGv9O2jIURx88BGoqOHqsKkHN5INBiA/w:720/sm:1/enc/eJ2nHAa3xfl8H-qd/x2y3h444uHQiQPwv/ToQJcx897f5w1kOI/X4HEUN5i7DVJXKqc/SYB-l2iw7E_sEM-i/Z5V1QMeb0yUi1XRA/8Lag-RyFGkKlay9N/JrDtZvpRLjxGb-Gf/x5KwuUlB79IlrH8d/NZH0l2VzCNcGQlfv/zbmufydP4zs35hYk/oOkgqO28A6lae4hL/MHFfa1etCKGdSIQt/WLjrukPsrILsw4P_/NIRvBw7oBFQ","https://imgproxy.fourthwall.com/wOYtuVS13Wwp778DAJZ1zVvv8hD3z3kXBrlfh0VYNJs/w:720/sm:1/enc/_Gh6b1gizrg5hPiV/5oT7iz3tIYja3S92/RmIkgq47yicQl1G5/QM0pK8ihxjz5n2zq/Auif07LvCn6BuKZb/ED3LcqWoq6UZoCqh/zow1g0E77GKJ-7p1/4MoRKqZn2YyZFpFZ/u2brs3QPuvFELJX1/wePafdvxwPcpHKNu/qOaQGU7yE-guhpNU/s0anvc9ccLWsZOHa/_xloZqryf1T4fgYY/MbCX9gBiXJ2b_QcM/xFnlAy0c7m4"
"1771750842-258","https://eleveprints.com/en-usd/collections/all","","Pixelated Monochrome Madness Kids T-Shirt","$29.00","","https://imgproxy.fourthwall.com/wQs5ZUSwAdlEiLeGOGpNa3LZKu5cAPJ2vBfaH8upthU/w:720/sm:1/enc/jiKuz2px8srHddKt/edzGsVaGoy97pnmM/EcOcZQO8WTU3zQse/cCXZaBEC3iJQU-Ic/ADFlP6YN9Ni1IHVL/QJeRUx4DK70WMXrh/60hMyCKs01_c3Ja8/_roCwAkeRJdxkQdb/NIyiDo7sl3r4ou8v/ldoxMVhUvSDIOsNw/a3m2K7l9-5DAN1vu/7m6A4njXizpxTWnY/EdbGNIovYyOEPr5_/9VM09Hw1VC7BGYvS/_twEhWdWjv0","https://imgproxy.fourthwall.com/77PIz7QRtswK-XCDs4N0Nlkb9BJ-TV2vxWIRLCzlRxI/w:720/sm:1/enc/o4E0nB94JOPDSPBe/tovDlfc97ioq_2Ck/tNQD-emNMkqoq5s5/GA1tiUihN2UClqBM/LDXtczKu-WwXVdT9/DMx2vkdSO8P1mG1C/Iz1UBJCzZVRNwzpd/6H51af1A42BQqDvH/rYzYsrEzqnIrg22h/78YdAU_K30vDEuEW/nbqLppuomcq-ehpt/K6dVogqKkkJP2B8f/Dlm2-rfC8B3yA3HV/OW68RpGnABuJBOyb/xuWodlEf4ek"
"1771750842-259","https://eleveprints.com/en-usd/collections/all","","Sprinkle Splash Kids Leggings","$28.00","","https://imgproxy.fourthwall.com/fDZeELhCVW9gprW29T3ywgDNPXasanxkRdDiLdme-J0/w:720/sm:1/enc/bs8mnjYi8PyLAUPo/5Z8mR_juMKary3Bs/FzzvCcn1-vIxhAdm/QHJkhdF82VUnnsaz/lngb13CidUp99LL1/tw9HEtzSSl0UjLkh/LfZnldoAewXv-qyj/8v73XGKstpkqv81Q/M6exsXoo27bKVznu/Xw_X20CVC_nk3Seg/3SzVEF0y9Y5P8jOY/_TRaq2GKaWPvaW12/Gy_TzZb1zSVt3J3E/LGffmKtu6OyXwqeH/W-j4wCpQeO4","https://imgproxy.fourthwall.com/8xf4NwFb9wjTXUf12f_QEiBGteT0w4rs9GElUbbMz4g/w:720/sm:1/enc/Kn8pQQ7tfxiaFvhR/sl-CllP0EqNdEabB/w9m3Rr4ocXAwcye2/O_D7dPmwNo6N2kn0/RUa1cMbvG8CfpW3L/Gr1_vbPnLXRkwlaN/8VYSARNRupNfCNqW/rG6Hcmd0i1groJ8M/itKfvbdSuvocYXHS/xcDT_J5HNMO2rTOl/GXqSStAQ7NSgb7Dd/25T8pfIj0TYBSq5E/CtiVLrHpGTOHuqa0/DIZLKjVao8XMtB6a/EAsAKUPgxSk"
"1771750842-260","https://eleveprints.com/en-usd/collections/all","","Energize Your Style with Abstract All-Over Print Youth Tee","$30.00","","https://imgproxy.fourthwall.com/6SPWLcek3Tit08sydIKr8YstvFSR46pKYHDNUc1Urjo/w:720/sm:1/enc/S163pRxVI9nObsmi/xqzUhypkpmw_iWNP/deZZ-bUy_sl-52mB/-AQ0KVm5uq2fJ3_Z/R0FsGnEMbI7eJkp3/Jg-CZH89MVghiYhx/Bj0vNkmCQvUSxdu5/yZgtvJmG7HMNf8Gw/Gpsbf8Ci6apfiPcx/HJBEctW69kP4Txax/06x9zx4GZdwuIxSW/ypFl5ikWJsJm0tO7/00hc5dMNct5ylIf7/8OIEatw6yQ0GyKeS/iJWQ1CA0JCs","https://imgproxy.fourthwall.com/BBb0l-fqgQ-cteQbwpdQNyb5BtXAE3aW9mwzb6x4hxc/w:720/sm:1/enc/7u-__y-bRJIDV7bP/2TPW4FmkpbeDgk_T/ArmF63mMaymm9wAm/Wka8iOLxdjx0Bms1/1q5kVnEOxrFws1bV/YkcQkljYAku8hrk6/ZkrudOhceI-RJLZO/Vv7r6IVX3NjgUhSO/eekzioz0ANXb1VaH/ahr9-OtMV-nt-Q8E/a7h7EHI95EmQwPU2/-3Jhkq2zk_jFmp7i/wdMnQzkUbx21lgeE/OV8wNBh8tJxLPTrR/rkIDwldZkro"
"1771750842-261","https://eleveprints.com/en-usd/collections/all","","Ocean Breeze Kids Rash Guard","$35.00","","https://imgproxy.fourthwall.com/ztmtNyyI77q9degzIIt5AiFDgxUTtDoKix_mWf2XfuU/w:720/sm:1/enc/wsOYr3kpFQmUvz2w/yYO-BM9kSD44VBvA/RZjHcUlMYM7DOBbb/54RQphkE-DLM8MV4/D9HgS2W2pBkMi-Bq/0vr13UwjEA_jCjoi/IhygmVKfj45tVd9D/0PvWzx4OHFDmCSBn/K8VOHMSLaWMG3BYK/ltQ0_rfR-WLCZe7d/2DfAdaZqL3xaQV92/7vT9SEupEaxWO8Wk/4yx1foa8DcYHwmJM/_ysHX9SbIpHuDAiG/foQ1INgW678","https://imgproxy.fourthwall.com/ZEdWFfuzOZfXKj0iOe2nD2axx0WX7p8LcV0XKBlbB38/w:720/sm:1/enc/J3VvfvrP0ghXcenO/gvIHeEUBSDeaylwk/ATshXDSHBluAdYwt/3EEa4zu7cOrjwYH2/5Cxo09GaAsdP8jsl/lrGLtKB8DJjuYf64/6uoHstyTtuHWwf3i/TuPZrfq7N0akDWhz/i8HBFmayFUcR-PCN/DKXgOcvRoH01HZtN/5SbgUYUI2AkuUJgA/y50ZNnd8tbw9Qy1J/6JFoAmGmmc1EJ3XS/nrUtZGm1p4yk83__/g6XK2bk2PNY"
"1771750842-262","https://eleveprints.com/en-usd/collections/all","","Peel and Reveal Youth Rash Guard","$38.00","","https://imgproxy.fourthwall.com/w-DAAHnIbpXe_ifPj3a06j0ou3UGigKQRDvuk0L6IM0/w:720/sm:1/enc/yCj-WE2lgwqdoBlf/6fNUUYmBQfIneBQi/4FyJLRz7NhYMnv-I/DI3fnJKE4UbkkVYS/XhRt99JFmgabdhkO/pz7JxLI-y_RejFSD/GC-1ZRxMZTyFpive/OTJ9w1esCrcUqjN4/NRSyybzK2l5SjHvL/Sd47s5i8TKaalGeh/R-LY0ekfaE_q4Zpv/nfNFv1mUIzQH6GSe/DN9Z5erOslqjns9a/CDbBbX8mTdkj3rk_/DhuYekAJk6c","https://imgproxy.fourthwall.com/66Yl0Y-LyP_x8Tn5fL2YQbylz9wG6IW3ZRLZHBRgYUo/w:720/sm:1/enc/PlyWsUGY1xvboFBh/IiqgkTm-916LqNT1/qwuHSXpGlvw3iva9/EAvXC0zwuxKMpR_j/dufneA0vCKT8f6kg/DQLXK6CSrCTDggm5/7VQdeqtn5oGC-QVp/iCNUEXpugavAAHF1/1iSyINMpwUmuijgL/kGt0Ste16y2nfLRT/N6ZVBePGhECGwQe6/t3DOdFghjl7SNoUi/SVaDDLk9Co11eqON/54p6DtJ7-rs5isOm/rRLXIBgh2xc"
"1771750842-263","https://eleveprints.com/en-usd/collections/all","","Youth Cotton Fleece Cozy Pullover","$35.00","","https://imgproxy.fourthwall.com/yamYVMdYTHhgcBFHpo_c7mxucNTO7O_1ZH8HC606BYY/w:720/sm:1/enc/7vQhZdtayIxaA5kd/q90QSzJxe9x9lj7u/DvELzYvIkLhu69wD/jDagk2Zi31K0JHmc/GvWnQykVW8xabOv2/EDoiLqQ8O-LkbKJW/fQmBbudu15_8EPD9/wjpcEi4fIu9h3nsm/V0jNbPGoFFp58pg-/8gWgUUF1RQBdmBOx/DcQkgBCcRydZpxrj/P2xh6yZFJxNGUxoE/1s7mTck5YbXRDZB0/hRBeJeujMIjJSPV2/SDq4mK5swKM","https://imgproxy.fourthwall.com/o-odfA4onZ7X8L-iKRHZPwHP2iHPXGnTFM-1i1vGspE/w:720/sm:1/enc/5CiZfJmH_vRzyfdG/9fHAAGIE7K5TzaTO/sr_0v_kbnbSLKIN1/cbiZzVBvXduZdP0W/Axsikq3I4LgJ6XDR/gQsl68s8_-EkcHw0/hLPM-SJvym7uZ48z/gFyXPckkSXoMzfYk/EEqZm_2ic8MjPtUA/Ro72PR3ZQFC1u8gJ/OZceiXqNbFE2Q1MN/4z6zaquxEbRNusYq/vnomaVLanw80L-Dy/MMB9TCld_yqNhkj9/eQIecmF51t4"
"1771750842-264","https://eleveprints.com/en-usd/collections/all","","Melting Smiley Baby Onesie","$24.00","+3","https://imgproxy.fourthwall.com/SusiREh1cJlsG35lmXt8etYSXdoWegNQ3ssuRXQDdB8/w:720/sm:1/enc/sKkP_tnqNuiGXZUI/iALalaukxnwfnRKh/QUe0C9Ihlubrltf_/zBJGuE19lLiqbxI8/OS1_ypPdGyQf_KOK/Hwb0eWx1FDns_bXO/HgKrL5_sysSXJgJo/ab7LrCdw_7NyP9fl/MfKexaWbvpEvikWF/cgukOphUCVhReIV3/46hozDFzACs0OgqE/cdgbVkQwKbZT3Gpc/ovzD_qGn_Os177nG/1dwK_w","https://imgproxy.fourthwall.com/rHoqPHczi_OLg0s_S9kSTU-evursiB0XFqewpogzGiU/w:720/sm:1/enc/_AM1Vi8njL8lfS8R/YmN48awIoIGv-uNO/vk0gMjPmDdUjlkf3/7CMAAUoXsFvB8LYc/9-1YcVmgYJLV7Rp5/HOqcbnsDBk2dEI8l/4TMf1SeKFM8_Yhzz/ci5OESqR-yO0B5Fo/c2kTLL1328CpqU0y/BIUZhcq7X1dqDXlX/l_aTPVcogoorbVsm/qM-kS2cWb_yqgB8q/ROpfWB1iOYNbXqQW/khf7wYjZ0Mw7zldO/imxe_3vC4Mo"
"1771750842-265","https://eleveprints.com/en-usd/collections/all","","Silhouette Gesture Youth Sweatshirt","$27.00","","https://imgproxy.fourthwall.com/Dvdrs4j4hv7N-5Q9eTDSj4Zb8Z1F76TvmJ4TaX35CGQ/w:720/sm:1/enc/AU2-5Jb_PVNlJtnB/Miks6a7WZowUgxiP/mMiG4KZyx-ewyNCu/YTtVHbqaB2SlhBWJ/SiXRdaXBbzB8x0sG/5Zd6ovHv2EthXeX0/IEbzN_JHTzzrNEXZ/DUmwS3EOPikiiiPP/bns4_FA73ZgDlxZX/_qQxqyrnDxgva94a/OzDOrMAJFg8HJ3Sm/J1xZu8GqSgdcNZUT/EfdNggwc8IMQHDXf/NjEe03zMTn1rVwBh/OxB2l5OCPnQ","https://imgproxy.fourthwall.com/Ws1wCj6CMPbeJoV5YtjqPEAMufion22vlmPoLOHuF4A/w:720/sm:1/enc/1FGcpoFgCaFVUdlW/inkQpXvCxVOM01mN/FRZyzKWqsZnxoNbC/9Yg-VvwyhRvyhGX0/OChAozU7dU9cgOYX/4fSB-papxP-Jw4DE/AFhRUH2QFNE-6fxS/Jgg1UCt7xxiADBJ0/rtCaWicxVxRf7v_E/2lAg7CmmL_0nYDr4/Rs7aFcvdhgvgi3ig/_aACGHm_n9mPhaFv/PrECiyZg_95-mrOY/GTzaMg"
"1771750842-266","https://eleveprints.com/en-usd/collections/all","","Melting Smiley Youth Long Sleeve Tee","$27.00","+1","https://imgproxy.fourthwall.com/1iUZ_Ag3tQLPrbF2tWvYYnmjwyQNC1Rfp2QK7REgMVo/w:720/sm:1/enc/n3Q7cPVUlvmLxz7s/kStMbwPS-hOqTgQK/ZyMpls65Co8YfHLW/LOedVykPTuvGC0sP/fZsay1kxusRI73sP/5tuxbeISd-iBDnv6/hnqW9qJB1WsI2dG-/o_sNjKdHAFbqIiYm/Jbp4uj7gZ3_6ahvo/xh-Y1MW9EpBbR3RH/-H6T7bk0k5vTPBpI/iffC9RWarwJ3vlyg/UKQbCBrVShbIWXWp/1vltwDAVQ8oV3log/e7_14Q62aPE","https://imgproxy.fourthwall.com/pFlzIFZtCOljIItymAo9Cto0KUjllqeND8UluteIZ3Y/w:720/sm:1/enc/GmxQzZvkCNLFyUtt/utqcYVhz8rPBVoHa/71ygCxZ-YHhKxYw2/Q4JjVQsq5h5PyYKm/yDZznhOuUxvOPrWw/yYtaqzSlzGml2vCx/XH0Ty6ZVhhTbequm/PjecGPzw5GuDLiPM/6X46D0vAvQoEQ6pZ/ur-2EueHl72LJSel/SrqbhmbIXMOm_uUy/Sk0AiVPn1KYC8C-9/avxFCPm-wmwH-Hz6/cL7rqT7uF4wJt9aA/gnTpfc4E2pI"
"1771750842-267","https://eleveprints.com/en-usd/collections/all","","Melting Smiley Youth Tee","$21.00","","https://imgproxy.fourthwall.com/6ejq531MCRIGXTy16hDlKiWdCvwpzOq5fF2jbjg0aZ0/w:720/sm:1/enc/oYyknggJGutkju5V/Ri30Ueyk-XsSdsLa/mQoMNYohc2WO2fo5/n7FfPksDyUJ7UQ70/7FtZx01OA-W-Uvxv/9ESLp4lXSe4D01K2/GhfBrvcz2eUPvunY/Vu9N4P-099a5eJx-/5w_Wtnni7PUx9L8R/rIAYBEaW1_wCiGrS/qF6fj3Dj09RoBkWx/jjt36GRt740IOslk/TBsNr2_llqxrMEa_/klw5l7yJLNA_F9Kw/1UxVWYQK69E","https://imgproxy.fourthwall.com/CdutquRnNxaFpGq5AkzTZmkWzrn-NfY3y6YqcXudgRg/w:720/sm:1/enc/BC5snq0I3S0d88hb/WX6EkEuUHrqN0sfX/1d3gA8Qls9kxofdq/hZQyA613YWlQlG2n/UfilqqHv1b55nYzz/rJOy46f1IOXQiKpS/z5_SEWaLsUQLMlHr/WYjVVJFX0Lpq68zX/c8y3RYlbWGWNdl4t/o1llZLMYYwU-JVR-/NfwLAJTOZ19a_5xb/iLZyrSaPmAtK0dKA/vSveMP_oo5SueQTq/GeIS5cSt2ppYU76d/kLjM6_rUiO8"
"1771750842-268","https://eleveprints.com/en-usd/collections/all","","Vibrant Swirl All-Over Sports Bra","$52.00","","https://imgproxy.fourthwall.com/bzM-evsuUvrseSVSm7k12R4_JKepX-DxfsVn4rLpSQo/w:720/sm:1/enc/xpXlslM9jZYZ4c6B/9pQTwnj5yiFVl5SB/LGhYVBv71VqAnymN/wZfk6pXXO24mNeQN/A9d5rvYvEXczHZSt/AJOdzcfSeYCxxPDs/rIcOvvDSV5arQHkw/2iJz7MwBJHLMeTg6/BN8QHUneMme7klfn/-CzweLlGVOhFn7xP/3XW1l9jLK78XJRif/oAiJD_CRlCh4w6wD/gNspULuj-XfaTyfG/n6VQOg","https://imgproxy.fourthwall.com/b4XGgA9nZlxPGTxWJhxza143lzpJ1-_-eRf6Q4oR0ZI/w:720/sm:1/enc/FXltS0heyrqJkZyb/YON6SPxOAhsmIKB0/byirfI2TLt2iJFUG/VuQmy1VJO_aEDcGh/4hGx0UAZwph6kwmK/HzVj4wpxuwCTPvoR/pGbTuSiWKwLt7hPj/Ip2qhulWgibG9pL0/z0YStHulX0wEMvHm/VX9jhHSvpd-jsUMw/x9OCxwUIejHU1PPs/Qm939G28xtEuctIe/LXltWBwo9Deu7JDU/Kixrj1moeF_i-rjt/owc_c1-yXFw"
"1771750842-269","https://eleveprints.com/en-usd/collections/all","","Blue Burst All-Over Sports Bra","$42.00","","https://imgproxy.fourthwall.com/5UbYgnRMELgrSI24ookDanDwIWdDCW7tkG1aen8GEDM/w:720/sm:1/enc/nni_TefOtUci14aP/1HGQWVC9zB4gjHqo/dWrujkBjvj7KiCn7/FDeupx0rCPaoLg7Z/A8tuBYZKv8umpiAd/w9YxFr71sbpRl4wL/ocr7c6fJ9frjMqDG/es67GEg7cIe0pVmE/vCwPFKQq5UvdxVp7/DpEgCDZUT4EMUP71/oCF4kH0VP1JpNw8u/em9h_YpwLvpdMct-/WWn0npugp87QWynN/CE9lBRqV7Y7peZul/NFdDobUhnYA","https://imgproxy.fourthwall.com/x_OG1pxT_z8gX1bUbFb7-_B4Rsv4Ufp97XojqXwVA-o/w:720/sm:1/enc/eO_ErXMsR5jsok5f/uNhLrlZ8HlH5dmkv/qUoxRJglNF5nTNbw/JrWktnYiFz1N5FKK/-3hFDVrxOPb8zfaU/UvqYPaDW66m8lRwX/Ujtezv0IQxY6YVFT/pDspalP2slFq_OBu/dEDo97hsceQQiDth/PUd9oePDw6W92DNA/gMIsz3XfEO7EDlPU/13xbNbDXC7UvRD1s/OY_rPSWuRPl5WoEw/yLzJDpCBQWS_tdY0/h463sSiu5zQ"
"1771750842-270","https://eleveprints.com/en-usd/collections/all","","Starry Stripes All-Over Sports Bra","$36.00","","https://imgproxy.fourthwall.com/Jlmp1rqjsyKkIbvuEucJmkSiulga8XMilHiLWJLbgz8/w:720/sm:1/enc/FGYDgRZNcjgNSs-q/wW_5_hrfb7pIL7ne/-RJzsAsJX-AQvxRt/rIIId8wXgoptpdQS/fjav9kuQDpxcwOkt/4_EOWdLlAF-MpIdX/QdgfkqEI-veBhS7a/a8SNX8NY4j-W6yQg/2MwCaCIKbLZg7Fje/rUsouUfxDthSii7B/A88DK2eTDZejl5Aa/aiqukcZGHCbVjgRi/EfTMEnLEb511NI7c/YN3z6TH9WTsrNhmb/5itT5H2b158","https://imgproxy.fourthwall.com/pfvghYCbO6iC-ATiE_MEO0i_jXhcst4gauMEK4D0jY0/w:720/sm:1/enc/5uV4ppe1jV-MS3Az/z2-YpN26nJWI1-gp/EBcwcUt-f7k-O52d/gHj-9oEu1Gm-PyMk/clZf-ZWz-o1nARyJ/EJjRN9teNj18kK8r/-gMqF5MNuuG0wdbz/O-vFbChtV3SxPoUz/a8bOSXb7v53HQlF_/dQFroKmi72yVD2yO/-FlNxJmNT3yLuWOl/OkX82D1Rb7f7J5ql/kSokJ8sR_FOp51ny/GXaetpzNQmgA6dD0/ekOPJC_Ua7w"
"1771750842-271","https://eleveprints.com/en-usd/collections/all","","Empowerment Fist Muscle Tank","$28.00","","https://imgproxy.fourthwall.com/lI9nzs2l_a3B332SmQ4Fw2JMNRkLphzvX1YLDw-3xW0/w:720/sm:1/enc/jaPYuS9YcdHlYG6W/pDnNVk2Fplo-yv7a/9iPCbugWJwD2P61A/RzBaOb_cj7-5k22K/H_uTXPcG4MERQk_y/L7Xhn-ERULUzpuTl/bU3-I62EQd7ONjUF/dQrnml-QSFOguyG8/wg549Cz3rbV3n5nY/G-IBuKbJcDgWuHRK/0bGGzIzZ_VV17-zi/KSqUNuAD03pwfGHC/0KzGSQDtt31sZLfL/bFYIfxM9OGFbF_zV/Wvn8k6fHJtE","https://imgproxy.fourthwall.com/ckQzoSrJCZZXGba31XEiQaZkY7Dq6wVyoip3jyH3RHs/w:720/sm:1/enc/Ns_N5mBNF9DhJF4G/GZ4c05NGkzkVek1T/7T41tgPMu8djDSZE/4PhEtifjArYEYjC0/yEXQf9F8giVRL-7f/NQe20Wdh3-oVzWNo/Wq2VrVsroNmt8UOd/eXpD04PJYuxuS1cr/Ku3MUQb7KT6GAeoJ/fgvDGZOmH1oqGzpd/k9Rs2XCGJ4SJA1Ee/ObTWm6x2VYFdijPE/MJ-l9l1PUDtF7ngZ/5ywZxnGYxisto9a4/199pOBrLNSA"
"1771750842-272","https://eleveprints.com/en-usd/collections/all","","Soundwave Skull Jersey Tank","$21.99","","https://imgproxy.fourthwall.com/WxVyyPOtbKhJXuSWgl5TS3izeTVUtSARMYojEXm_ATw/w:720/sm:1/enc/IALp_aKw3uS0kI-t/ALvMb2-90gVkf-5B/2AZXb2siLhbzurBR/lNnPvG6NQ83Zrp5z/NKFlGA4ss4W-hmPW/ETka-0mPsCSGJf8r/PgRpfU41iP5J7VcJ/rb7XcfwoKzid789J/iTly3GYs6WQZCRjQ/dNhE8JKn0Pmkyx3v/Xtwgk9TrC3509WxM/hJkhwz9jovz-3b-T/GkUdbhrKE7XsI9TD/nHR2Nacz5AS0rgQ9/VjMmMkoa4wk","https://imgproxy.fourthwall.com/tK8uHqLQG7425iNNvggFBMk3TSf4VwaCpozr4Fq88GU/w:720/sm:1/enc/RthSdkYLlUu-RBXv/HGdq8_nsn3HV0-u-/rH6RXhBf77Sbdwbi/UgSuPtA9ikCjYq_Q/LC3uSTUFyOOJ-ezh/haxzMeEbd3YHoShr/EylXvCLY-Hz9YCnF/-S5LuQOzmUY-Kk5x/bfGQbnOuuifuVvtA/SkhmmTqce9keBSjo/z6S93HF7cQ_N1Pi8/XdayOdeLCd1H2EPV/HDgre0jF7p2knGqT/LIDEWv2SzAwk1Pyn/Aa18sJrGH2s"
"1771750842-273","https://eleveprints.com/en-usd/collections/all","","PixelCraft Hoodie","$68.00","","https://imgproxy.fourthwall.com/Z_sR6D8Z-cqJ-gqnXhzB9uoSobiWSyo79odtkvFXYp0/w:720/sm:1/enc/pLAuNBWZk2cia3KU/ra_Q3_QGdwIwzK_N/4cUP1y46sWZ2PzYX/tYMrHCTTK1qtekZj/jBW2vvoLbzpwi2ya/0Owmklj4d__Ha01N/ZqVA9xKAKL0TTryI/kfKMYvMAmy2A7C3i/3u29qCU-ukrjcOwQ/aiXSkV0c0SjO3oC4/ZwgBmWsz9lg_lwtn/x3S4ZQmZ2hNnHIRH/SdksAEapTlLvOAPj/09rxQRZ1DEOEer06/rKYAPxXfGCc","https://imgproxy.fourthwall.com/rYOWgTr7IInqsvkxikak55Dd-9g6a7PUoqRH37S5lRY/w:720/sm:1/enc/0GsmIFt22beHINDg/DmpkUl-ve8kDCz8z/97STw7ufTeIXwOJR/Tp_jWOX9R42Hr9-3/UksXQ9mYdNUphY0v/VkLJc2qCZqQ_NgUF/yBs1knJcx9zVmVhx/tUrzl58h2j618DAK/PRsoJXEinNKzMN4F/R7WKrkPkLYHK2Qqv/cQnwOrQLz9TrETEQ/ML91GqxZqgiSziuB/8AYRFNkiLp2Jloyy/7LxNQIAxrS5hyN4g/Wb2mYe-XfMk"
"1771750842-274","https://eleveprints.com/en-usd/collections/all","","Flame Rider Recycled Basketball Jersey","$32.00","","https://imgproxy.fourthwall.com/FoB508H4RXKLl_l4JLEry5_hDZGSuqnESCNs3Mj1edI/w:720/sm:1/enc/afMn_hHEkSF8yuMq/ualM2OgbV7mOnKb1/E4_iZrknQeWJBfRQ/vWGQfBOvBkpq4Ene/P4n2mufQBWjIgEpU/uast3rbmpsIiIX1f/qS1uqvvNzCC4d0Ll/FLYCDDOO9xvZmpHp/U6qfhZd_HirMBohU/ZBbMSUaXubMMru8w/G1cz-SVnJCK2gUuG/Hovrqk3-ybxntzkI/3TEQfGdxw1N6qZlg/rvFHx5j4e0kORvNq/urRWDC-s7sQ","https://imgproxy.fourthwall.com/n-X50eB8obE9s--6tTIeczU-tTCZ5u5FSH8WEEjRXm0/w:720/sm:1/enc/XO6frOfTGcP5Q1j-/sObm0O8DgS4uCRBz/hP1fkVFWkQDHym8Q/gPjuHknEN5b7kfAn/lwHd9bPfOLlWjGix/N59JcChW3bYJk5EQ/1qvLmQt2D3IO0seY/xjTB29rv6Z1m7j-Y/-Z3hHwFuf_Wi--XF/X71fetjoVmm4MzxN/9f6qOhl_RNoTGuYq/vV7Mbj9QsZo38XSm/Bf_G9yJyXQ5-KLG7/Hdj1eb8WNrZDJUGw/DDL4mrWIJ3s"
"1771750842-275","https://eleveprints.com/en-usd/collections/all","","Pink Citrus Slice All-Over Sports Bra","$52.00","","https://imgproxy.fourthwall.com/O1KAYaOvZUIyuyElDTziuwrJoGv4SRRveKO3FxLIMuM/w:720/sm:1/enc/tbJumlc9uf03rW3s/sHW6QY8JUZpOgmbO/ZAAzC1rScMGePK10/BOihJi_M5beFWTUj/r0D38OglNFEpQY2g/jpoHlTZ23EPvfzv2/Eqh_A91zbUpJOOyU/VSHfyYfwIpgaAb9g/evZJuiNHXbYKtNba/fxg7wWOSDaW6aonT/dnFxZX5hDUz5ehpl/_0edFW_MbbpxIwJ9/a_W9nAqXZR5orh90/kiD1-A","https://imgproxy.fourthwall.com/g4iEjeM9IYl4iLV3uRv5eG-WMX8qMw_JVMfwH5jO0iI/w:720/sm:1/enc/TvERE1rus5L2O-Ml/ITqIxDhZTmq0PMVj/-2FMvGU5w9z4IMED/WoWoo9jLsxb0tmxf/qPfgZKCkideosoF8/LdBpR1JyCNrDNgQD/u92dQxb3EVrXJGKS/GyxLQYlVgFa6U67l/5Jq83n5mKFzx8hPV/b552jUO2v4HPUNTx/h5GTmfe2R4gCmhIm/1x1DNmKap_FMCo6Z/BpEZ_bCz7Xu3Va_c/gGC5ScLAW1NBy4J1/sx5Fg-iT6uY"
"1771750842-276","https://eleveprints.com/en-usd/collections/all","","Tropical Elegance Hawaiian Shirt","$45.00","","https://imgproxy.fourthwall.com/72BB8B3PgaBfPNAdCcy79ofdO0e3Zj4A2QUmUBHK4oU/w:720/sm:1/enc/bwN5vraFGv2L-ixr/hwZ58do89q0YjfMu/E-cWpqNyCabDaqGE/-t_AVOSHfN37z1zg/pS9LlT45Vm258y_M/9NT7DECuKnZTnhTu/O5iv_ciCts1N84j0/U3bDRTEhOaSMToUw/mwtB9A_SQRWHRJhf/kvRLPnQBKREDZzo_/SVQhKC1Zao4ATH0j/kx6TSn4aqL3jQ0la/i-37WZgMHlPUI4UN/i4qJJQ","https://imgproxy.fourthwall.com/o3dMFnj-CzgFGC4l_ls41VoA4QoZru8MDb_FMfubHzE/w:720/sm:1/enc/fnVs4zQlD86BJo3U/fOWpv_V20YjVXZv5/fMNW_vW9U27D22tF/-wGiHqkZbkLO0CI9/lKfToZ1I_DBOUKDk/JaipA8w4xnHHhEeI/UVOEmOvWLRnlp1he/_EW8NMXPejPB_6Ka/u8b0vmO6SnhyYW7K/GhL40qd1lv3lwJ4c/-Zmp25sEcVpYmP-h/3Z51936zHF9eqlA4/VKJMbVFZRUeGmTVc/baW6AA"
"1771750842-277","https://eleveprints.com/en-usd/collections/all","","Aloha Breeze Geometric Hawaiian Shirt","$44.99","","https://imgproxy.fourthwall.com/JZXoyOWlxrA2FNQvdEoF0ayL7kWLPGmD1c4u5NM9uqY/w:720/sm:1/enc/704gS2QR8gGiau4H/KzGTj5WXeFnpEp1Y/tq_2G66_NG46hq8N/rbyXINmWqsFxNkmO/Sm0TT7zh9FV04A3Y/Sl17n9a1AwlC7bJj/w8Hm5zuWhkoQVANc/U0IIuSTnfYTWxjzE/UT8xkpr4Mp_367y2/qItoK_VgKirtHI5d/1kMWk4_KlR_iebXO/KH_jD-XeQU3OmXuw/VtEOkdj4iso5Hr_X/_F5VkA","https://imgproxy.fourthwall.com/ytLerw7dV3wCTCh-aigGAP5z1c004NAsDtvuOjHSMjw/w:720/sm:1/enc/oa-riwRkaWL5qo9y/f5P48N3cLh5Og57s/PcswTzUPSXEptkEz/cgDMjiYWGp_TLB2B/D1d4uxBVuirVG0nH/XkxNw6CQlhwBhRfa/BbEbxUK1KzJ056Ya/EDIWjGQ1TGrXRU7l/0bjivnuKdo6XK-nw/n2j4zGrBa3uB9iUY/LzBQa4jbOF0UauQh/pFl8rn9bHLClYWHV/6Te1gmGLTJJc2hQP/xAlZYw"
"1771750842-278","https://eleveprints.com/en-usd/collections/all","","Swirling Teardrop Yoga Capri Leggings","$42.00","","https://imgproxy.fourthwall.com/OouFkqWDjsEwUXqYEVSRcGIPhhOXzrg3WQajIHOeEpk/w:720/sm:1/enc/JFaJjFGoxs2PNBDS/QgzjTUtp5mKhR45W/KquDJcaFelIN-_QT/QtwFavJmxFVZn7qp/IUgAspbaJkJTjVj8/I54j0y2BUSmUE60J/y-a9Ix6PJTOZpNyF/cMmUGXUYFV_DSv_M/7c1q7FStjcqbYSU9/aDCVKTv0sK9i7-te/zuRivQ-gT1w1vDDE/AxOIGxPuILFtup9D/M_ESNMMWx293lelp/FR6Q86iS7FKoGaVq/tW0QmOumkk4","https://imgproxy.fourthwall.com/i43_sEzsxk2f4Zrm4bZp0-nFHAsnjjye3nu31y6hrP4/w:720/sm:1/enc/HVg3GfA6FY7L9WXP/s0T8YJeVnWsOGMrg/MxqsbL15jcC_hcfP/6JENiKF-KEvsUw3M/Ha4O8RzlqWf3bmWz/aNQh6ocCJ14-QNrB/12dS3oIJWlI3mszi/vCq0DSb4oqGazpPV/2ifvIqOqMi6-fRhy/pEwu_0r-c8AXRiTe/tBCkEl3uyhLwJCx6/RRtAOwRgWR9CK1cm/U_7WJhe-q-AbFfZN/9qZt_s_7XBX6X_3g/zB64vgyaSCU"
"1771750842-279","https://eleveprints.com/en-usd/collections/all","","Tropical Dreams All-Over Print Tee","$32.00","","https://imgproxy.fourthwall.com/ZguCPd8WMKIPYdWtTCMhlSfZ-sQ8uYm0WFVg5LYlzJQ/w:720/sm:1/enc/cyAa_IMb8QbR3AAC/ct-PQ4nf4OB6ZI9-/KH_rRgv9UsF4zyto/Wy2XMK555Cx89NIc/NdGPu7Mr-WwnOxX_/zZvhvi7yMNooVPMa/N8z7g2dUu8enP7hN/kdPtL5L-Jy5JVLdX/MmcPSoT1UpA-PyPx/qEL_6QjxTZ6M26Eh/MdqHRvsJMQ6lB8xk/8M7zeH58ZYg4PK0M/9gMi8oT8qoqFbLR4/u6fQ3kY3adFQ9n-n/q8yIr0raX2U","https://imgproxy.fourthwall.com/-PaofairEKexvTtXrOqjxLKrnUDtZ5SX2pH7YykvSz0/w:720/sm:1/enc/RbIkv6-Q4cwOyDrz/MtRSONzEvER7-pxQ/wX0KjmlPgPTk6kRE/98GsHiVkukX8Uks-/8uocoTUfelaHxC7t/Ov-eMT3akOZzFHb7/Hq_9uLlt9N7jQ6Bo/ZHdto6HZpF45NueV/21efgeaLAsyyYwOQ/xYgz4iAcZECIH7bq/qkZekqFFgZnHMr_N/YVf1SsVfXFTB_AfA/9Y8mTXQJ3ToWz3Bg/w9-eVs1dF3D8_60u/p_OFr_Gfhj4"
"1771750842-280","https://eleveprints.com/en-usd/collections/all","","Royal Strategy All-Over Joggers","$57.00","","https://imgproxy.fourthwall.com/c_vvViCmpZneMP0tgiFsXxet0RGz0pxp0gPFl06jtYA/w:720/sm:1/enc/S5_LuaRDoLZFU7DZ/tk-U3q5WmnFpOkO3/NA3oerI980VC4m3J/rA93PnTGB83AL3qD/BM6ms8J8pzu7xp7N/X8z0pJ8X3gGS2wfw/fcHQDeQt_uJilJq4/IEZbxZSYX8b5bEsm/gGVYsX_Tir9qVMjN/0PgOoR1NtYCjU7dg/29dcfm51lWaaNf6g/kEbUDDz4GR7NmwHO/NkFoqs6GlWoH7AqB/arA7jA","https://imgproxy.fourthwall.com/_mI8OWUg6M6pJ5nfGcWJboQoNaAfMP5Ulgjii7R7bhk/w:720/sm:1/enc/B4jbB9iBumlPqX4e/SaSH62RdW2BhYc4c/E_2S1kBp4AKW5tfM/O5W02F_QzsRhQBIw/UJnUdsQkq8cNpCNm/UuGqMkyRzLvmbwWX/rrwzEtNId-y8PhW6/CzOSAs8RZHFliXFk/TyCiOaunZOPK4eCP/g6NmlHoAl3ilWnuo/Psvlwnkrj_CjMuTV/rgvKH8tcS6ZSTgRg/vhDcMYeljd8LIPUA/Loh2bGjoFiGzDY9u/KZxLyM-typ4"
"1771750842-281","https://eleveprints.com/en-usd/collections/all","","Monochrome Leaf Pattern Unisex Track Pants","$45.00","","https://imgproxy.fourthwall.com/DAlmxgZX3F1GycSkE0YzAhjE5OkdB-pwGXn_1--HnHI/w:720/sm:1/enc/00_L2Eskspq3cY2R/5P0kgfsz-_4esn3f/2pkSdGxlOK3_gF8u/aMraq7bEADImPZJQ/ElCddlUWpm97OcsA/mr-lV_3G66cURzIG/IKTkFuKsOIi6l999/eKJSGY8ePioZr-gV/MHDxPI5h4TMFuocz/X27gVF5Qwyz8WJRv/OHnWLtaQZdViorHa/p1mOj74SKp8qiG2O/ZXZEY8dmAIUdL5X5/GiyN2yrpEFo7VQ8l/uaJVwSpTd6k","https://imgproxy.fourthwall.com/WIYOE88B-Ny-zYObVEFy5Lg7mcWSMibJqPk_odOuqgM/w:720/sm:1/enc/r5DDGR0be-_iqI0k/7lW4QV8Av9tEYSL_/4F3OzM25y_0ptTsD/bkS8sE9i8mQs0-a3/zVCiZCMpt7Oye5ZL/ZaxKTBjH_9bic_zT/FAg7msm5y4RS8IbW/QmQEIcvlTJ6cz5lu/ZurSwIb2qOcTOpjq/zK4b8XNQ1FEfMrY2/f7I0r2d-XxhPvuGa/iMaX6keKBY7oPBxY/45Q91jrlYxFdzJ7c/MZ6OH7Bh80VLlNej/IV8oYQCGNrs"
"1771750842-282","https://eleveprints.com/en-usd/collections/all","","Starry Night Sky Unisex Track Pants","$45.00","","https://imgproxy.fourthwall.com/GWHkqV8Fb-WxQreuAoM_-I0zv5F8gK7PEHyN8HLBOJo/w:720/sm:1/enc/azn3_C89cr13sKxD/2Nz0XOlaqOXRAohw/J8sL_W28qBHIW6kv/xjKppqVsGoD4QtkL/ZUn4GVggOPWQ-81u/GCKg03DNSzs6VcEt/dX8Q33OOSYZ7uX8F/gR95h_sx_e4MP8Mo/LMMvr5dh4CtRo-qV/H_pXFJjuyyLY9kMG/ANHs9Z2atjCkgit-/iB-yj38rXriNjBHv/9brjStRFKIHgnU56/QlGEdP0teHbkI9b1/hb_WBL3K1ks","https://imgproxy.fourthwall.com/DTdA8otcI9xXtDZv1ELouY4NrfrdrmvjjyI_r4GLKYw/w:720/sm:1/enc/xg0G5U8Kd41AudA8/X6jZsXNDpTkh3ZvW/851791VA0bppw1tI/tfYWGbycJ1uH4dp-/W1kA6sq02IOrn8hp/s_or71xWgVuhRvvy/DaCp29pMEm-kIMd3/pTov1VsKQFGbXspR/rEPvWjUD7d8yQgFZ/vrCh4qZVWqRbYdOo/OU1QhVIk4TEl9mpK/zbqwBMHZSa-4d60n/OuDAJu7gsLX3XUVh/N3f_Lw_aOUaY6zxx/1GLX-B6THA4"
"1771750842-283","https://eleveprints.com/en-usd/collections/all","","Fluidity Fusion Track Pants","$45.00","","https://imgproxy.fourthwall.com/Gs4dQHh2mgX-C97aGhGCsivpSSeg6z-LtMNY8K0B_0c/w:720/sm:1/enc/HY40IJO1AAB9rxQ2/29W9ZmQWsDs7Uxp_/W4TSaE-x77uqM-ES/jDPKBJD29tcJrI72/S7PiWdIJH6RKE4rI/E6UrtTNXbJ_x5UZx/-WxQb93wxun0tAGg/zl9YnUZd1qyilN71/js78UZ92LWRBbdpe/NuOYJtcNJ4orFueE/wYg2DnHzJdfncfjz/RTw_GS5IrGJbk6Ke/iYtXh9s0_J07ak7f/s4Wn8XwoyzyGmH6R/o7xjD_mWMuo","https://imgproxy.fourthwall.com/XS9pL1W8CB3r5EYZKCsGiZojgQ7J9WeYbAr9isN2zZo/w:720/sm:1/enc/x13Q23DcAU5wixz0/6lbto9Hj9HGBS1_F/XF6r3SPmPI2EBSsI/MeCXvowq9mHJAXm0/_D7H0NXPJ1ona3Pa/Y7e7uWC9ednVJpmq/kz5adXAcwjT2Xaiz/FmRJPtHmOuTO0OY0/Vog2fhxTZ4LRcInL/txK9P3Xey9u-DToN/h8VNAhey12p4K6K1/6mEwbOUyKrbzht7I/szriMl1uLgUngIqY/50ajDMh3YcPwBAJ7/gkKz6iUsO9c"
"1771750842-284","https://eleveprints.com/en-usd/collections/all","","Symmetry in Green All-Over Print Shorts","$29.00","","https://imgproxy.fourthwall.com/vc1sUAAFuUOEgXkpm5D-_wZWvrWozs578pMRHlKtNqU/w:720/sm:1/enc/eJCrd4vp4HUctOBb/DrQD5r2evBdvX-GP/7R7D8YY1QC3nVw5B/JLqcltbI7srQXwgv/HjQK6ss5Ezx_DSQl/Ihz1jdHTi4SIm9rP/gIMMQX4n1MY-TIia/aUR-EyduSaGH9CpI/c3_JaPvtFKIPvunE/oZedOdFOdqEaWfQj/HpyPG5i01Hz0yMDV/Cyb5IBjG54jFkkAJ/9WWSRdmYBmNnqgmK/ytE8s1choSbXHXGL/LyJowDSCNVA","https://imgproxy.fourthwall.com/Q8od0MJ4A7bYTZlELc_-93ibL5oiUlOzS27IrfIucR8/w:720/sm:1/enc/OnvSF2f0Pq0rale1/KKhzmjZr_rxD6i_5/6TcZlGMFyuq2kAir/IYaJdc54EMvAT0qe/fzdXlPP-2FMmq6EP/DWc0AKGf-CShvyZ2/X_yWHejUz5M45FJi/DrjK3qtSU0kTm3mF/NmCklGQirpd5fhge/f9EqVnkhas5Dop9A/LClEczQQFOlcnGAP/sFNg_UrPQyXxKGHB/vv-8SRe4vPZrV26M/mumgjetCfXBozfUr/SZB39hXFAeI"
"1771750842-285","https://eleveprints.com/en-usd/collections/all","","Mystique Speckled Women's Tank Top","$30.00","","https://imgproxy.fourthwall.com/5YnG6iqwLy3x9ojrKRJn58roBEXgW1DsBgclmYDTeYE/w:720/sm:1/enc/rHiUU55ruZnysVaU/CTBx6u9bcQUMFuHj/7FLbNwZB_8vnMnR6/m-1SUs-2fLnkXpeO/mkuh1F2f7tUbog8x/sXamHscMdpgjOOdw/ZS5K8rkZ2rzq888H/dYrid_EQG1xOQMC1/5yE5AOAWj_70ozxB/gwk3JwxgFC5dY7Kn/8KFKLdj8kK8DONFU/4mKvJFvhu__0fJaI/kavDEsz4URS3mHV8/t4bexz3FKol-P9wy/tzeOPlJ77Zw","https://imgproxy.fourthwall.com/MrdPkKxvTKCehyse5lqlihIME-ptxm5xB_x74cDC29o/w:720/sm:1/enc/ezRVS34TaUI8RzZp/D44Zd8jkyiT_SyZ2/2YD1_zHYvxTPFuos/n_1VGx7kbw1DGz1R/0rq63XR99uvh7wWQ/czfP9FR4NTqFnWQf/aCuitFlzjQzvTiDl/g4QVk2EomMI84ZrD/AcYUV4RD4hsR3Rs_/rp7jCp4FHR1wkVXn/hQKmRDQ18dhzS4T6/Am8a3WAAseqblZGm/EJ9-2UJg634TGdZN/_NwjX0U4LHVeBmnx/xkLHEZug76k"
"1771750842-286","https://eleveprints.com/en-usd/collections/all","","Symmetry Blossom Women's Tank Top","$30.00","","https://imgproxy.fourthwall.com/W5NhGXFjVFcUGPGsBctcA5mXVSX4RbEi6w17aq0HXhE/w:720/sm:1/enc/hhVN5raPU9V-kDX6/yoVoQ4fXhq42Pk0L/aoAUJfEivD8UJ9RZ/yp2y-A9L8Ra9gDZl/UpMathImTJ-uoZQs/hZQmjvzFbIOCLwrG/et_kCx0JEly40wMc/9RINKZNWaPOtwIC-/H5damsVs-74RCGbQ/KBSNKU2FVgJI0JWH/V-MHuAp3qDextXdJ/5gVe_N211C5lliZz/124CwhcqRnKJMp0-/OaOhlxEBhjA6QU7m/tNDyUAggWOw","https://imgproxy.fourthwall.com/qmL-guyTW6iPN2Hj3hAIqRV4DARhEnjhfYUy44eJ_s8/w:720/sm:1/enc/voO3O97aQE_9FrV-/UTgShBSxqvayYk8s/yassbK0vY9HU0us4/7LVg87gFrw1cNmQo/hQI2psXZi-idGkwp/uzaRrL0eOqlWQZbD/1krjBSVCgZzR6Zwv/Mxta4aRlZow1B3RZ/W7lJNvED8onRzV6O/ar2WMnl3wQEFsdJW/yCwXovD9PrI0QVx7/6l7YQj_P-O-unXAP/5lRJUGJRWK7R6AqX/300B9ZMYyWAolo5B/2GntPlWCmno"
"1771750842-287","https://eleveprints.com/en-usd/collections/all","","Layered Ovals Women's Tank Top","$30.00","","https://imgproxy.fourthwall.com/W5MweyRRsOWOJ2r1bQm9XGXadTPS-k-azMoSFFp82Ok/w:720/sm:1/enc/4fdBd7pMBmRrg6Ga/um1synDGsJrik6Uy/m6yLeIa3VvWk_KNh/3A5Qmdq5hyoEi-pf/736aH0pcXTNEVOUi/qUg7QIc6s44bbu16/622Kx7MxGkw9RRKs/-VFtgjtAp-M0V-nT/ZJNVYzH_vfFyC9_V/Cs5uVc9OLF3XZaDB/Y00QVx9Z2TilKw5m/X7csfHqv_i5aPVI5/DTE3Y4bJa9_W-eiv/A8nfdfc8DpgmTTkA/z1aBWLm_MJ0","https://imgproxy.fourthwall.com/i5aaIsXi3X5PiPwyjzoO891OXAb0wYT2KxRruCzHSek/w:720/sm:1/enc/BTKTBGcjqjaNmy3g/ERLigbEAgtc9bCdr/fF4pGVBn6VdM8ELV/dBqpY2ZXOkZgzsAS/PgBqlgz0Hs4IZgdQ/mwgcztTWRBVSe1Ny/EUEQxBXsrBEGbH0_/Co1wEyHPIkQFaBo9/vVDt6xqF8LvGpuEE/OlqGjsKNMH7i7dy0/7SbuX4rT8zu7y9_r/C3nKwy0GGKFClQMX/9NN5Jgnq4T3CDHI4/N8cs5x8We6teG9kY/5UXKIMvlWVI"
"1771750842-288","https://eleveprints.com/en-usd/collections/all","","Chromatic Chaos Sleeveless Top","$30.00","","https://imgproxy.fourthwall.com/blZEZxsmmvqeWF0aw6TZ38FYVKdU06rBqdRXAQrl-lI/w:720/sm:1/enc/T1enqSvemrcd2ugi/viWNFtt2DQo3ExEb/HwCYlNLuhkr6-79n/AgbRsrKRosBwRjxM/kIbjWiD_DMO3aCX-/2HOeUcRgHf3rwm2W/1sNbzMusE08B2zfu/9h6f1Bo9_s47nKjK/pQaeK0RnoJY1wlBp/VDfOWlSHQpqYiDHh/V6EOzd0JM64CZGX-/j7gWG7qx_VGqx30F/X7N1SB-E9NCo3QUb/aF8bJEuk74M--0F1/ZYz9pD1tLcs","https://imgproxy.fourthwall.com/yeJha-tTfpbPka7S7StXZoKUrXIh6DcvRF7ovp27BtM/w:720/sm:1/enc/VRfT9mmCUzKRaL86/z74oA9EVONWpFTF8/6depjN3nPFYwSAYs/QU9d1cCgcCtyNVJ3/dXnwm9zz-soTL2QG/MxqulOFeEIChFuXi/hXxVOv3wrqIgj1-7/QkXiTUjc2n-FbZeV/4vA_8CywzPYCwNuc/c_QZyjrQL0XjGavR/FocVTn6wrpDzlBWE/d4L-UpwEztVSz_m4/jIisGILrq8JksIYV/Nxr9W6hL8Nji58Ml/rY5kuSQWUyE"
"1771750842-289","https://eleveprints.com/en-usd/collections/all","","Starry Stripes Women's Tank Top","$30.00","","https://imgproxy.fourthwall.com/FQ5zWScxdu7ym-T0NzRQ_PurJ359bVJspR7v5lu7ua4/w:720/sm:1/enc/KK9vThuOjh2W7vN2/obhu91ZWcnmAof1e/j-hYH9AufGqW1Rq4/Kcpw9XEcl-uhoKdE/Ug8Oq42bGuMjolVe/FOwqkilXRucchCBE/3uiZhN7ry-0RCxwX/tLRTNPdTfNv-NiBW/QigsxwE3o7NpaDfG/z76AzV8j3xQImVNV/4BZCxanAYatv5GoA/ThsRBlZbz-d9Nm84/chx-cXao1RqBGvvp/L413EbfBa__A3CaH/H_zm-TSzZV0","https://imgproxy.fourthwall.com/3ZxuDtddupu1OAPnaR_OTC-dDPz1dpY_nfGvfpVt4Ms/w:720/sm:1/enc/dFgvjweE4EIXTs35/tALjBxlpNpevCMEM/mvDuapORX3ip5CtS/WCPnedaiT8STdNAj/H2iyrgWfDMbFVP7F/SRhkHOVR27cxxEXz/ZUeFx8MbigOCLRbV/NEm7EMbD7XJe38sh/8u8CVWjje4frekiP/-DwDBafcViUayMEx/5I9zfnFveG3GvNWL/y3x1iNCcfVDrS2Nu/spP1YifvHig8gkbh/3iNAdkyC3IO4J26q/SWnwMxSFQ9I"
"1771750842-290","https://eleveprints.com/en-usd/collections/all","","Floral Fusion Women's Tank Top","$30.00","","https://imgproxy.fourthwall.com/KrpEi8kBiQxjP7mNU2ActG1vLecj5K__pp5kYOxJRfM/w:720/sm:1/enc/G1Ukoe6e2UZiVTpH/xk111CnsKoHXWrof/lQlS09EflGBp_0TB/r20cA9l9Sj6bTrQR/gLcvgoEZ-VesQ_7r/pnI7Oyd7y_6ohyhs/71_-COd-e-vPs7c6/za7mJ2P0xpW2viAs/1YG6ImU8BtMqqC8a/hf1ECzXn7RBvFxPw/a9EVUeUFx1az7vOD/q4nLjA2vAGm1AZDp/TTbMRJPl-okEiOXT/DaU7Az4OWMcaq6J7/H4lxG4Cix0A","https://imgproxy.fourthwall.com/w1UFqLgBTSu9xn-3Yri8rEcxxrn79rAwDhJNTRxnRus/w:720/sm:1/enc/LHSW9ijY96gVpkn-/FAnDfNv1pP-hdXQ7/JWzaX_m9WPYCf9vO/NbrRfL0wHnsZytVN/0WmW5T5_3TNH1xMa/EPinY0fhWk-j3A2z/ArBtdRLKaVZxnbqa/q2-lxhLBGJ_okAIH/wLUCISRKB3XOuD1G/nAPlle35XSFoEZ4O/QPiLCTzdSIcijaZ9/pXvPpKvb2CI-bxCx/K22q2N7ukiK-HngV/ii8vpsIvA-iTjiE_/hBFB2jBlav0"
"1771750842-291","https://eleveprints.com/en-usd/collections/all","","Blooming Fusion Women's Tank Top","$30.00","","https://imgproxy.fourthwall.com/bB8-CLQadBXDnX2UY1OdM89kgr6KlYoLiX3sfHuDIdA/w:720/sm:1/enc/eMHDyUfoy3bazCiX/ttAc3vdYpHH4VOiH/9LMKhT0cqtbQQUcI/J1BfLdwxqcjT0l9A/ZxxXzqs-q7Z0pjxa/M3kJS23FmQ9lem5J/oh_gqyx5rbUgAzWN/drqBn1Ter-o_wjlP/GH2kVOSY5wywb0FW/--KrC2WpaR5MKVdP/mVlSyfBlTwPT2Cwt/vQUA4n1VRiq__v4X/NP_GytedXs9GObdi/Zn6TH9TfaOnXP7Iw/fen8pAf1m6k","https://imgproxy.fourthwall.com/wcB0C26mDbYqZQZXmsg0r9zndrYlDDDxQMlehn7kzKA/w:720/sm:1/enc/a_SXtOtIUDrHplWR/f4qf1XVsp2ME-OhF/ctl71E_48cD0d80-/_kDD_Z-2bQoKXwtc/mvnMu74ZZA7NUMn9/U3qHq4JBoxwvg307/r7s37_QcftflBdPM/egbTYxL7cPpjA3em/KQgVjPUenSvZLFpd/7XnMey_UALcxNTUx/2VKgGFStcAd7KHVi/4CUrkiAxD3aB41Qh/rgC-emTr2PHpdxDA/-2kn2bbvBrCfYggV/L78xBlOS8rY"
"1771750842-292","https://eleveprints.com/en-usd/collections/all","","Abstract Lines Women's Tank Top","$30.00","","https://imgproxy.fourthwall.com/fCbbOUZQqULDP9x3EA4DNo5mm0XWMNynDCP3VWElVDI/w:720/sm:1/enc/EQG_n9HljQR7A-tm/bSt1AHMf8eAcR4zY/mVvmLSIv73I934aP/TMJyQ2PduWniZFXz/XcwW744B0WgAzzMc/DMtStKlWEh5cdMQn/pOjEnQvPH2c7qk9j/-mRLgKPfTojEMyI-/zOvwR33wpXfBkdjP/tbAaoq1N3Bqt3VNr/UeA2L1hxFYioryKt/0fM93gi7sQZpKT4c/kBGlckMmO5An5Xzm/-pn7frmbMcQqDT0d/QWbVdoD0K00","https://imgproxy.fourthwall.com/Wjyld4iUmPl0NlYzCevBWry4TRUMM7SFNItq0kVaq4I/w:720/sm:1/enc/YE_ucZBipwxH1CWE/CGNlpg7xDaZFSC6p/xQmmc-URDE4aKjU-/H6lNfILmKnz_LBAx/v-USk3mx91WmUl1G/s65e4Zaro5L5OBuQ/b8WoS6aLRn5a8Zvo/ibWdN4CbcMgEyGkf/-hSgrL1EhjHlnrmQ/l4pDXWF_Kuz02EGd/mNmgiWJZZQTugke8/RVhPK5LdOXmAxLlj/WsZyoaXFKNdaWAzL/v1BbEPRB0jjgqLQx/cYR4s0RYLH8"
"1771750842-293","https://eleveprints.com/en-usd/collections/all","","Flowing Lines Women's Tank Top","$30.00","","https://imgproxy.fourthwall.com/8dHJZlEGUsXsWxM8MjWKxs1GNMJ0pX3PkIHRwkLFv9k/w:720/sm:1/enc/AMjfjuY2H4_9bGtH/6Zt5TwgKWanNLoyw/BD-EHBpSmRCDPnLu/cJmlQPM5c5ByWuPA/q1PzG6F63384C2W4/GBGqXMdTIp64buIO/jDmZblsh_uukHlw5/P2F8HCI810JBpdVf/AFAg18PBtvv1SIx1/fxxjqZPbd0MkcE5J/bH3k70SrvOUmArOX/V6L1Jvp-g1ozCX0Z/y2cbWT4562lA0pCJ/wujvzIXFcCwiyIFF/EbUXQfm64yU","https://imgproxy.fourthwall.com/vutvR8ujBeSSq3fwGQH4Na5sBWRF9KEatyoMWNx3NzU/w:720/sm:1/enc/JmQeHkWQHiysO5n4/tj_n6nCnvbBQ6Khv/uk8fJMvz5Rp-QWPg/vdgzyd5G1kqQdUdJ/8FOYZzqTbklPME_A/2wEWk-Z0BeCLe--a/3gOUrlUgWOGL5TaV/mTzD7ES92TD9LYQC/xja_KPtXqafW4CO2/d_K9cftnvAp1H0HE/tLbYFIiwTuwNrGOE/m-TsKVjV63iR1cDt/aF2MKS420Pq1zqtd/x5sWpq8Y4O8dMQJa/mwP_3-v6L_Q"
"1771750842-294","https://eleveprints.com/en-usd/collections/all","","Botanical Bliss All-Over Tank Top","$30.00","","https://imgproxy.fourthwall.com/9WxCFEhGmcWpV-i5ISpStnjZyJpjx6DzRZ52RxgM3BU/w:720/sm:1/enc/VWIuXdzfA4oJt1y_/aaukbAR29NMjHQvg/WbTRTvnL77Kkxq-9/bFJqLiZB10ZxzEkG/_WoJp-qTXFhVQgbI/UCIMszccqC_jgb8T/q11oGrQSAMaszQU0/6t301Ev3__J9cJ3X/3ZKtl8CRhb06Wc-l/nLzJhXaGtvn1hS5s/8-IuYkNMqemYXfIQ/D2UMYbd7BwIniAgJ/KVlmGok9JmUx2B4r/6jp0oMj0WdN1Z0TJ/8q9Eryg02xk","https://imgproxy.fourthwall.com/blaxG8k_uncZoiS0UVXwlLWMcjY4vZ3iv8AxpZZYljQ/w:720/sm:1/enc/UVhfYd2quM2KyUvR/Tz2ZWscbUks59R-G/N210_112KG_2GKz2/lq-sgFH5eunADiEu/NjCbp8D3MW4vlefi/sGXdwhT6zD5FBjUt/6-eGulHZMiRes0Oh/Wy9bNOamLeyFkGW3/QvXx1oDVTnA1dCr0/fDeuvE26HNad4lbO/XGCka11rF_0c5Wfb/g58JaoVNoGcrRXKm/SHtlWXi65PCKKu9K/pA1aR2Ln2q4f5_xz/u8NOipKrAzE"
"1771750842-295","https://eleveprints.com/en-usd/collections/all","","Vibrant Leaves All-Over Tank Top","$30.00","","https://imgproxy.fourthwall.com/E8PYeOrbB5nEW_Hap2iDL0hgpAxwQQuEp1sEzxYqNoc/w:720/sm:1/enc/lOIoLM2POxJTR9D9/P1dV1NyFKCCzK8fg/fpjDNjiA34Y_f6ey/3DwpmLTvDPCPI0j9/gpVkp62dvPsLwK9N/DHCJI5H1KGwS1-eS/cvrc9HES0nNvO6Fw/lpB6xbo30IqxafwH/wMk47TcqYkJ6vxgS/ODgYucOFu9CrJShc/M4f5io6RM-p177VJ/dKQkbpbQ7sHY452D/S-xmlso2SPQYC6rs/CasyIcyrtCIn7ELx/8wL4qC2Su54","https://imgproxy.fourthwall.com/NBD1QjoUqsEpfryyJr1duJQ6MK36fZl_quZRAypFN4E/w:720/sm:1/enc/bQpw5oVhgtZKorgA/dEQFmzmcM9NDSrNo/_5-6iTq2YlEvPaYL/fUijSxcYnaz8P9cj/VAPpFvpzwRan6qRM/KwIQ6qVqUMCYFEVL/wIr0vjkFmuwbmbXn/M2HGRu8aDXen3LN5/Gdw1EAvJYD32idBn/DUpcZuaYDQdvOlBy/GPS6IAYQfH7nW3xb/a23BNhgwRnoqLcEs/Y4FvHbAjCgNPcY7_/RQd1MQS6clAhnYmM/ERJuhbUnc3A"
"1771750842-296","https://eleveprints.com/en-usd/collections/all","","Skyfall All-Over Print Tank","$30.00","","https://imgproxy.fourthwall.com/DTzeCNrHesM2Sq9TC9EO7_l3KoRMorTls3uWwlojURE/w:720/sm:1/enc/FZhsP4zdWCpgVcEL/GSVKLIaWRkfcSsZp/ELN2JXc7x13JToz2/7CIAq84M9dov-OSv/-RHMuY6vrXAwtuKT/s_Fqt-8feCDu-o_R/Be7PadWFMJiphwrw/9f7jnYB2O5PthYXq/ZSECbGtBazCLY7Fu/6qYc2ZEPVD4ZZ8wj/lXsn_6zkf8UtHNSA/e9NE2WALRL-wIIav/sVjMXQJoe6LfvUFo/JBR-RtNK8vcXFuW2/toC52yJCjAc","https://imgproxy.fourthwall.com/sdCkekIf8fCMWnOApT8I1i63iuXfl6xvp8I-jKhXeGM/w:720/sm:1/enc/vYcaJ7aIYFhy8-D4/_sMMD3RGJzPOP8GV/O2GcSVlxdyQ91cNE/ZVIBqmjU7CGxbdwV/TBGRk_Z3yMAjjB_w/hMGoF586P1ztXDnm/txAHQxT2Cg028nNG/Gew_JEBn20UndPpQ/dY1yy_uGG6Qmu2zT/O0va0AC9ulX68pEJ/0VOSi0EMbwJyp0GF/pvH36vCccpQ-gvAK/3ganS9pTjYbo59N-/SRx9k-qAEKdlhIk0/C9H9YP9ihAw"
"1771750842-297","https://eleveprints.com/en-usd/collections/all","","Strawberry Bliss Women's Tank Top","$30.00","","https://imgproxy.fourthwall.com/zn3m1NoIjWaQdOfUEjFOQYH1H-ikAp8Qhj-kSo6zn_o/w:720/sm:1/enc/__K-8k6E0v9dBnSj/raZkFKTKI1_t-3gJ/S8dDN40H41GyfFof/lWS5QbngvqNL2Din/TVvyEdyfxXOZcW89/2zdywGuBG_62Rk8j/L0K8kRDLxPdv8PG2/vSSY1dXTB_TQaqMg/luUuc1z6M3cn_EAt/WYU0_tvcqHsuyPd6/czuHAApdY9m1sB-J/DJwaOVXwFQ7GOzf6/dnDLddfV4pJxI7VI/KAaCmJVi_2qPv4jr/aMMDkOl0ciU","https://imgproxy.fourthwall.com/D83cSMBriIdl_bQkfg0_ie5y4Aso28zSmI2I2Pk0MeE/w:720/sm:1/enc/dtmHUEfpWfmH_wxd/4g6_dhDbPGfkPneT/W4r2d-SyPg5wOF6i/TFJ_7xqlcohku49h/HanLub312oR3Fb5X/_a_HjNYfarNjoiEh/vYU_JAPtGLBEA0lL/G0Nu6e9_Zp-kYk4p/6LI0FRUr2Ya3ugj9/_1rJ3qqUT2kEyIOE/gq7zxcd8D3E-AhtW/dhgV0VuU7GFTysN_/ybtnyn1CYAHvqDXg/1tkiqv4ZMJzfZDgI/aN4BxeWpFek"
"1771750842-298","https://eleveprints.com/en-usd/collections/all","","Aqua Dream All-Over Women's Tank Top","$30.00","","https://imgproxy.fourthwall.com/jsy-DngM0ohOEu3x-dlqVzpHeQDR2pl363Q9yHFQTLw/w:720/sm:1/enc/qF7aqasbK_do1gMx/T9jmToETaeHiTe4G/R9ZV6eHEnigJldvE/8Zq9yqbBMRl_Sfch/aOGkx4YcVBusxkeh/MbfuRqO6ve6w9vfJ/6mZ-5QSd8G7tZsC6/OSWFK4FG_7v7GrL-/c9veLgRUIAtD-DzJ/vUNdLFGrVMGleamL/mGNh6EGB_CJGcDD-/STAewiX_uXDBNu7b/vPEDUZda2OpiMUqL/iEZH1RjYIjgGmf5R/9pX2QJIJVc4","https://imgproxy.fourthwall.com/zK4_E0aCYStcoloJE5uh3L426Dr54jab7UcFlejrnm0/w:720/sm:1/enc/8ChNDToh1ORkIb3F/Huthz2eGume8u0GD/H9uMDQLywZq7S7_T/gxB02cTERfQtuAZa/s8DWWlh903AxHDBa/CJQbr0F3ZSnINNNM/UyfeeLDqQWIAIbtS/6hXk3tb3qWwe8s15/pan8h_VfzlmvlXgG/Nu2AgX2VdvyxvVNL/WUPNrjIfzHVIR8Tj/Wj7sDlX_o-58Jy0X/EmovJhoeNuwbu7B8/a-xdY_5xUIr8UnHM/ltA63MejSCw"
"1771750842-299","https://eleveprints.com/en-usd/collections/all","","Geometric Glamour Women's Tank Top","$30.00","","https://imgproxy.fourthwall.com/eRgUjGisoyB0cKQYgFsIH2ie2-MOzjhLKOKT-xp62z0/w:720/sm:1/enc/qrlmgAhdDLkkxv3C/eF01pKbaDdwz13a9/VAlYL7yqszDmMzba/6UyWZR3AEH_66sOM/KXg7z0gbawlICaMl/ocXQiFOCRXofXPAg/WVrGqOVSuD71Sx3G/sHoXL11NYRdc0nL2/TFcUUP_Z69vNuxKP/ILfu5XTfqYQrAZXA/43b16eehZg_8pbO4/nrlgSLsiiEtvipgD/zmP1gK9jLOVPhE2A/EUyFTeeyKUpL2bV6/qp5aUVgO9rY","https://imgproxy.fourthwall.com/c4T0vvCw8Mx5fI6bQISdMF2uIFOfaB7NwB2jzxpKejA/w:720/sm:1/enc/8UxoO8C-9dOt6m95/zZ4t80R1j2l_iIH0/69QzFNhUBPIhNBri/OcCWsDAL7bqiSQYR/YO4R2Q0vM-lFQyHz/EEcxl30GTCsdPp1_/gS2JtZOUPpaIAXXq/69-VBQ9eU4QjSfvt/7bznlTSqKP3zKSP1/zz1DhXdr6eBtDFB-/CeF5F-wIrUM9nl2w/_MmQ0seVNRRdvQ3s/XKGSHb9KiMVe_X8h/UDpJUd1Cs6BPSM_Z/et7vvLHJzZQ"
"1771750842-300","https://eleveprints.com/en-usd/collections/all","","Fruitful Foliage Women's Tank Top","$30.00","","https://imgproxy.fourthwall.com/2sSA1zavCm_Hu_7vWubaXpcK9Fqhhx8gaL8TKrtLWLw/w:720/sm:1/enc/dAp_-JE4ymIWDhB4/xce2wdhoC3NZkKOv/7NLcvqFf7fAJssBc/Z_JUtgzqtUAy4dP-/VjWs8V2f0at1Kwdd/PIll-c5pc6YwOv9W/7GCtYu2JD3wa5sFb/HBeSrF-WdV5F3zjc/79GWLwInMOJvAvBl/o1J5kxO5jvW9olpV/dwXvmCgoSvWovfSn/w7UJErDNJuYNMz3q/H3FTJJ8r8122oBNN/Pr_le6aiqVcz49d1/LAFWV_bIQnw","https://imgproxy.fourthwall.com/IwIqRivrGd8n8OJpREPHW00J8jiJIG8X4M__2zFPmBc/w:720/sm:1/enc/SLIPJp3Tq4Fl2BNw/pFxI6kNw_RaqKvUm/nMROUB-LF5_rX3VT/K-05VRRJqdjeq0JD/PNbZy2knxOqUb4gW/Z1CxF_UikTEJcTiP/9MJn1h84tLiv3csB/IC8JOxxNArhiS-Z6/m0ATgetn-cS-fl4N/v4HrfgcAwEigMVfT/itH1EHTUyXSu7Zsp/-UHzl7WwOafwxNdi/yYHIs-S1pXYws5v0/dJwYFNLuPOls1yyE/A4SMAyaCWVo"
"1771750842-301","https://eleveprints.com/en-usd/collections/all","","Geometric Fusion Women's Tank Top","$30.00","","https://imgproxy.fourthwall.com/AH9P4nZw1odntdQ0WvG9XsiohXO0uDO-ALYz2vCa-pQ/w:720/sm:1/enc/w5sg_vFS7hldHnz4/t-G_b4bwO3C7jtco/6wkfwNqAz_EI3QxT/UoqBRAeoGKT_3brm/o-r7jJIXAIcfCcO5/ZlyCb1PzyXptwd-t/hPJlT2PubvvpcIYF/eTYDK9RqLEWyDrJi/OX-5SscvL7hjDuOq/UDT7DF6OnkJLUQYN/GWitx6PysSefVSyQ/BaAFpu89zzN9y7I5/6ODjSMnuDHNRhTpd/9cTiJ3MkONugfLMN/DE5LsCrsPBw","https://imgproxy.fourthwall.com/bTsSuCakNK9mphE4zecO0RwVR8YSnCemZ2z_BorPXrY/w:720/sm:1/enc/DBOMxZ1iMQwWyGBm/yb9W-1Yu067LHwjb/6zbmXlFI2LUrFr36/uzL5gLHy5vlj0EjI/OJSSvwkJZz3kxRm4/ZM4-dQTW_BwFOAWt/ic1sIyRCWH60jjq2/fAemaHxaLht_Q8Wb/jjEvhDhOnGzJVjfz/szLsY3PEOHTOrBDk/3-9V2XiJOeFBPMbt/sWN2UvKI-ggppkjB/fyhzKpHzGmUbnIsx/38UY_9xgjZEVlXAy/RmaNlQJorVg"
"1771750842-302","https://eleveprints.com/en-usd/collections/all","","Dynamic Blue Brush Strokes Women's Tank Top","$30.00","","https://imgproxy.fourthwall.com/cR1HqO_6Y_GRc37l7dUVtsx4lklVqUMmlgKXNOoI7Vk/w:720/sm:1/enc/QBvTMZBxApjZWg86/1PDiekZ8r0myFtP1/1IuvcwXzNMRM6tse/1iG22AZoNHOYzvfe/7IaWsjBQ7kRYaHtZ/3jHJZSeFix62Ekzh/_hZLFeCZSEtT543H/T2-NRn9DR2YNg0nZ/Qrx3xjAEMfdwcC2Q/it-jPvgVH23wmKAh/oVCloKcbhkLE4-rb/yZ_04keBiOql5uK5/Pm0sEZx-1cndNsEZ/BGij4c7EsKtAG7YJ/Ir_uVh-s3kE","https://imgproxy.fourthwall.com/EFIWxhF3Wk8Ik-PkFerjhidFGfm6dClrXOp0heGAiEo/w:720/sm:1/enc/eRm36F79acrUITZE/ePzq-aCVNCjtcxCj/7KWMm35fAZe0bPqJ/reSAlM69SqorC9eu/BUkIs7Bnt85VrZFg/ulA7uYVUrpv4SSQk/B6P6EUEr_L5gpWc3/FskcWh001V7MxkTy/WRY47ybl8KGzZmRJ/H1LNh7hy1ulxoiPp/66qwK4cELwOOpBpw/xpS177m_O4FN_cAi/1OrnXuTSCd8FZ45y/sPdzxF5595--0WeW/vsylRTpiKck"
"1771750842-303","https://eleveprints.com/en-usd/collections/all","","Ripple Effect Women's Tank Top","$30.00","","https://imgproxy.fourthwall.com/h-4ViCIG7F1HXRpDQWU8Fi169tb9IrIfb09vinUTiQg/w:720/sm:1/enc/hn8JLbDGeElqDVt_/ATUMQf6kAoGTdNIQ/K9N7-PD-6TyeLRf2/jIq00IR6Kri89NTM/9VG9KOPFunfqRF8e/G966WWrV25z1QAyg/yTSabG_94FSMY8ie/yg77ZS_C7MpMwmXL/3WhWoVWSrX-Oja9s/vpQ5hTfAbCgxcwbt/dUXtkFMbJXoi0uth/_jvowAFWaMa903Mp/q3L_LsiOUbphSi7Q/dyKxTVA98dTPuVON/TcxESY-Qmew","https://imgproxy.fourthwall.com/IDTUBU9iJ2tzcQufGBNLu4d-2zcz0JREk9Ogpvd-DSw/w:720/sm:1/enc/_9_jC7sgrDRDyP3K/W_lvWfOl_O2KjM7s/-jIvlNj1ZJWnbbfQ/TfXHLxe5Z_oHx1yb/4HLlbnUMTLM3i42V/GBHtVHk-AfZs1TpS/I8o8WgtByVvvTVb-/mgUnJAtLk8J9ctDc/drFsyJrDrNe-GJa9/d9naIdCUpo2Z1XbG/B2kiqhmxiu3UP2Jj/VJsjVI-h4pJyWp8C/pwdmlc8L5cucPHJf/4er2apkujH2OJd_U/gB52rfsgvLg"
"1771750842-304","https://eleveprints.com/en-usd/collections/all","","Swirling Teardrops Women's Tank Top","$30.00","","https://imgproxy.fourthwall.com/glM170ADHejgphFRNSHA-KRvbpQpqx-eQh_H5r0nE8k/w:720/sm:1/enc/BSfCxDaIJGNmhJXO/sUrG0iQVgZ9N2m1S/l56frXJ8bWnP7ReW/QNhsCjogce1sj6f_/QbOnkohwA-U9h0Ow/0HQsmqcLtmQbKyYF/GVi-TWBEdNiUqPQo/96si5qp-6sMuk0lI/CG7-08oHdWl0Mblt/8OcrNCil6TYjV-zY/PtuUBKwYDGckbyrY/Ts9FumwsVYkhzDeD/iRWgiGhgutQ7rFyZ/5qvf7K10YvTPLXke/YG0LBxTlvOk","https://imgproxy.fourthwall.com/VtIB5JHLUs1R7N2sANel49EwrEQBJ4G5wI9LnJXvo5c/w:720/sm:1/enc/m8vkcbksg7NP7qbl/PnjQ59hFleEsSFIW/LPlJt7GcuZIk1-bp/Aoeie9w2DTpScZqF/SBlOrhAfbSnu9UYW/foT--9cr4Asm5Nc0/wpqsfdmXrrGLnvLx/hLajvyFW7YrmHI_b/mxv3kVg46W_kzprU/rd7vbDEUh7hH61bf/6cORXlokQsY41UAw/8tqLbOcjQL3sJbcV/geWOsqTJ2Fh4dflF/Ev87S3-tFS4VqT6o/ariQ570KxTQ"
"1771750842-305","https://eleveprints.com/en-usd/collections/all","","Cloudy Charisma Wide-Leg Pants","$48.00","","https://imgproxy.fourthwall.com/8XD8qbgL6ssqWB1GbhjhI5EeshsOCiSPYdepnQa205U/w:720/sm:1/enc/Wy9FvA_w6qPE78E9/yx_2JqXQnuy-zYQo/sIJP3myd3FGXWRsY/Mma5OSNM0wM_ts81/yuSpmVJeKGHyhaG2/W5zaYQkChvBobfqT/fIbZX2tiSiFl0W-p/EIzpci5WwY0PwKwv/NSbKZtl8om2AllFB/bth92QdY91KNK5Q4/9cUK12WE9yaDlo1y/Dmg7FcORbl9BBosh/jz2LVl2_F7XrRjH8/pkjDlg","https://imgproxy.fourthwall.com/TJFK2bhE3cCkgIvLUcEPiUL7dxsPaWcZZIfYArb61Cc/w:720/sm:1/enc/59gsPFXRtP4Ivas3/LsdDwnvP6e1fPP8S/5bnUYrrx5oqKDHdO/3LsM_69Z8IcAfkHj/QnVWNN8KQrrJ1koy/yK4jk3elD3OgB6C0/wqk8qn6Y0e2xRTuW/KmDSU3Qbe7IIKuGt/585PrB1G85jxniDc/ep33ouykTXklOynI/2_KpgTer0YMiwJNl/PB1dd-IoHq2rNOEL/dE7uG7B2jG69mHi3/OwKJ4g"
"1771750842-306","https://eleveprints.com/en-usd/collections/all","","Organic Oasis Women's Windbreaker","$51.00","","https://imgproxy.fourthwall.com/WH_qc6R93HXM80ocGHJbhYmsA3jGs-M5NRGKrCQCx7Q/w:720/sm:1/enc/4Y9xtgsY0dnIPMSK/XPHiGRg5qC3hITNl/UECSDSX9WSfOWr2P/xA-UIJJob2_jpObc/JRxQ7wPo5-aA_63y/JoS3QPN-CFfsDDVb/P9dIKj-NPDueVyxJ/ihuZLqvrxkYi8CMY/HQ5FC87lwAd3Z8ml/QZqg_0LHbegTTLSE/cXF2GoFV9opTwD1Y/bhsyLnOYZLBKY0N9/H-J7YQaRJdpLmVx8/299WfVQOSMOZ78mZ/w5jFFJK5q6A","https://imgproxy.fourthwall.com/wtmosyzepnypBsBGgekZ6497FjiBvcYqGQ2RulDKiM4/w:720/sm:1/enc/sHL-XlKwfMGshTQR/th2QKAit-vDcyhHH/r_3iLCNkmdqfHzvd/2-dgVxKAZHQJq0kt/3Yk9Exy8aC4lx33M/9heejEZelGxo0l3m/BqQ0TV3sopi2t3v2/JL38neWk_G1Ib0b8/zB2az904RYhHBRdV/jUJSl8lQh04OP35Z/tj9z8CAilKy5vwMf/k1bMX6d5n_hK5Yhk/vB96MUQU-rD1qyce/vi8r1P1OAxpaP6XX/p9v2-Nhhx8A"
"1771750842-307","https://eleveprints.com/en-usd/collections/all","","Diamond Dusk Cropped Windbreaker","$51.00","","https://imgproxy.fourthwall.com/VHPxdU99aHGicMOKVA-ERYPqlA5Fu0qvrpyJUv6a8AA/w:720/sm:1/enc/bcA6ZI9ak4YgTmGw/1IFYrxPT_O2KT7HA/9ig7pHohUI8KHcrh/y3e8C1OYQie_LoJ8/ri9M7QW5gPyUqNkh/oGVNDRe8MThJFCWR/VXnYmwRDFYn6Y1Of/dPuk9L4sjDa5eoQy/yN8kjXsCkYUNVIRq/JKS0HArDD9lsCA_G/WembIidrIfi3aQqo/Zd8ANxgPALjD9eSQ/lrAUB_w4q3NUkJOk/LQVSLGW3dxYRnG2N/EVpPbXSejiw","https://imgproxy.fourthwall.com/yo-_9fIdlgGdg3ZhBGB8BB-CZFHKZr_JYysWajdyxuc/w:720/sm:1/enc/O6f4IWc7lQlEQ0nl/VbFJD1zz6OYFRiEb/GICqUbOeaUUv1yjP/BRxwuEZ4sgdI0uLs/DXu17knvS9Z6oLZ-/QKyy-DfwzPA7dH-x/bbx0g2SvnZaX6QF0/DtlcZhKHv6WFk8EM/1DYapi0KF7nyN2IQ/D8Cs_cXl80aXf3Gc/ZsvkJ4wSyq96FI_o/DSTz3cmpfmfnw1Xs/Vx3MzmVxOC2QIMby/nZd_zyL7nr2QSxJq/6bMIg0UVQc4"
"1771750842-308","https://eleveprints.com/en-usd/collections/all","","Botanical Bliss Women's Windbreaker","$51.00","","https://imgproxy.fourthwall.com/il074KJanrIwmbulb03drtD5IhpW4_RnhxC1rjMAajI/w:720/sm:1/enc/FOhYI0TT7wzO_M69/hVsRAdP62moZo3Io/61bcNXz8jG40gkXk/d8kAoK5lhXHp9xoX/VBUlPnNLfwVAJHx8/SrWXVVT8Iy00ptAT/2YmfX8OW6jezuiWu/wkv7cUNIsW0tAf34/s7Ber1hrHfoI1-LF/BggCvYVl1gPedqUo/QhYROGx5g8qPQzra/2J1TBMYTC4Eox434/zszChXxwiivbaHxL/K7R0vT8NsMqFkpXb/GJLpFzKW-gs","https://imgproxy.fourthwall.com/aYRS2lx1VARu4OQJjydX2-8jLCswqqmJC2N9_oJ19p0/w:720/sm:1/enc/fO2yW7algd8OGOiN/k3iRZ-Of1xInEc8y/3CoPub6Day7H7gCU/L16dBMqdHDll-KJg/NH9Yts5s3OoPTR0i/cpCwzlQv7rPrgwVe/pRniZO9QUbbw_afe/sq2l_IAXI6yVvkiz/6JaEsHBexylDSXRz/l8CcVBWH8fmb-DVa/DTfhH6QGCudB8EQ_/yzPzE_S-6cWxyn9E/z5JTy4XGCL1TJtNV/83ZGC0YbKIFSeqoM/kgRSey04NyQ"
"1771750842-309","https://eleveprints.com/en-usd/collections/all","","Vibrant Mosaic Visions Women's Windbreaker","$51.00","","https://imgproxy.fourthwall.com/vBS8GSzoD2eUAZsBXn0f-EqMA7pMh2EqNyywCpGbn6M/w:720/sm:1/enc/XpjHqh7ewsGuV2mM/al8Alo7QaMvLro2r/4PO25IUPYhR5h_Ee/o-yR4HFL0bQ09E-k/slNGg0g2qt0kZr5L/iHevCsIPo5j-ewur/G2_5f4hcKnVNni1m/NI0OHdkJr1_7CQRW/MAv4tQ0o_NL3qAl2/dFeMRkNuOVh-3HG3/4bxfESfKE-oDHCwL/VXQXnglj6YPkHm5S/9cIp4THYsET-qE9N/1OJSrqVc-01Eo0Br/A9lxOt-69C4","https://imgproxy.fourthwall.com/Am2xArr523BWjfaJkUAOLxwKaNwDvXOiTtvggPs2L5Y/w:720/sm:1/enc/Id8aGDDZfefVwpo3/KPhzgqWfTx_rQCbL/n7_hjIS-Zrqvl109/TSmsLP7itpHB6jlf/RS66FQnWgmH1LIfI/5f1eAW7cCxm7zwKW/CyaOZuh3KRiOsgjw/tBuocYkwk0Vtv0rg/nqGU1ybtajyCeNcP/wk-cqbFVJb9q_F3H/8prDDWgmUYMWknZa/YZdVEa5fMm4Xzloa/_mySRWZnCXX59lQ2/y8VANgaN3dnN6EGf/-HrIF4-790U"
"1771750842-310","https://eleveprints.com/en-usd/collections/all","","Whimsical Butterfly Dance Women's Windbreaker","$51.99","","https://imgproxy.fourthwall.com/BM2SXiTqbdH7Z0iQl5CITvdKrqX5qwGzer2YM2xRmu4/w:720/sm:1/enc/my4icLtJWbiwzmh-/LH-1brzZ1552LNW3/O3_ADpUDuFPRo8Ks/OgxV5A_kidEZu3mB/xXZoxa-b4jFXjOaw/3NUjMl13a_NP_k37/fbyeZ1pAXfWsQN7J/0M8M5j8h44hqPgq0/jL1POcUuoXvNEm0Q/1eH3zqVyUoxsauKk/oXMz6TT7lt_9Nbab/lqN5DTq6OXJOSY1t/2JVlmW8ZvRNDpSAa/U_4NRMKd6FM-RVgJ/rZ1MZ4w7ZzI","https://imgproxy.fourthwall.com/5Vkm_JVoFuoHRPrE_TiLXqM2U3wTCic9LQn53pZzrp8/w:720/sm:1/enc/fe00p3W6kd5sTm1s/dDo4yq1bqXTqMjdy/BoLU_ycavQtGmps1/J9z3CruHKaycDQRZ/mrt3gAX3mq2FMjsU/cxua_a4uFoDMlxjH/wBDYU6i1-5ph-t5u/v9jxxWr0KKt1nzaP/Ffg0gLCIwSgwNHNG/cc_0ICTJiRKo4I5-/vwNNoWc3wG7EXKhF/tkup-WPiD2K8f_-U/HpW0pNebhkhoSMWR/_JUi1DJEr2g7qeMe/wq9f-ApzNa8"
"1771750842-311","https://eleveprints.com/en-usd/collections/all","","Floral Breeze Cropped Windbreaker","$50.99","","https://imgproxy.fourthwall.com/UyC_VacqQ6XresdCt5TXIKDlCwpX1OSN62cdYaF0U3U/w:720/sm:1/enc/WvOg7w8zOeMqKmgF/RSs0D1Xon7GWl_Vs/mPkRIypGm4ctKF-Z/1T7FpCzRGGtI4UAb/OSHTOFm8ncKif2Lp/I6LmmM3_ISD793y5/Lr732R9sverwcwDm/d_zZszWMPxAbhTuV/HAM1n0GGQTFsvA68/VtRcP2g22G-4Qy9A/zdHIMFh8BXG7mXhA/v7Tm2LW7CEWNzhYU/fDc2c2TMGiAGcDbJ/3DJOhv7XBRXe3tg1/GcaJWeWXGtk","https://imgproxy.fourthwall.com/fEwMb85XvWxgxz49fOWhAVFMRXl6qDlhp1nQg_sVBEU/w:720/sm:1/enc/Hp42rCmPXlfgVyBX/letqmrDAZx-sxIhf/oOyOXbZPKzzuZXoY/_RNbHZP8QSsibxaR/erVZkN40BiOTkokj/irAjgSRz0I4mSjfQ/o4laftjw3YftUABO/lH1FscK2br4LUG6d/A3zjCLaJOW3DTvHu/owauUTnT2R0RSEjI/VSqJkS-M5B6LxdVV/0sXpfkswIjuu10MV/sXDTBE3YNCjfSvEH/akPp6HXRk3MSil9o/YeCFgrLdvkg"
"1771750842-312","https://eleveprints.com/en-usd/collections/all","","Pine Branches Breeze Women's Windbreaker","$51.00","","https://imgproxy.fourthwall.com/IO7PbgNzArOeFCWQ5PAC8adt-1-V1rb3Tg0GaY0291Y/w:720/sm:1/enc/8EKmZandUornVW6e/oDkHP2tKgVEQn8UH/pQSVk_GLXmpiWupu/8Yurb5lOzXxlWI-S/ktg-FBsLvVKJol51/iVHoGKDhBlogSIcE/DBwTiDdhViEdM4_L/-Na34O6su0S4akK_/8_QOiBt2Sbo2PIvV/gV8uhKQQPF3WCx2R/Z62DOEltSM0UG-pU/JafrMm_Is17Khgzy/UzSgbwhysNod8BDh/FkNIAjE1H6Xo3cmY/BHUGnT8Nn3g","https://imgproxy.fourthwall.com/W585820f95jyVfV4pbTbDDHRuqsQOIisvZseVLh8agk/w:720/sm:1/enc/lXWclrwyJqyt2ENC/eXdZFnb2Tg1CsaJz/ig9HEl_4Qs1Rrs3I/W2herQOV4844KRh0/nvKSlOXfD0d5JsfY/Gy-WjP9943nx3PpM/_ixtNxC3HGjq2iMW/1xd30dqlK9uJc4dP/GdPoTm7l1A7cjNOx/qesXBa9s0BmSh2pn/cyw3uRA-BWVie0x_/46CCaPJLqv79AMuS/M914tCzlZqneLiQf/IH1_xBiigWfzig-Q/llH6qUyY4uc"
"1771750842-313","https://eleveprints.com/en-usd/collections/all","","Atomic Elegance Packable Jacket","$59.99","+5","https://imgproxy.fourthwall.com/xkr0LNc324VNBqWD-ukNzERFGagl9ltncvRHIAIttXk/w:720/sm:1/enc/mpvYA0R5rALUpkAE/KpPUsF_OifleKdQ_/ZcxGMCzzLUyVYybk/lGCAqk5oIkzEDWhf/_SaXp995LTQKyi76/B29-sWL0WH0wixm5/IFP06e8gKb4zX6Dc/IiGpnjqTCPbCsU0K/6HmnL5SWpAGiaE6-/OpSl3nFL6_ATBUH8/bV3rjrVO9MlqNFBM/lwqn1DSE8sSDXRCm/jTntrZH2NNiC6xwS/0R_gv0n_uAyqw1sN/SqEoHFZCMM0","https://imgproxy.fourthwall.com/aUAc6Ftb1hPVET2E6NT51WIpfLzSaK1JGChJZXTqbhg/w:720/sm:1/enc/0CTBY2HXA3wxs-dg/sBakJwP2_efmYCfq/sOalQ8Y1zlLrVSN8/wmpljhhQkRs2Z7iB/_pAyD1e1rnA_CNj5/f4N8_jKzP6--pg7w/KJhKrr5zx-GJhOMx/Ma3mD2JM_Vp1bDij/9JBOo-C9Hs95-bFR/iBVB1AijddO3tXr2/EZnGHVvZzXxmhpEu/8cuYd5-QmGc8f2Xo/XvBW1QCwhPkLtmZo/GgqTlAz--IPhACUr/sTPB-mDNq3w"
"1771750842-314","https://eleveprints.com/en-usd/collections/all","","Fully Customized Shadowed Adventure Windbreaker","$66.99","","https://imgproxy.fourthwall.com/0FjAlAs-VUf4bh3sSKEKSK6WEbjSi_2AMjwhCWNasiU/w:720/sm:1/enc/o6fsp8NCpxeVGq2C/K6OVcM6x2tS5PbNj/NmxtDbrfwik2A_ed/GDIUkuEEoFWjyt2V/qUxhT6rGf9fhqbqS/ceBDnUxKWMGh3CrY/omxGzBx5vR5-ZHTN/ndusZzTh3_J5Hzqf/mhe1q3nFGwwK1tO8/yK_DxTqk9d7JKo5x/7AgNl3M2_B-BiQBY/Hw4gafRvBUccuf1D/gbvLjQ90uPBO0Txp/ubtWhc7tUebvAV5P/YG6b7JqnDu8","https://imgproxy.fourthwall.com/RuRADV5PL0GjpZteBVTlbapPuH2mohl21ySeVfm-FA4/w:720/sm:1/enc/jG7HigPePONIUBB2/P4C_fp2_jqEAlTKI/XQyxZ6pCZuDtAr3D/zr7G2W5dUmXZi7TL/_Lk4ec_3Ju5jDVp1/FA42mIqoS_djdCg-/nllIGrrlZ0Dwoz1u/L1m5I8uGpHMw2XuG/bxbQxaOeancWPnff/HEQ5fbQnCpzJNzxm/pPkWKF42vF6rbY0V/C1EqCy4ylV9cbBwB/GXGHb2mg12E-AQMf/RXdVOgByHWxXjmZo/YhQ8rb0ZeC8"
"1771750842-315","https://eleveprints.com/en-usd/collections/all","","Customized Springfield Beer Logo Print Bomber Jacket","$89.99","","https://imgproxy.fourthwall.com/ahKRBF8f5X9IUJ_3LDAM8zZNbr3yWu9fVAnHCRpPtHI/w:720/sm:1/enc/bvcZlArPPEI0dWb6/eSW-FM3QlyWsmjVN/xYpj5MxfdGZfxU8v/Hf-darFROh8QGTpx/FFQyMiRpi7F2M0er/PKSBYvKxCN1kcRDG/c5nGxd5LAGKKXNyb/HK28xNsoAGqmYjWc/MDJaU7dF7FoDSPOD/yYki4ATQuYHfgg6-/RMrr0xONdwWP7Vot/17EzBzgBmghVrYp6/rrNStovUITlj_sKv/yDQkdg-IK18uFBJc/ben3p3oEql8","https://imgproxy.fourthwall.com/Z3Fz6nSGWQUd5ZmRrhaBp-xoz93-b3lUDJ6jaqutbuo/w:720/sm:1/enc/VuebXHsUIOgpzvc8/5NA3Pn3FbHP8A4Vb/fS4t2MwRDShFrumr/4w5E3uL9VMAfpu1X/m5o_YgAn3o8Xde3M/isWoqMvdTTWtAlkM/bFahXd7kNK2aIXaX/ejtDhud1ukpnUSVg/q5nzCcGdUcnQVcdD/SPUdyfQCd4ZFYOvi/cvOMXRulIsgKo2CE/5VQNO86ZrJlcdR2V/EvlrIFGDE2m0MnMJ/BAU2588LYM0b8a53/a__qtnFbDy0"
"1771750842-316","https://eleveprints.com/en-usd/collections/all","","Personalized Denim Sherpa Jacket - Eco-Friendly Custom Outerwear","$99.00","","https://imgproxy.fourthwall.com/X0HO6EAElN_6-LoVEnWXQJUmXGNzEI9yMaZywwo4mtg/w:720/sm:1/enc/UNpDagWt5uve6jeb/4OqsC9wNWyDzfwfM/rmXEDrnhIFTI1IRy/NcYcPpptRKCR6N7U/zdWJtpFnT5gyGNzD/64HoDThttV4FJayP/46dUB5g5DyrP6TtZ/M6baY2kGraUHGQA7/n-EJt8USX29bE9GB/BRdUOnLtpZ_WDJHw/fEsH2fuPFRxXJOdO/cu3DGK7F-C7vVrwl/akC8Hgzwy2AHGAmu/fy1r04mKZkoDzxqW/Q1D3G-xnSDo","https://imgproxy.fourthwall.com/h949aqVCPMDWyifmLl5V4X-fWqvSHhHxlBjqCfjbY84/w:720/sm:1/enc/PTmZ9ZAbTINQzg2m/8C-YXbdWZ_iN3ARJ/Mw5iKotbFFNDPkn3/Xv2bqo0v-X78bZLp/unbeGV1hyixjoNDO/mv4Lz4rSF04rXIYP/OxjMyt58N2xU3Etl/q6h05FWu8BIVjuMv/mKGR8LHT0Ww2t3dS/WXJ0WhKzQrnm2D0P/ChaXzUjqHASB8dRo/Cd5dNYUyNgZH4kGD/JCVGbNufhBAlcOCL/JV2FpYoIRveQYTQJ/2iNV4PXSek8"
"1771750842-317","https://eleveprints.com/en-usd/collections/all","","Customized Denim Jacket with Personalized Logo/Name","$83.00","","https://imgproxy.fourthwall.com/ZNLU6DZTzJoL8_DTAm677T__bfCk2qI5mtPKds0-fdk/w:720/sm:1/enc/xqJjmctsaWScGJuQ/ds0o38GW181AnE-Y/YgR0j5LOE9x9DbDa/xxEv_sgyreXP4qI2/NsHGvXcUTlJMlv_s/sU42JWKym3i31y-Z/8FQfQrTUh8IofxoM/bQh4vzYcV42eF5ob/TmzliSnVrH8H86XF/kOJdOUDip1RmjVeA/T3L-0xf5KpY_4Czz/DiKTysmwSaEN7uEN/VD9_02vtyh667yao/VXaoYGX1VLwGsqMm/w2Ih4qqbH6o","https://imgproxy.fourthwall.com/SVGOoXyANuix2s6nBaIEsngx-km2iZT1KGbBSjJs7PQ/w:720/sm:1/enc/2rmEqAeXp6grYYVz/1HVFKCRAGOeR2FaO/gHYNmGLltZbCtiuV/B5SVRx7rlk0QX4Vb/xvmCOYmCJfXq4oO9/xHq3lPmfLZEI9NqR/RScTz0kb2NmknG4z/2vGho8ZLs1wk-TWF/fxykyNJ1ItMV-ldF/QbOb_qiHvI6xGBd1/Vsh425z5Yj5GsA1F/b0YvhggBfDVcNNRZ/YzO64mZiHvq8NeH7/GaEXocP8AfZmspCc/6zJW1WBYX34"
"1771750842-318","https://eleveprints.com/en-usd/collections/all","","Vibrant Tie-Dye Dreams Bomber Jacket","$72.00","","https://imgproxy.fourthwall.com/lSLlWOakh05m4t16zFmWiitJNZSU07CVw-LerJlE-lk/w:720/sm:1/enc/3mGsOeJM9qIjK5F1/uY778YjkFC7Hn6WT/tFAgnv69q1rYzs42/4Sor076TZZ24pEdS/CGA1kulKSFZZQP0y/h-sRnxJL8neKwvuK/TLVyCboAyxx37Tbi/DdL4DLiF0ZOCyli0/HG8ScluTTwHfWWjK/eKl7687kUojY2gOP/1VtexCLHdjyPDJKj/vsdY19XOy6CrHaG2/_h0UaVwpKLbuhqXh/ngdliskGQJHqsxR3/S2onVHiyrAM","https://imgproxy.fourthwall.com/oz3Sk_7VqcsfYCwWetwC1w5l3oUO7VirEKmT1kjGpnw/w:720/sm:1/enc/gWqXcDeoUjDX8c-f/X0jCfxXrs4YQJTLL/nYWDm53DylK8PHOI/rZwxNJ-LoDXhaVNP/QVp2HK7aeN0f5w7b/YvJs5Gobm6cUO39P/A1IjtSS8Egeywefp/lQMzDvn1kMSosEVe/CVYkQxkBQ3nhWvrS/WGE_i4xJphQY7mnc/9rP9Wzucsn7BuYGm/cLdjKnCxrzruFOJO/nYlmVxgzEzBmIzVj/tsLbsYfdteE9aaTQ/NDUNbaKL0Sw"
"1771750842-319","https://eleveprints.com/en-usd/collections/all","","NYC Landmarks Illustrated T-Shirt","$25.00","+10","https://imgproxy.fourthwall.com/oIJgxNoEm9weUrAAetYlu3cB1ayGURxTc5CosY2AaaY/w:720/sm:1/enc/Zj8SU4kGJveHkq3t/9du1qi5k8umSHVbh/20P1D3xj_AmhVXGU/7nFjDHaUpIwc1J9T/sF8ZZRxQ86NbOnCq/TZpFTaaDmFvaHa0h/dvJjPFQE9fGuKzWM/EfFLWfo3BzIOj7JD/-jeHpuj0j5uW57uG/tevtcRvPyUcyBQZE/DwTSbGhjNnqdiO83/m2O2VJ9dJbv8g15D/VzGdo0oFeLaA4eh1/i7tJfu3h-ie5isF_/TagOFPwPcnw","https://imgproxy.fourthwall.com/e9g0SCToi2C7hU9HFbNq1Vu3n62CCQg3FAjQIKQHUSo/w:720/sm:1/enc/iTq0F4WaauNpxitZ/hp630lr8zQtZaPQq/YW0D6InfV92lib_f/iN7RSIUkJ-8VbER6/wRrwzqBHjL8fq4Al/9ZSgkHFMTXH-THxt/ydVNgb2G-D0q5um8/Pi8NAS7yR-DaTi8x/GE7eFQbtLCDN-uPa/JlPLq5Wjiwh9_UcK/bDzZx-R3FHY9tKP1/QvdJ593pIFUIZh9r/GwtYQvveE6OUlLMu/nsjcP_K0XHVkGXPl/Gfg0A2ieYMY"
"1771750842-320","https://eleveprints.com/en-usd/collections/all","","Velvet Dreams Fabric Sample Set","$77.99","","https://imgproxy.fourthwall.com/JjN_WCdw18JybBfqCAEmJL7t0BisP6XMb4vXvjg47gw/w:720/sm:1/enc/dXMtq8TWeM4j_jgL/XK1IHouL47kAYuLK/PrPDGcBhIwS_TiwZ/I4QJ1qJihDN-5B1M/__8z883UsTIKS1-O/wE6xIgFemGavcWGf/7xECxeBwEiawlLF7/iziqKpVBLOtMybws/xo7zk0JcTO2gld1D/g1B09-V6m7NX7gGs/ZPoTFxGi8pegOQpG/nxXh5RW0EWf-K2wV/iKg2ORR7-KEfQbFz/tPM7FeQhHhAAuVgp/HAQEwNXigvU","https://imgproxy.fourthwall.com/ZxOZ-KGWDMVhcgcy9NfJh3gYOwJcA7I8R3rW_J_4S4k/w:720/sm:1/enc/e7nf6Q4wzQ0KIXvv/HUnCU9nLUfqmJ3Sg/Mf0waR0rJgRmYALA/1Z47W00Pf33Uc3g4/HuHgiC4tx_VH36pn/JIulraYRWZ4JiRmK/D2WV1Z_0qtgSqN2l/RyxTAZvRmBLg7UnZ/FFpxIzwgNRxs29-X/T9jteuB0lr_qV7Cn/mJfNDq5zT1AJyIDK/ROX5o688c6ZqUhRg/tvw1lPSCNBm0_ZPc/ocxh5u1sNk8Iywkc/oW5PHoLlBGU"
"1771750842-321","https://eleveprints.com/en-usd/collections/all","","Eclipse Allure Unisex Track Jacket","$85.99","","https://imgproxy.fourthwall.com/MjfIHXjo8anPuOG-rTgVQFmQ3gXiEHrDUBV8-vxj6hg/w:720/sm:1/enc/vKciKSnVKRDHSQ4h/IcJop8Syb-mC899U/EwsNoaURzAzKzl6v/JQYkerKiq2zgJO9r/SkDqePxIY6pqVHTg/Tz63jcSahTDevWnL/OjgNCeM3_43nYApC/KV2ccXnaRNq5hoDx/mOVILttrrCzuvHqF/OxDd14O_MSQo27wY/tGHhV5BHqhtBJee-/sGvo7x3xCnqvaGMF/D0iEBSDL2xXIlcb5/wn4fsspF1DwhCeTw/Sb7-uB6W8s8","https://imgproxy.fourthwall.com/QZLWq9kVv3pFLGTzm0nnLhn-PKEBW1lCmqz-2qEVcb0/w:720/sm:1/enc/rZuyMqAV_agVSeKR/3MgrY8HHJt2_G7cQ/8667kIOZ5AaIosr3/tc6TFdgli3C5YPPG/b1VepetmQ6VMV7L7/qKgTBa0Rg4UDWxTz/i_6FTtgxcT0oG0If/aST8unun0wRt2uN0/RmbWpQcPCJRyAfPH/OqHYJ_-yN2Ek_QTj/STdTrVCov6s9Od0q/uU-mn_2n9YZrc0nN/EeLU1bqXHkIk9i2M/BdxIhtYCWrICCIrI/OREfS222_G8"
"1771750842-322","https://eleveprints.com/en-usd/collections/all","","Keep It Simple Unisex Hoodie","$88.00","","https://imgproxy.fourthwall.com/hAbwApD9T3osNeLgW_BZez8XwOlAas6YqZNTJ-dwYv8/w:720/sm:1/enc/aqab9afRhtfyIVAZ/Quqz1Dwcouw7hqhG/YY49na3_aiK4-zB_/HB09EFbSfc-4rlfd/cXPfuE0qHMYpPa1O/gGgXw1WMYqhOXOty/eE_icmn3_g9GQy5r/leHpLSc9fFLGCKbI/JfuPYAVP7QdmcCHv/k7R2PkSucFykVZwY/nRzHJLGeqaLDxRmo/H9PCJv8ByUCg7crv/ns7TZA4FX1EvGedL/XlX2wQcYbRu41wjc/qZf1hqrVm90","https://imgproxy.fourthwall.com/LMioLwsU6T065rVQ3iG7PSIaDiLMg9RmAOIHNpWBpO4/w:720/sm:1/enc/3jlL8uiyqm69IAn4/4Wtjpn4wpz4QxRwX/jTWuTHj9CCHq4XbB/ZzVBAKrYc3l9bJEn/E0IuWjwMC8cPD6MU/aWiuhMXcgKXX-gLx/Lh73XNfXDXOUSZqs/rjNG7SG5m8FFuwUp/dg6BpXgyOKN51Yck/Xsqk7m8ymvt39Ini/AF5liVcIt8gaXuRc/1LTxe7JI3D7LDfgr/RFdWiVCSpMrRQIKz/uTiNUMWrbvIcNGuQ/IEm5a2gS6pI"
"1771750842-323","https://eleveprints.com/en-usd/collections/all","","Vintage Rose Wardiere Hoodie","$34.99","+4","https://imgproxy.fourthwall.com/TEqi40AbcsQ9FNAQk1xqUZGdpJhqSJ-EQSmD4gL4J8U/w:720/sm:1/enc/fYJMageAzYnT45Co/I6D7FWqt0ResYqtS/OaMVkH4RF0xZlKuu/DYIQONBPREAdIXKh/NxrGKq9OLMswyxyl/uk951M11X7R5y3HR/Em-Wm_NXbBALndUq/Akdr5_q0Lxcig5JO/lUjwHbMrqEbpGWTd/K6HI4fpN_sLY3x-r/PaAOxbXnsX44e7RU/1W1srYqObnEOl3-D/XqljN7TQiukqpU-A/fNV38KSt_UkOiNDi/9u8jNyG022w","https://imgproxy.fourthwall.com/4lh1rAdb6saoGyedthG2MTjDwgWkJrZ4VztVQpEpI6U/w:720/sm:1/enc/8Wj3M662ZAw_Ri98/f3T_Mu90QKG9lXR3/lIPNDSEeJdEJwZXu/Ymbo5TLvgF8NDetR/ql5hpUHgcRjwADEr/CIP2YYWXqQjJevHl/35TlyFv0xrdFJhFS/VBsfE-qszu9g9N-p/xsMJVBccd7GdT99G/zNpwFFK0xbF5VPZV/0jzOawtQTwvDlN5x/Wy1UxdqaD1kdkJLG/8cI4H2PZKCIwV4_2/Uv2tkOsY_AHV8Lc0/bCLwvZ-3z7I"
"1771750842-324","https://eleveprints.com/en-usd/collections/all","","Vintage Rose Wardiere Kiss Cut Stickers","$8.20","","https://imgproxy.fourthwall.com/22bBZsA7VwjOBDPmn_m2nZ3FjMNTcviyV1opcXluoYk/w:720/sm:1/enc/pw8O1fDqK-mqHKHa/hUl5I5vklPQpufMm/uiw6tqL2_1S8gTYK/MlcW5E6s6ecRzWat/vomgpu96NaEIRgQi/VbYoODgNpM_spiYY/FxQQOUSZ_FJQu_a4/m4MreoW7-JDirX_g/VTQ8Vpr3LtPIG5rX/HMdXLTajf5QV8j_0/6JRv3J4gwcIFVKs5/WufAWT_0PVhY_XFX/_606turRK46cDoJj/0k619uT0W0csguVZ/n03ZOf-7MTU","https://imgproxy.fourthwall.com/QBlXITRJxdk2u_GnMD4s9VaUxqfUf-j0e5DPJ7BczMQ/w:720/sm:1/enc/4Ng8iGulHGHjTEpS/6WhHRr9LmkBlv0OA/kNr4z4DGXzPXyQVy/0kjKmMcnBi3xaSyV/y0CX9EuiDckU6X-B/v5tTk9PfO0706ofp/Fi_WaYMMWXnY9u0J/RqfiEtyyZjavzXDD/Kvftf6w7K186lXea/qrpoDiAt6bb3KYzP/OBftzbbOEljx7hrt/4t1EqPgmky7vhINi/7zjXJohHXpzp7-IQ/9YObLetHbpwC-gsC/fasi3H2mpMg"
"1771750842-325","https://eleveprints.com/en-usd/collections/all","","Royal Lion King Oversized Hoodie","$49.99","","https://imgproxy.fourthwall.com/VR5lcqScpEBg3kSN-GQ6EqJpLIRDmWtWDkHwkXXa8fU/w:720/sm:1/enc/ZbFSTzBT2lWRWlwX/jju8lNgyEcgxwlH7/uoVR-YBYFPh2UAeV/JoWeUs982y3NM5gd/-zycPGAmYeG8Zufc/1QCde9iOX-yo0ZJ6/O1GRkdx6_w5h9QQv/zMD9zI6rJ0Pktlx6/G1oxrfbD8HScbLD5/Ybh7LfCsQGuoiX-L/IDlPXHyRgFQgdsrD/J_cHff29j8wZ2fat/i3ovcwlYQ8IU8KCR/j4Ohs7wwlag9x7hO/m1mnCazw6M8","https://imgproxy.fourthwall.com/DgiArlnWd1UYR87B5wT2bUc34ghKZunS7j0eDS8wHVI/w:720/sm:1/enc/_-mI69wX-7yaA-uG/IDqOFdFN0L3rlK_T/hGwRFdr4hueQEhlZ/YDOqywBe6gEMoahQ/XKprAt6SODez_Rhs/A5gmVy6i8dDK9QbL/KHY5eyqpU5L7A7vB/As9TA464sJbszrlh/iOF-WVBWF0UtcyNw/Z26aZwsxVa92y_Gy/iPou3OL5E62zw_Bz/1SNbt3XgRp9_nbUy/ZQr5JGTR4ipYMCUx/caMLI_wlWre16SES/hiTilaYENIQ"
"1771750842-326","https://eleveprints.com/en-usd/collections/all","","Vibrant India Travel Graphic Hoodie","$67.99","","https://imgproxy.fourthwall.com/ef7N6VVRC2vsBfue040neEqaq7fPJ9NIwiU2c4E-luU/w:720/sm:1/enc/j1ksqWe-EJzFitm2/R0nV9vQQ_u8N2GsW/3vVCizsvsMwcv0Dx/bZi9TuU0nQDZZJhH/QknrNRc4loIXTUVF/Hy60KvunN_ct4e4-/u5rztzuzlfTRtGfU/jP1D8IdOlED_fGC-/scKi06qlyJ_rIlWo/S7AawT5ItzQtggoA/6paDsifXe8ac5plv/hIhAFMqcVSph9BY9/xg7fTtyOBXwkGsYt/uR3ru-VzhYjQuzAS/2B5owdzuzeY","https://imgproxy.fourthwall.com/cPX94d7HzdAbTw1f-K3rHj73bfUovQHRZA_SmoQgcPQ/w:720/sm:1/enc/4dr3xb9_ynOfk_Z9/jSg3t0ryM9BWNhkL/gTsgJ4-oH1FNKvnm/6WvIZY5_qnpAsdd9/zDaqyvPx9uLTGsGa/QRd3x4bm4Ht96IiZ/-yehPpP0Gw7fhEfQ/z_u2XKqy7nQToFc0/jpMTiYzAPBU6FFlD/M3q3f72rOeXEGK8w/-MXHA2zQjB-XK5W2/VGuOQ2uJCmPwraRa/5dRrpNym3DJYSDUO/mJfhoC03kLVjjKWP/coyuGiBzpuA"
"1771750842-327","https://eleveprints.com/en-usd/collections/all","","Limitless Crimson Script Bucket Hat","$29.99","+1","https://imgproxy.fourthwall.com/C8y9uaIwq_8neBr_TW8OQG1XuWWsTTv3Z5ye9wmF8Ho/w:720/sm:1/enc/yrLMmk22mq-n9Ugg/xIPlYL83K1IICKkQ/Z1KqeEBntVwqq6TF/AZf2bwiSCy8DFuap/K0XTCsC0wcHHiKR0/T-zkFpmKeGmhPl_X/SGoqGp5pB_66Q5g1/OJGZ3AvKergaWjdI/_kq54tLyqYWdw9Zj/9tJQFAMVza1iEFTw/w8BKwwHknRCSoWZ8/xo5tgW5QZUlxIF3f/8_F7qbD2o_CWtFvQ/xmomk2GHeZCyWjZa/knIEB0T9aH4","https://imgproxy.fourthwall.com/qxDh5fUm-w_8Vz0MsktDIbvCuWw4eayPZ4LtLcEX6zg/w:720/sm:1/enc/5f-gXJB4qRyl6vou/mWcO3pPW_1yW1Rlv/xx62pd8aouorRkyH/eMc9EOY5p3CNxk0x/FnQrJBO0CvT0nqLD/_ml2JXqoMQM10t3c/YQPsllDvudNDZIaa/V0GvUud54f1Bz6WX/MUFfdjUDKm-LKB1R/ZG4yjIKENTFl2wF-/rCn-IKq5_bnDfBLa/F6PiIdR_2hECGp7M/w2iQx_V4jpDwF1Qx/oXa5n54nflqwGfd_/W5Ennyp2tRo"
"1771750842-328","https://eleveprints.com/en-usd/collections/all","","Radiant Hope Yoga Mat","$55.99","","https://imgproxy.fourthwall.com/EVqGJEWEhS7RyaMZHYIGCV5L4PaFKHLJpzWbyu_p7DQ/w:720/sm:1/enc/ICiwLPg6ebd5dbQh/x1QocC1BhotKNJXg/wkhmOC09MgXqxo5M/Kjqd9E7Mm0BRDrIj/Z76i_BhMoVu_-dGv/SWi03L-x8-rpNpg0/B8NzAuVAuGfPbrf2/3w_ieD2nfydXuWun/kpElDHAUYVoZWIzd/tBgfp_UkiY9DB_Hd/dw609Egq2C6iPyhq/cpnZ7hrRbfZQqi_A/Lq4AdHTzUNMihLok/ACD-zA","https://imgproxy.fourthwall.com/zfwvSpxNhCW5AW1G1k3E3uvcFi1Epsk7MyM9YRJJrS4/w:720/sm:1/enc/ILm0vismQE0WLgg4/an1zVniOZVzns0BY/2VR9iK4nsL4Bi690/H-F-3eWG4XS1bQyK/nHx48Vjm8F62TPPu/rOtpqX3sIiaE5uoR/GgmYHpxE6pnFVYlR/MWPbLiNk2WPJ0RtK/yCVLPTHU5XfRbFif/4Yl_6LLlKSusQW6Q/SfCCzohPLg81xpu3/Xc6EpM76hWzMQq48/GslurO--YI-MK5Z9/zl-WHA"
"1771750842-329","https://eleveprints.com/en-usd/collections/all","","Sunset Leaves Women's Athletic Shoes","$49.99","","https://imgproxy.fourthwall.com/8t0nYdgh8nOd26qHwR6PFNWMlsYJVXdSSeMnXLdCl6o/w:720/sm:1/enc/h1z5ch8nYzmskzoX/Vsr0O9Dy4LsDumIc/SufVLPM2x4yhcHNL/xjvris3ISwsV-FsD/w9av-dN-Ht3c_Y1E/KYp3Oqa1kVWcGidj/SHqDKZla_tj22SXW/NZCdyMIreCrWZkxk/xtTJGYVuOOt__fb7/ejE9hZYmHE11Yw11/EAxwafUkr4xBgZDD/sGmb1xVLj9AkDpEi/kVMDQlDCc7_EXmUu/zhDZ0Q","https://imgproxy.fourthwall.com/PDuDVDAYGCnQ_6-eX0osQfsFxe8Hr8a1d_TIBEHQRH8/w:720/sm:1/enc/6WcBMSClbvui9p9j/vmOH2RYFpU6P-FV-/nGk3B6eu36FkMZic/7ATHObCUIJB5016U/IVQ1RPjz--GbCy3f/OSP7x4NuOgc1kWL1/Anbr3BBmLzigzY2a/dBlxV4mnKzBjqndM/9AKdk0S6uPfKi1qs/fBpsmAYjIebS-UoF/byXDqdMwCtYPBccR/2klitwxgtVUkQmph/ctzytqyEv_P3y_I7/1FqNxBurxxGVWlWK/HwXxO1Bjxhk"
"1771750842-330","https://eleveprints.com/en-usd/collections/all","","Influential Globe Men's Sneakers","$49.99","","https://imgproxy.fourthwall.com/TehVidFRZ8O9ZqK15rTNuuyP43ZNUzIOAoXijrHDvrg/w:720/sm:1/enc/eKLSGMoe9UTXHtR2/WWMqN9-8pBfH_Sg1/m2c0EsAfFk_DmfQ2/7PahwJ7h7XN4h8JV/GKhRkBsS-O8Srso5/odE-ta0ne3aElwUD/jfePpDGc6Ml0IdHi/1HTla3ef1k3yy0i3/8PypvfVUXA3sQJc4/LalZfz30kP95M4Jc/AsWl1P4oZuvWJBfj/u6YBq4X6BU91bfan/3FFAP1Nle3l-Mz_Z/JgAsfw","https://imgproxy.fourthwall.com/aW3Bpd8g0XzblPqqeJzITiJ9b9ldfHS-W4Rkv7TwtMc/w:720/sm:1/enc/1afEG8tUrlxD7t7q/xKQ37a2j_-IAdW9j/zz0vmuCTMmqJ0wwD/_EBHZc5FuUkS4taF/7_GiN4HPUSby-Bec/ODuHXCYCIHMEMazw/lx0-NIBmeVcpec_k/4fsDjKWuQyjTABpw/BsK5tlcTAs64r-Un/gC1zQayjG_T-Kfn4/EEVut9mFJpaa8RVW/jnxYyEjCSeFunaEK/DGC5ZcPe6Aoj2GFs/W8yJHdGHW7i24vbN/Wo5iqjlW__A"
"1771750842-331","https://eleveprints.com/en-usd/collections/all","","Believe Always Performance Cap","$38.99","+1","https://imgproxy.fourthwall.com/XC4VFSa4LLun3jb2AO6GZOdmW2koMRz7kW7y3MZWf58/w:720/sm:1/enc/nQBFalk9lfdIKYaj/mUMMgP8UJ6zf_ExL/RJ9rMNxKXdUiTVI1/dt2RQcjkAQ43E9K2/XqJQekg2sYwhOzHN/-GeNXW7sQVP5El1v/9hykT-wtJOSAQCw4/9zFQmcmjNgUIPw3Y/HL-uV2tYOYSpNrVu/zR5FL68yPtXWnGnM/EjEWOBpPIUByuSfD/3D6FON4jMeQ1Oyts/0-B1EWHPfPSZSYJM/Z7RgcA","https://imgproxy.fourthwall.com/_7dYi5bjVHh5ogNuhB2p6wDFS1huKddrwL9Gc8lgA1k/w:720/sm:1/enc/qeksdwGGAW_51scL/sdCTzXHU5q9ovC1S/xLlU2QSmqm1kJ2_H/5aUTYsA_9Vp6tAZn/-wXBolYNLNP89sAI/4mnhKvh61RcgW0CU/UgZ8XKv3J3-KaQiJ/td_LGJjS1cFpTzLz/vrRacPlnUuJxoCGH/k6Ey-lrDZC6Q_OAU/XcFFZk4_iN-nte0q/t1pX2EBKqCwo4jTk/cxg7MbJt4A3iamNW/sqhq9q8MW-b6-L1y/fMnkeUZV_bQ"
"1771750842-332","https://eleveprints.com/en-usd/collections/all","","Citrus Grove Slip-On Canvas Shoes","$49.99","","https://imgproxy.fourthwall.com/Qz3LEOW2AM6ZWRDUlzKMcAGofZjmTCGyuGpfwGQ5I1Y/w:720/sm:1/enc/R_4e-TliTWoYnqjm/0jE4KMM8wYivwLrc/QjOZBdQA7vjj1cUp/DYRR70Tl4SRINrcx/ONjIJQxffQ1rJjnO/apd9xhxY_FKadXbL/2EBo4EdPDTQIdI94/tr7rvp6Fyitqmwyr/P-pnY2O7V-SCinF7/fZ_33ixXdvXNHsox/IJKRoeCal_JXZoT1/dISCazIyL7YuMYoY/utgZFvc1tTA0A6LI/ggvGVFXSyQnNmld1/SvWJLcDmnP4","https://imgproxy.fourthwall.com/Qbc161324oAcLcLKNneyANrDaMrXRjzdMxtALlj1SVk/w:720/sm:1/enc/hLX1hvLAmPSYKhQu/p3uuqqRQ40pUUOjF/JhHChK_LOmaMOOWL/tde7Tnd0LLWuHPeH/rTvd8RXVT8y-KOmg/GC-1EXrlm_wvDKMF/kxMI9-MPeK7uMuGf/SPyUUxYKpgS5YGCP/INzU7MHNkoe7IGXA/M4NUOmuhIJ09PzHK/qUOlbBCAjbKf8TlC/c88lP6ymv-5XDHvQ/faSCczIojrRHiuSH/O-50ac6UwfVCQrNH/lZxqtDyAl-I"
"1771750842-333","https://eleveprints.com/en-usd/collections/all","","Gradient Diamond Men's Slip-On Shoes","$60.99","","https://imgproxy.fourthwall.com/njGAQlW5YFFR36ibWZ1o0QajHNcJlKiZkl6i6dxlWXQ/w:720/sm:1/enc/YlF2Ek95bdU8yQIQ/ED8mHjlkDiYM_sgY/RMV_EpGENaE3FfWH/wxHAXQwSeplIYgq-/sg0v05_EP0Zpb10P/d5OhLOwQf48PX7DN/BlQODFJ1T1qoXq0b/Je1OGupkOJq-X7IL/p8nqHtK0brG4Jvck/xd0dAO-JvvAQ7CxE/NrafL6zRZWjkUwD_/PdMlvJs_yofU2kaQ/6Af3Z7mmZSdP5DxX/h_o-BtElZ80F67HX/EqjFsnicuDM","https://imgproxy.fourthwall.com/7GFva6uEFrAvHJQ-UqnJSpvRK-dt8x1ShBDt9hgld6M/w:720/sm:1/enc/nC2-mV2CD-xh8SnC/61buxLRTqne3-e40/lg4D0n5vQ15Jz_cV/zeT3rRSFvSUu_M5_/MZyVaTqRm3gw3L6-/7G-M7ad9fPIz-XUW/3ZvnMcxdQeNbg0BJ/XNxLLtaogYuf9oea/e0coZZC7G8HdF36r/cXj-yqN5W5st4476/RLHsgkk2UOV5vmLw/Xv7IsljBIXbHanK7/9NrxY7XNGLFucyHS/ynvC3jTJWDxA9vmD/TouRvsp4pmg"
"1771750842-334","https://eleveprints.com/en-usd/collections/all","","Flowing Leaves Men's Canvas Shoes","$53.99","","https://imgproxy.fourthwall.com/qYc3dWC0rfNQf5pZBGjnxubIASJYXXa54kcNtIGFUUU/w:720/sm:1/enc/vlZB2XoGCxaTymNX/yCaRtRk47dBdiGEW/5CQ3aUebEXx171mM/ax_Bm1NrHzNAwiWW/r11Q0bqxT6FqNPI2/JJtpWjAwzDvjibqC/R3hiW7N9SzRUUUuh/y7xGawkGI8GJxRcs/Gbz6OcAuqGauyLmf/uWZL8tOUSEIYnjvq/9rCT2S6K9QUG8mx_/WDZfPOVIVp-rJNKR/MgXbYX9sYcetyVVC/Jh3WUw","https://imgproxy.fourthwall.com/pP_1g5RbAaSQBs1zKk6F0uxcnLnd2omcWie01qdJSY4/w:720/sm:1/enc/kiXNiRsSzHxc9Uq_/wXc8r1Q-eFUmHcbT/dmn2Hn8RLuRl6hn1/mZSXyVCGrqcHKiCi/snM_t3rxQWoulW2V/ILAJwIKkb0iIf5E8/wG1z3nMHmDX-aAPS/K9KBpvmCCynyJ41J/ax6kBxMbX1Xy7onz/WQJoImlsC4f4EKX2/Qc4Y6ExhlKvJXdtK/ZKSWKAfWkO4TIsye/jaQ4KhHcMRLR0qbv/Y82RFA"
"1771750842-335","https://eleveprints.com/en-usd/collections/all","","Playful Geometric Waves Samsung® Case","$24.00","","https://imgproxy.fourthwall.com/8yDYcpX8bZ3Dj2cZkRmdIlvFhbe2aJHGmiLXkkWDzbM/w:720/sm:1/enc/dn4N-BEf7GBfqJxU/k0BbWERYGISiQcNz/_R3MODBrCPH-2INt/13xXDAboRX2OUn2q/8x2KVN-eHpwt6v5A/rheFn09EAprKhOZ1/D-TCH4w9oICBnU5-/3hUSaqQGFPO9otoO/TQi7GkgEaxPnANX2/jq2-dsFuvssHfOWN/BZAmvyDawbSZgOhw/95RFIByLYkNXTPW4/YEQWs4_ljWX2pbGV/XQYGVVdf1wL0oYjs/NHmX7TFPtMg","https://imgproxy.fourthwall.com/VVMBhW9nkXlQHAC3QL_N6P2LcfQYwqeKFD77gR5zJcQ/w:720/sm:1/enc/cwphmBB9-5Ow4Dwv/bhkR6_sWBNfBAkU7/r_z55LBo_ZhK14YY/g0pUorRKg36X2duV/0VjE88-nLmAK9VNc/vZvEXvOZvWkWpjoB/GrTxJME4L7Q7MU0_/ZDyQXRMceMSHBbth/JsnS7wYH9x3empRe/gza3CuKChiyQdp7h/1_ISYEKoilTpxC9D/yrgR3p3VxCOaC15O/G8g3NSBTuKgitJfn/rXBJzpYj45I-DDOl/PoHYE5QSajg"
"1771750842-336","https://eleveprints.com/en-usd/collections/all","","The Next Generation AirPods Case – Ultimate Protection & Style","$15.00","+5","https://imgproxy.fourthwall.com/K8LFRv68nEJt6MxiIqJsTIwRNsYk74ZAD4eRe4NxFVs/w:720/sm:1/enc/V1XTw4bbdj20FfQu/jURPvL4qL7lRF9ZG/p6lpNXSVVmeTAHj9/E2iX55jvrZKaNhO0/LeB8n4KYKV7XY0k_/qR9ZrNibRFVBuTHR/YkHiXRbQHSX3wzs7/cinmSZz_Yn8O-zKm/bX2XKWfKWNy-ENkX/PX8EI4LCTFQ4cWRf/BfB_fNv2229Wl2iW/31P4K2FmxkwdP01t/SO0onbYusaIEE7Cq/x2OHLLJe14XThk6S/CWLTb0jVf80","https://imgproxy.fourthwall.com/XJmwztDEJQRLZkDkW5KsKGRqxHHLv3C4Rz0NBgmYaSk/w:720/sm:1/enc/T3P6f0NBYtqwBa9h/hbUnhV5MNVfxpf-5/E9Ko6hCnOXb9dx4l/2UZq3hABgdgEElw6/w3tzlM09HvE5S0g_/sqJDg-SIRCWMefpU/IuqL9QfS33nxd0xj/E3AehQtgpPb0ZbL1/zryLweqTJGzqfKbR/xsDHkvOl4MvMyGTS/X-uqyv_yuGV6kBUx/o5fjfaz6Il1WDl3m/eNdqANI_ZjExU0CJ/p60k8qXlpdpJpXUc/uX1JKU2u3Ss"
"1771750842-337","https://eleveprints.com/en-usd/collections/all","","Geometric Harmony iPhone® Snap Case – Slim, Stylish & Protective","$23.00","","https://imgproxy.fourthwall.com/JQYrOjHvgeUhOT2XBLpsYzuJuof7ZAJ3PKcfiFRTvqo/w:720/sm:1/enc/jp3SnHy7iTaUfpDu/pb8uoi1vLTs_O6ez/GVhKRqiARvwpVQDk/2rXXJ0pfHd97uZAJ/FbZQlGt_gRNE-7O9/aB8rzkPnBqhSDEoo/u2PDZCe0vMpYGRSw/ZGmeMzsOFMGqtosp/Tn-phXSI1ciAu_3p/iy0XuZE5t-B-XAMI/TVSnzJcx0oEus1b9/cGBQNbwjyWA3nMLS/z-1oq7VkB9BHqRyu/gaU2Tw","https://imgproxy.fourthwall.com/qKbUwzP5aMmnQAZNyarqbYbTIuX1K1XRAL9HwXsjBfE/w:720/sm:1/enc/4QyX3JCQrfcHfEz5/dyMtRPDUCRpdncnn/w9wArfEWbtXrx9Ln/DGMYqEMgGzUJL074/iD3H8bCt5uLdBc_-/Pe8Y-qohXmAKPjVB/At6pus3_DlkOzd02/SWn530hs3lFanjNH/BAZe17clk6x7Gymu/iNyJU7XkhiULdQWV/r9BjusJYYXqsGhaD/vE_0E4OmQVBH_A9w/_2eoCUWLUf0w1WQt/5z-8dsFHyxF86SVF/j5_Yn3JOVTc"
"1771750842-338","https://eleveprints.com/en-usd/collections/all","","Wavy Illusion MagSafe® Tough Case – Maximum Protection, Sleek Design","$26.00","","https://imgproxy.fourthwall.com/xe18libUjvrfICzwuS_rT71E2ra3wwkwFhousRpndGU/w:720/sm:1/enc/rCbM3f20h82s0wiw/HtupBRzxAtEXsZ9f/afq3SWDV0HNxsJJs/E1RY96dqMhyn3nAr/iwyZpS6O_qr2id-Z/i-C4y2lyCkx5xuF9/XmI3ZP7-tn3D-THc/WOkvQBlYdO4Nfs4c/m-vCUHeiYPiOMGby/kjflrA14nbZgbKMJ/AN8yzXe0SE6m2TGR/fZvrq6zH7j_baiKm/jDf2OnN60oDDTDOG/eN-0xcb26vp9L-82/3BPAnb8lUSs","https://imgproxy.fourthwall.com/SZtro-XNve1f97ctyPDcPiaL6ncHM9LxweC1IBIlRNw/w:720/sm:1/enc/nf0PD341iUj93RqO/8bWKmyEtmmmYKJQ6/BLLijh8EUVLi-J6Z/n21JqJ86IcVPSWol/VEEcXQcbO30EOfhz/_9fCD5A8dAQnrBRu/q1wnLaQBtJ7ktn9_/LrPzq8fNL3yw_AYt/yaKtiHs2HZBb4Snu/PGDK5OJ6rSzoPEVC/aClmj-mMIOYKbEua/cP58TkTYamdhYcio/8177Apl-9LGpivqJ/-UawwQ"
"1771750842-339","https://eleveprints.com/en-usd/collections/all","","Luminous Lines MagSafe® iPhone® Case","$23.00","","https://imgproxy.fourthwall.com/JyJxlUxP6HZQq1OxoS0zSFr3ywegQBHcyzAbuhLEeJ4/w:720/sm:1/enc/LGT22JFd7qiULpDj/AHcLlo5plP6FKMGq/3TgnYHGc_E1o_2lx/VrskJO9yaWBC0c76/tmBPz2hiteUbBIRe/dIKi5X7Z-7dTunJy/WMqaNhg6b34fmkx-/omoh9E7s2QdMKOqF/gt4X8tKOGeNZsqs-/SOv0NPMtcT_n1TzI/sZZJ6QZA3IHECxFq/ixoq4Un0xlqenlku/2x1u4iELUzomTLXZ/41ILXicFiSYIqIQy/vygEtDfcYIM","https://imgproxy.fourthwall.com/KAVsMPiIWRtyWPGZGcokR5ZUhnfFpxFwKFrPOu6ckBI/w:720/sm:1/enc/-d11K6-YVZfeU0W6/aktcjB4kUH50FxfX/s7um1u9bcd9SjFoP/ERG1tKMNcbD8zKkw/KgoIJCnTIVJR_lHI/7ziF5kdaSFHQGKI4/Q6e7-xeVSeN9UW-2/WYJ7p6CUYGxand62/DPVPvkmhY2gYwxrw/B8OE2mZQR9mE1xrV/5X26W4gRzQgEYHZl/v26pKVCiZmjzC_V2/UNC8GGrERw9w3Ejl/cTSH3A"
"1771750842-340","https://eleveprints.com/en-usd/collections/all","","Abstract Foliage Fusion iPhone Tough Case","$24.00","","https://imgproxy.fourthwall.com/RpxpYTZTrhquoXTmweNWezUq4vPNVBY093UGhjeX-o0/w:720/sm:1/enc/UuiBPChVZA1rtcO9/Z8SLqr5ZJCvZ0SHC/vb9qmNErKhBHxCt4/jxRPbd0-MNg1u5Pq/7JQdR82w9fhLjd54/y8EX51hSBCreFlt8/44lgMw3fbR0BNHnS/fj7O6VyqrmJhSR9J/-qF-BNZ2AttA_Wn3/G5W8QP5Beiahum44/Tym28RBYhLLQQq6q/sfndn-dwROpFjzVx/kZRe8-MTB9VBKebU/dB7tXGdf1i7tSd5_/Wmitl0E10bQ","https://imgproxy.fourthwall.com/Is5CwnqDmBt3vbPQ5gbmPByrWExqp5QkBpT4Vi6gMTg/w:720/sm:1/enc/ScBt-zcFTxZ-yeMU/tJ7B8KVXITRG116L/VMd2kyBFoaUe41oj/pUtifJw_v1iejxLL/lFyV2enZkZvJzkYs/cCDqAtxOPSTdo3kA/3QEaSz7440Cp2F2V/lJ6LR6MjwHtPBwnN/SOafqRaiUPKjCFpS/L4JI6F-NKUunlhee/vvFinazhpBe7Jg3G/SBiFu5EzozXtiufo/OVWMrVR1We6cEIB3/bNm8Ew"
"1771750842-341","https://eleveprints.com/en-usd/collections/all","","Floral Fantasy All-Over AirPods® Case","$25.00","","https://imgproxy.fourthwall.com/Zt70RWSkr0jRW2dQmy4wgFw7P3RZDHt2HUyC-TvO-lc/w:720/sm:1/enc/4bVfDtHljTgfBwDF/nCqJC2jQkGbLH1-8/S45pW6vpVb7ZIf6g/lxCP4W-0AjO3DaME/zVUu8ibpW80ftPdo/iAKHDA_A6nvAjWI6/29iQDQyRfHFcXGuJ/weVUIX04ppv_JQNs/3bLwCOguApYSnDhU/jgW8LcWQcK_iDnyr/oa9DmsNlLWMCWP86/KUphIzVSzi-yMVqH/-oQ38t3EqQuRlI3f/ShUCsg","https://imgproxy.fourthwall.com/waT-ozTqVcr7Bar88ZEgxM8CnVmbxI5nRHD-yP4WcIU/w:720/sm:1/enc/2h3UamnWLZEJQmKA/fSKcnvtFNmujGP7a/XmEM3YSGVz1ONniS/e-P_K8fOuajbkjKv/Vf12Ttwc2vU-xKq5/tzzMlPPgDqaQACet/w4qGFC9SuZSGtTPK/wzB7K9vDl3tk5exI/IkTCYUsJknh2AP1j/AghPAnYesRYcvKF6/yO7TCiLJepnNnYcI/ameJjW0y7uiDrtnX/q4FNvor3jX9-uKg0/3ENwog"
"1771750842-342","https://eleveprints.com/en-usd/collections/all","","Positive Energy Handwritten Hoodie","$68.00","","https://imgproxy.fourthwall.com/urF7VputkR8VWymmRzncdLGGGHAGhcrTK19NeFAFuhs/w:720/sm:1/enc/NKqmKhUE--VZ46bl/rFOMgZsV8es_mxHp/RG6-8yZ7YauTTCIh/orHsSSwM-60RQRws/0Sq7SOwQ6G0znG4g/IcZHp5072FVjKsOI/pnWpo-7yRcq55T1Y/9w0oxtxGRnLFRb_C/XbxaO6ufba6-BDoq/WABmfOa3mDeUtKYw/uxxgkWtCDb6U1D0S/brpkAY9RNrRgXTdQ/2ZdacaskoW40-S4x/E88A7nacrKWuEbv1/K7lTUX1imNs","https://imgproxy.fourthwall.com/DAbRJFdluwOi7qM2VX-jF7RFiZsBs_JEXvPS1exk3a0/w:720/sm:1/enc/Zdh2L17U4XkzOf2Z/efqMNrbVJrf2PhaL/1eO2NW-h-Ka-XS6Z/w-_mNsLLB2WSmeHd/ZX5BUad55wUqiB5F/_y6s1lMQHy4aeJtq/8aklzfv-yxdKzm9A/vPzZEMh1rQxn-5d4/K8FzPRmSYT8cac_P/yLcg9hQI5km0CqSA/Vs2aSN_qpqr_0Ujb/4C7isk6SwZLTJ6TJ/8FVRjrBp-tYNwZQG/swLZVC_cDxotz3WK/virsSJaKPCs"
"1771750842-343","https://eleveprints.com/en-usd/collections/all","","Borcelle 60 Bucket Hat","$28.00","","https://imgproxy.fourthwall.com/HQ_BjxyljXXNVFxDPSPkeHf-xdI-ipuOq_p9m7VZRG8/w:720/sm:1/enc/Gts1nZWi3JLUd40q/S3CN2CMCetDDMJXb/KZLNtFE-lG03FCQv/-1QolR2lvBRKaf9s/HO8_3Pg8dpbskSCZ/aDboBqSImmvfWalH/jfyk6bpI2iyOL278/KVqiywpwqLW__LIM/raryPTOKROsi5Fwk/W63w2A5EMyHjrvPF/gtFz6wJ4gvVBs6Yx/fSpQeeJzNjyKy7so/2JlOI7CF7EKI-PUj/WKGfNA","https://imgproxy.fourthwall.com/sdbLEThrM9mBrHJboCQyslHDHs81pb9WKE0wrG4k6IQ/w:720/sm:1/enc/J3283xc4MEoMZZ0F/NG8-QyzWWxbBl89a/zWHoEgxlPsD7JqiR/olZtbf5LMcBVbCnT/lHnfOBXvLJ0y7a58/3U6JUtMa6PgUggNi/z1WfTIQyi5oKKdS-/VZYL8jND_GhKYDBc/NAHsILTX0QPY6IzK/ceOKsNgw0NkvOGKm/-nhZTt184tvZa7iV/OvLmDh2SxD7L6rK1/tlaS-PimY3r1_5RC/ssUu43DDFyRAqSE1/VxCSPivrFNY"
"1771750842-344","https://eleveprints.com/en-usd/collections/all","","Eco-Friendly Skull & Snake Raglan Hoodie","$53.00","","https://imgproxy.fourthwall.com/rNFnnuEV2ikNK0LHikv2GqlUwKJ5VZ0JpAjRf-9IoyI/w:720/sm:1/enc/VlJflLMle7EKxte_/-xhtaF5WHHCz57bf/I5M6NP6iq9XBewxe/FkFqOMSHkl4fFkWA/Fv-qPuufAeQMK--M/b6wZ8c63DwyXIFqM/tqsPwiKpCQTAJ0BW/X68qOaFCLnuzQvo0/Ps0G7yKhibBcFX72/31LrLnGHdkQ3OwZx/7hU1Ft8w9WvNUQ0M/SXoRIUpiYY3ycRAg/WLTT4vgyCvF6Mrjq/fp22T9eN9XjKkaPO/Bc1GMRXzaRw","https://imgproxy.fourthwall.com/8HzHHhqEf0kv7SBhtklXVtlnHmk1UR0FircJeVbA2qc/w:720/sm:1/enc/BT53yJ1wBpHI4D-_/6SlQFmQfnQTu0B-q/eoJN2a-zYRboRw-p/kFFsr3aHWC0B4NRX/_V0m4vBUjhQImKsl/om--43KkUVfIrLlU/Vq8HrVzTAhBdj796/4D-hvr7-kaFDDRT1/Vi_FWdbmIP-IYZ-4/jvEIBllh-3zRCX5r/em8tE8vkliK2ykNa/VTHxQ6R-jIkAnqSv/gNvrnYEdfFHmY0Po/OSbFYfPlyj5i2teg/xmwwwfYWrVA"
"1771750842-345","https://eleveprints.com/en-usd/collections/all","","Bionic Angel Wings Unisex Pocket Tee","$29.00","+5","https://imgproxy.fourthwall.com/7SP82NDkrrh9JUQqxr_gUIyDYF953k3i0nxNvtWhgKI/w:720/sm:1/enc/dW_vkFZedKkUvSX4/PejxELXWfdWPfx3Y/69ICi8L5lHxwBp3Q/2qaDr_Tlxtqu7daa/rseKNTtHjkwHt3ix/CT0Li-t0WRYEa1Fd/S_8MfvObY-7AHCgz/Kzd2GGcUDhTYf8iz/WYz38PMPoOrCdaS2/mcqQT8edPnuYlUzM/_1TvGG8Nmf6i9-0w/Kn0IPupdCVBkABsP/Mdo84FcHifE8AdHg/ZPZVjmlgCx1O-X6b/mgKOugyXawA","https://imgproxy.fourthwall.com/xq3_u9ZhqwWFPzxvmwMS5Y6lINHl5O4O0Wa_5fIDfIo/w:720/sm:1/enc/o7uQvYPNNPIR7SBE/MQLKK59vE-rYwJYd/HUafw-eivm5nqDCr/nGBuviCFqvre_-F5/66phychRt7_CgMuM/gBXBcrNH7GQg5mYj/sPgDeoXvTO6qEAKF/ojUr4d9A4KG6aJwl/BwTRCrGAElSjHrlQ/rUP4GGILomgGD9v2/odFrC8b26pIotSXY/VhB8N3VDbQnfgCJO/aWyy0EVX9iXF4Nc6/6njLaauoQ88ObnXY/UbDNH7rYDes"
"1771750842-346","https://eleveprints.com/en-usd/collections/all","","Customizable Canvas: All-Over Print Minimalist Backpack","$51.00","","https://imgproxy.fourthwall.com/wG7EPuoHVckvxelGzFfCKj8CMEPDxFQ2KTE_u5lSjqw/w:720/sm:1/enc/t3vSyDT5LUaXeAfA/T81_DZVKo7zGcctz/llIbE63G6OP2c-UA/g9cPx92x7qfx718C/StHkhZ-qofmHDLn-/TcDwG8igw5caAe7e/rJ_HIk5xI_k3cvuE/81zopLVCrpXv9ztw/2g0Xzx6sODAmIY-z/kAkNRdOSejGb3fiM/8N-gfPQmeoMLa60H/yfKIdQvnsr9hFyNm/-3geI2D1CpTbpg8j/60MbFQ","https://imgproxy.fourthwall.com/jsVg2rYKrfqe3TTU8fC9DEXM3eFkafpCC5GmMfoblDY/w:720/sm:1/enc/K8XIz7ExuzhQ8ZoD/auearGq1-D-wVDYX/vHzyWDamPXNj-14P/lJbdL9YmlKDUyhpU/ps6Y2qXZddh8FdwS/T25V_VWTxM7cP_2D/s111e8BHD1JHbSOv/reIhyvg1xQRAI6Pl/ls2STZdV1v03s9Do/kNNngB3a2jM3qYhq/2RY-JgwhzhvvEjrF/3yIKt4R5WLTCLwqu/3liZ4bgzxgWzJRvU/MiknEQ"
"1771750842-347","https://eleveprints.com/en-usd/collections/all","","Rose and Serpent Long Sleeve Tee","$25.00","+8","https://imgproxy.fourthwall.com/aXPdvscDrSeKXgQ3T0wPT3t0k_c1TR24RWNlpfE2KOU/w:720/sm:1/enc/Ed6o_mAkHqf_KoGc/aakwwNYtvjf_ns7C/8UP20zd55-PmvKF6/9fx4SOdsN1RXqaIG/Bq8QdliEYUd_6eHU/TeF5bfeLhv1Up_D9/d4ZvqAAVNv4OAMAl/rovhVYBA-Zyr6qmf/NIGT4dDGS6zeIUtx/W4eUpa-XpGm5M-tN/tsdIIv_V-PK2UR-f/EhU-1aZAJX6fVb9G/04zURPHHNr7tIUpQ/sXUqjHj7Pe1mbW_I/GQINzcfex5w","https://imgproxy.fourthwall.com/kEd4Ck3lYd-R7yjW6b_Q_CVLjWG3JB1rFLg0iQaWmZY/w:720/sm:1/enc/wZIZlmI3zZa2la_z/vaQBwNNaz3urXJcN/P5kEQJrxJrs_ib8s/B5wVMipy07PV0win/F1RFdGZep9c89S2B/DdSc-rHRGgn8ij3a/W3CVIdBkboMpMxSd/3BFNSQp7QcfbQxBW/L0uc3xfbUxIdTE8O/qnXSqxVj8CG8j5qb/Gw5J3TbaUhhO7-AU/pxjjUsqrYUaCNtMz/yh-PQgLkxtyYHolA/r7V0Bpohz4DyXsF0/uFZFG5LswQY"
"1771750842-348","https://eleveprints.com/en-usd/collections/all","","Floral Fantasy All-Over Fanny Pack","$32.00","","https://imgproxy.fourthwall.com/gJpHm7FS3cbf_4CWyAlxbX1m-3y8JlQqtpuVV4gopto/w:720/sm:1/enc/505U-3Eisrq49Wi7/sx8ra1AKy95WUrDz/LgBTPtdAUniUVRDl/CcjQ2TxMIWUGIG7_/gc8OVTgkGYfVrnS_/F0CsDrp2CJHLL0jN/9Ml9W3_Vikp7LTs2/MpS1m8G9nh1AFfWE/OFYsQxqar_YonwgO/3Nke00vHH9qCdTKz/5sHVzdYoFyylUgw0/OWuN3Xcb1vfpFCMg/cPuBgAnMMg2YF0Zg/OuUsEQ","https://imgproxy.fourthwall.com/7V3uYKIIA6vS9j-bpzaty_VmeY8g0kBp5iP1NrKEV9Q/w:720/sm:1/enc/EhQ09KmjFrblGVst/h1F7EGsp2mdjE8dB/eLhkNHr2AbCrc3Zw/n7KAriI1rP9btZbf/3O997BHxM64YMzM-/AXxQ9uPx6uxdU3vy/xW2AeHAZfE3ZG19l/U3E_uNdYYjAml33K/GWtMmxw-MPscUxsx/aqCHJfWtZlumoGi8/j8eIY-5nQFjU-oPP/h-xJ_ITIo07QVa0C/IyxM_XB11K7yNf3N/R6Eg2vdQvDXadR9D/mWUBdKT7pio"
"1771750842-349","https://eleveprints.com/en-usd/collections/all","","Rising Forest All-Over Backpack","$50.00","","https://imgproxy.fourthwall.com/hv3cswJ3pKWSXJW1NC0kQmmRP8REz4tLn3pdgepWbww/w:720/sm:1/enc/kxRIicSh0iyL4__Z/0XzPadYgZ_Pi8Rxn/3H4b_jj1t1zPwriB/RgnrwjmKKa0WTdhx/H7FpEgoBdNUOlLaD/mqIT4_8xEGoFJhVE/Cnz-xKmtMARmaU7b/GHAyK9knKSOMJ86G/gkZdnCdETrj6evMW/dJYyU_UeS1Qm7L_q/tlvzv57-UOVAKCvJ/IvoU9vHVln1Wk_cj/FtRQjF99yJPERvxL/zbhA2Q","https://imgproxy.fourthwall.com/b0e2583SyJla9oOUhWgEUFS3rVn3unj2TioLQp_2ywM/w:720/sm:1/enc/0DXKuBlw7gSSkhJC/fAuU5fkIECemKBol/mWe8_idQ5fbHvlw-/MAU4_NyO8CA1W8Lr/ELxI2-5Mc1NAYRlF/DZ-N3TahqZSgf8KH/TeiFVs4cQ3Ewq7YH/IwL5Xi7iT7yzp4xA/Azw5cnQ2qUMSEJ1K/5gVDoqc8322KzKvI/UDvBsn4OHJBxIG_t/DCGAI17KE76LujKp/eFHYJt2tlWUE3ZX_/oLQsZQ"
"1771750842-350","https://eleveprints.com/en-usd/collections/all","","Dark Elegance Crossbody Bag","$54.00","","https://imgproxy.fourthwall.com/wUoFCuu6NaImPInAeWBc54n81gDn-Tc4Zn1b5oAZw7c/w:720/sm:1/enc/_GmdmgLZJYUQGTCA/57vPEIzD-Lk0RwSk/1eH09OrtOHgFCMng/yMdgphOwDPQgmfye/fxAR78MAzc9s3uB2/RWnmIo99ZFzzFZ2q/Aq-1_ed_ohAbbSsW/HOKoG6iRQ9BIU_Om/YeEABLAFp8dM5TeY/z4FyXfextmNH3vQ9/uaoPnqH0ts4z0Ilk/0nuUwiTwgNHNveMN/Ep1BXPsEUgzTE84n/_k7SmQ","https://imgproxy.fourthwall.com/2Y-J5-sVC-JowyBmdFopUzzq20sIsY2XvNTpzlLIV50/w:720/sm:1/enc/L7yDexzErRd03sna/aPin8uDDfj9fhN23/ObfegeZvcAUJ95iH/gIDba8BEVWQCG0f7/vG-M8e9TJ6D-H_MH/xQdoDi_Ztur5NC4W/1z_-jJaxFM0QUZ9X/CbrCl1tQqUQsVqhQ/9wKnoYmPiq7wHNLW/nInhGaRtjio4kalB/EXzdhhSpX6TduXLv/VqhNMwKLCkglyVRL/WDcGLrkM7_aa5tlw/6QgpXQ"
"1771750842-351","https://eleveprints.com/en-usd/collections/all","","Expect Everything Utility Crossbody Bag","$30.00","","https://imgproxy.fourthwall.com/UQUjEpj_VRb2XPt93mK9OnDZx-mp0bnJRwow-CEEgVE/w:720/sm:1/enc/kj7bMDNHb1hWDn4o/JI6kqVF85K1-BRTF/rJ-BYfPCI42nHRBA/oPizpzSlyY6Rvpth/BsVphHESIHeZroSI/Zl2NQaAk0Tk8NQvI/LMRPMDpxAJPbE5aL/GD1BboOxK-3lXW9G/Sm1B-ExvAJaBPwOQ/dTRnQm_6VOAUqsV4/fIbL8gNmtXEOiru8/eRWSnF7gbUh5PhwP/g6TJxvY4syG0TQkC/sC2efQ","https://imgproxy.fourthwall.com/eGdXgLghrutnET2RgqaQinBbVFl9w14bu_xwnbcuvMM/w:720/sm:1/enc/crQD4_PPJgcILjTT/rUNwkgSTJ9vqzCLo/O3Sn5J6ctR0KY7B9/e4JFt86zf3gf20A-/ZkujQzGhBuSr-Zcm/lWFEGVhx583RfOiK/xMmd8y99E_o-BiJ7/UXo440ch6aGg89xa/8-C6Fq77Wjz4GH7W/WgqW1utBqzyieNy8/auWPIGxAPW000bTH/2-oe8rTkvPCa_L3x/Ora57I--Y6cYZVkz/fNnC6A"
"1771750842-352","https://eleveprints.com/en-usd/collections/all","","Ethereal Serpent Skull Neck Gaiter","$15.00","","https://imgproxy.fourthwall.com/2H7DPttXCi7ift-YnTS_nPrpII75eOwxXApAL_tUcoc/w:720/sm:1/enc/Dl31qTBZZEhJHE4Y/O1NPkEbW1W2WxK7V/mRHWAS5UBss59ibz/Vnow9kOkWdcPKNb2/xHFI0Ax7Ti6McldZ/UIEpoRROLLyd3I1s/bVb2C47EiJMjF8Zh/cCPNvPDbtDADcLE-/fDBfbF5MChwiiGEf/_fLErw4N9CbeXxdC/Z1QUhFcPtIEpz8if/8eTiIHV9SR2jtCWL/1zYQSgtXGyK3SYLD/9KDZRScyAkGfuX_m/gUMBoxKJmHU","https://imgproxy.fourthwall.com/2qhUVNF_wmG0HxW1pu7Y2a-4RD6ATpEhn36rXZSiwzU/w:720/sm:1/enc/AklrFQmhbfymui1M/H_uLOTMfsEmhKwXX/HRCcX8AajVrbeDxt/Dd_O2CsgOT38b7eb/jvHsVpKzl8ML_KqI/fVbVvFFulKow0f63/v8N5Q6sCdYqKen4k/obqATGoS2EX2Zo50/-IPLsAudp9HzBQzp/fruwpi15S8n8QcvX/3GLTCsr1QC45bshp/9fQ1IexXHnjU4Qhg/ulKMel9V0xq3a7i5/2SwXFyQzI2YiZI-t/WrepTdTm_k8"
"1771750842-353","https://eleveprints.com/en-usd/collections/all","","Yours Truly Premium Hoodie","$34.99","+1","https://imgproxy.fourthwall.com/iXv6haUOvClSr6ZIo2W_YIV2KpV_HxmVF3px8wJrWgY/w:720/sm:1/enc/T9VBRssZqrF2Cr8n/7OfWtmhNAl_v3VHZ/nvVvBPCge2Yla3NP/jjDMcUpWMHQ3fz8i/dQfFOi9GXezkBUcN/DLYbISjYBFMb0QX8/ek_jpTqGIZXQJDi4/P4vWw9z9CR_Uqr87/zYDVTeoXw3Zw327V/8rNQ7iTA8bZzzIC6/LQnkiojeAD3PikWA/JHeMzTg6dy7LIx9M/ws6F0dUszykrwMzF/vhApJ2MsbPgouCGv/UkNJJBpB428","https://imgproxy.fourthwall.com/jVIgRzWgpKwQWtcc8pmSZo9icT92QUy1FglavRaZ7nY/w:720/sm:1/enc/55kru-BBqP5zNOmS/GO4aeUMLP1dkry5g/zoIgtpvny26EAKCO/LRvqOvFquKEnjZ3M/vPBM9XolKoEq3BPU/Fnk0c-UX8kPwdm-C/xXV7A6h1nR667EJX/IAuSh91rUjdMadZq/rDuYEhpITVit7VDe/_Lol2FkYOC4tIK6G/fDPNj8APX4wki-Cy/KSZqei7kL4_ocfcY/svT2knS5mFVYNdIO/qFjVmOj5jLAw900Z/ZN24p0MjNQE"
"1771750842-354","https://eleveprints.com/en-usd/collections/all","","Yours Truly Trucker Hat","$23.00","","https://imgproxy.fourthwall.com/MIPXvt9ZBbprC_W9bERsY9xI_Tb5DFGuaS5kwrpOStw/w:720/sm:1/enc/E5wV20ATdLS8R72l/udp89wD7F8mMlKyG/-hE-XE2N6tmzEtWM/skGF_GgXLvr125hk/V1PyuLNP6lG0gi3E/qNHxXHHo5g04iKvi/IURXElY5l6UqW03U/OibDUN8AGRCPW4yp/6mGQUZJ6DGCdmWAt/FS0GZ2H-tacF5IWF/tNf1phmCOU2HeqGO/DDdTrJhXV0zxo5Ue/To76sK8pA5b-JI3u/NZ8YY8FHsELZW-CT/1DmdLoDwO-k","https://imgproxy.fourthwall.com/8l0RWGSfi1g1GaN4GHPFXvm_ZkXRZ9-nm84tDunHAsw/w:720/sm:1/enc/Lq-PEkPNh4vkqykR/RQiQignRy_e70J34/ZAoqwjKRNbmDmgqp/0x6rv7Ly7k8vQp4C/uL8c3uycfc4YqBtR/yUNtDQkFpTqlU06Q/4VpFfA4I79uFUn8s/qv-UAYS1eIWtZEiU/16fqnSDHD8voZ2YO/FY5b3pTk_PSyygoh/ULzsWhoFHTt2ERPt/_ADLJXuFVPPfOksd/owxvw63Mjasp7Yd4/NDM0Ahl2tzI37Nar/gjKKITH0p_Q"
"1771750842-355","https://eleveprints.com/en-usd/collections/all","","Eco-Chic Artistry Crew Socks","$14.99","","https://imgproxy.fourthwall.com/oDXjdWh-e0f3nexF26v78Hd3jXo28IWB60fEO1GJ8AQ/w:720/sm:1/enc/VlyYqc1WzFTaXl2-/IJInvMBUdY2rZfgZ/52R3CboRaXo7XDVp/eTJ8FrW6987_Mj-L/VwEZuFPZk2j-ptyC/GnD6FpdhXbf8U0BE/Rp4m5E-q9fl7oMbb/2l_43HH_EljjMbyt/SQVD8swiGDRlGEr0/MJz7tVBBcBx8zmXM/gm6UIFzOmatgkkPJ/-c1H3lVKCP9WcQh6/k_vs9sc-Fc_TMp1d/33TAbatBjJzRufqw/iTdThGcrFG0","https://imgproxy.fourthwall.com/QGtk9pactNlaEvfhAZiQXSr92eoTaLWTn5W6D0gEH3o/w:720/sm:1/enc/xuH7gaSoAAdS4AZ_/fvLq2o6ozZSocj6S/Tnwa3WIp5JE-MV3l/PvYlD4YFyfCvhuh2/UNm1H055Aak7HFXV/ZTwtKKUbgNNJNyPn/Sq4Y4OlGdG2EyOCf/HawC5YjJHeMYCtAR/kDAAjVk9nZHPA_Ku/7ogQqw43UMmyYU-Y/63sB1Mvv6mtkpncg/5vK3AloJIMkZdhfw/HvRW6tALI0zxIViF/j7wP614pGi7ApyVd/mMcGy2zZJ-w"
"1771750842-356","https://eleveprints.com/en-usd/collections/all","","Dahlia Dream Crop Hoodie","$49.00","+3","https://imgproxy.fourthwall.com/UADxw7KvL7NLZ0xaBFz0zJkMWPbcvCk-TmoIdyvW6D8/w:720/sm:1/enc/tAjFbTjBkOX7TsAF/rj1mhE9bS5f16bjW/2h77wTOG5NMSP0aP/E-4iy36INPjubleL/WdUW_h7Dmt5bSl0R/tjG_wGub_dW5vkvb/RyOZL76VssadVwvQ/IcEgqY3ly4f7hPv9/gXFn2vPPfEgAmy2W/pDqagmi8-kRkCrZ1/K9884NaH3vavxsvC/IdoTV-RLSkNdy2Zg/g10RmnC81Xe_QrGT/WTGO7y8_JQu-CGwi/HbxF7eq7Jk0","https://imgproxy.fourthwall.com/EKbnQ6EFDMrh4upPgw07sOL78R5VTPeefvLpmWv0hZ4/w:720/sm:1/enc/HBC5MCWwDz1DVp5w/Sj_FqPP-nIMWYRMw/GF2yrknjL9A26MMh/wsc4ZcEvvWeJFy26/nYcAegsGGJffBV7Z/-9eJ9x523UWvwApW/U82w0MiawZR0G0Gc/FzVXFsHRbKYRh-dV/3qJAZorIDOG_zbdA/Izc-WThsbDuBj3py/vckCHD_sSW0LDmY-/qa2RB-7thmv1fN6Y/kKHeZ7_4Gd6iuDJh/eOs79tXOWGG-czOI/-JO5T93Bzgk"
"1771750842-357","https://eleveprints.com/en-usd/collections/all","","404 Blood Drip Cap","$39.00","","https://imgproxy.fourthwall.com/-AqSKTdCwUK8M2Azv-383q7BpJq0A36KocaThd2sp4U/w:720/sm:1/enc/aiRkIhcUywY7LGYw/_cj_rtfie-Agdo1Y/sSHcfK76lugBTTCF/4QlhXaTbBknPAmVx/QPfNDc2qpIDLoxtI/-lWwPj8Ef2CwrrVO/RAhc4zp0MEhD9XAL/n1HCZ0IKBj5nXXSO/bbWvyHxhnHNfCfV4/wSp6FsAucltwlYIF/WvoK1oLTAnMW2FJp/tT8KQpdjV3naPSXG/w9--aFrJJ9NCut3D/ZXdMMg","https://imgproxy.fourthwall.com/WOwR115FwgioD1F_K8qdr8lFhNV_nlypdR91Bd3j-cc/w:720/sm:1/enc/8IjzL_AgqP4E_vij/fHLm_b6vD8zxfnQq/T69sZHZQo8kaqPi_/GtxSxcG5z1sJkC3R/mr-inAQA324fj49G/FRVIMIcJVbMvFPKo/ELz7fkcMoBjsLtCY/UNcR9yIdmRHu9UQ2/rkaolOmBXF51gm8E/qqkIDKiBPdBUQSfZ/-b6-OMlDrKuywSBd/Tp2coUHVHgrpTrYx/n2AxT2UCZAe4q4wh/Md-0ig"
"1771750842-358","https://eleveprints.com/en-usd/collections/all","","SHE ART Desk Mat 15.5"" x 31.5""","$23.00","","https://imgproxy.fourthwall.com/AOnRfMJtCZos-7WmszhG4_9n_sfBf68QzGUCJKtCuR8/w:720/sm:1/enc/_fljtZEhENkIlVBI/0Dm4WaoAovKJNxyn/OGr1ehvR6JiYdIDk/g7fCLHOkw8kTpsiF/kYKIdy1reMZijrMC/rA2bXVnxrpO6uk8r/i2N7waHLcxfK24Ja/KaBcxzozAJ4XuWkb/J3odXJUoY4e3KlT4/dktAbEvzoQwgzKH2/AVlagLcIQnQhyeRm/xENW4oRZhG273jeV/RIdWbxsF7QKakGqs/Cq5zcqTqEGQxaO8T/ZxV9HsArktE","https://imgproxy.fourthwall.com/iLZ40lXo6oOiomaUVuwgdR1rPm622HSmWMJVp2F8__k/w:720/sm:1/enc/-PR7xmAG2c_FCn91/s2gSs4yrvX8th9ky/f8JgmcTMYUAPBS3f/drXSY60La2ej1tr1/EXu_cfTiGM3cQnLF/wG3H4eRltGdRWCpb/lkejQlMPDVZLHBug/7eG6g4PGVhAzA8lD/u0vtH-OgArwUv032/Rdv-gNXV-D0Ef76p/tVadJoOn1Pkr8oFn/hA420YxfLYA-fsKo/53gnz3tmYZ9bpO82/lTjoCYLpxaBFouxs/0drY35QAlIY"
"1771750842-359","https://eleveprints.com/en-usd/collections/all","","Urban Exit Unisex Joggers","$35.00","","https://imgproxy.fourthwall.com/LA7pbUNmqW4s8kVj0Sgs_aGoilZouA4t7h0THFx0UZ4/w:720/sm:1/enc/3rptXOmFFGLGvHyN/e8o-KZ1M4FAPmUhN/yrVqY0oafAAl1wC8/R7PAjGot4oV5poaa/9ZosDAumoE-q1wg9/FrW9pPl4_09uMh8u/t3rCbiuDkmksi26B/yui1CWM5TnfdIvB_/BAYpIjoz5LHqdpFE/5nG-AB458WljABXI/5JRpbnmTr8oKm6uo/l8v7LC2WTnKQzPTP/pKnSYjFObnDT_x_4/lcMA7XIaiyfM1SKW/cW2RVNcXUEY","https://imgproxy.fourthwall.com/bfgLjpAwdTxkLpsKz5PRZAEZORjNJEO72zIMa1h9KRk/w:720/sm:1/enc/YcLygDSPOeqwQceh/IHSPmpoJsG7H6PVH/s00qArnFNjMvBmgM/tReuRtx0PJdDBUEg/f0sWtLnwAjmVsggX/BaxbF7a7tucUdRzB/A7RbVFvv8gSOzw9f/4djHw0M9ZXpJ5Bfc/PUY3AaZnxEZ8BcFF/qSr1ZYtDC0ghOFpZ/MgicXveEWpQHDYV9/hHfpznjF50QPyJo8/cW5J2lk9r4D9SqVU/Xh9O5WeGIXksJbRb/cENReWjbMVU"
"1771750842-360","https://eleveprints.com/en-usd/collections/all","","Vintage Classic Car Sunset T-Shirt","$25.00","+10","https://imgproxy.fourthwall.com/JLu8dYIpO6O6whOG64LBIFnX-55_HdykIHEFAlPoKN4/w:720/sm:1/enc/U92_px3DbYEF_xDy/1r1_USHiPpNJz_Dk/-DbGp4YHDIBnSQaL/2X7MGCBNB9uoNUxT/KR_g6KmbcDVXY6IS/0Dbyr-jCCsr8GQ8K/MVGFnF_OO5MINjxL/oWuzLq3NE403P4WU/kKQB7rafwS3szlAK/T-RyJdocLO_8hP3I/SVjVzMnQkRF1MjII/ZdQVZASIbSh4NyIq/mJM6e5hVWEl0tjSA/C3ncdK0Pn8qK0O-Z/pvEQ_JC2NFg","https://imgproxy.fourthwall.com/QDIzvNUpTOMi2iLfHyM9vwOZpdgYQOTehMgI_VORhuo/w:720/sm:1/enc/l6LJI6MO49c4owug/4EB6sTXow_v5prGo/QKEB-GF8XFEpAUrR/1RBXAHFJd9rP8yzG/gGRATr8J4wBSpGTL/Q-q4YiRO8jDqF1pD/j4AgPA07XvIzs4F3/V06bGJstnV5hV7YS/gziZAyWwUuPSjYlE/5m31zGFG4RIJUKy9/LelNoDc9bFnBPxXu/kzh3yRVGMoDRTTet/mHUvlakKp-chZ5Lo/KVbv5aANyLkGTMX-/O-4oNQppe_E"
"1771750842-361","https://eleveprints.com/en-usd/collections/all","","Colorful Skull Cartoon T-Shirt","$15.00","+3","https://imgproxy.fourthwall.com/wjFgFUwhZ27JBeSJ9tE9reEJ3bdRYT87ZtnwegG1Op4/w:720/sm:1/enc/TfpJWGInUeJlRkjY/wVQgPMiMg1-UiaOm/j4oY7pJqDUh3-yFw/m_bh-ZsnkPnI_038/XB2VMnRQI0fHg739/aGw_1ovMfNACuPAH/qqJi0VsFkDtdoN1i/zu9mzB4-29ckfEBL/x5xS9LHKm0DNuJGF/3mhZamHoUGWtbedM/CngGc7zOHwejME80/7kqmy9_xyG5rp7Nx/QKLYwR6OMR4xoR9Q/iXt-4AmNU66h9qNm/Owx0QPdcrok","https://imgproxy.fourthwall.com/aQKnTWuICPrNgO6sZC1sOuMq5vCg-JYey_Bv-ojrjVs/w:720/sm:1/enc/KjDQNcR5MsSS4Cds/1KkOskuGO0rNNeZx/OkKiD1mWUYdrIFpP/t6e1jBs5cdq1eT41/uAHAvYDDI7_sjqKJ/TrpNfIk1hxe8cBEj/TmYHAm6yHcQD9HVb/C3T9o05ebTGqMeGR/ZDqiDL0-0Aho07IJ/t8sVoxbVy-9Jpbt3/iujfkn1crO85hEKf/7oWpVuB-afDhH-BV/4XNXw6uPG7Fs09m2/o0TIXf5hti0_6xi3/Qjbq6-RuON4"
"1771750842-362","https://eleveprints.com/en-usd/collections/all","","Royal Glory Paint Drip Hoodie","$35.00","+1","https://imgproxy.fourthwall.com/5cJd4Oqw6I-2TmCGkMM16ao-9E8yCLY4mt6_pPiq9YY/w:720/sm:1/enc/0kfQVhyQomD8mI4C/mm4-eqZKfOYAGuRG/fl-7Yaw6ZuM9PBtJ/Zumm8dWcnb0R1FFN/900NUJSJlFvdKtW8/puGJ6e3ybtAKYZ_6/78PlmxsyqijjUL_w/8CFESXPD2IvBxcUs/xKP6T4B6MjJcW-Sf/BM9-akaLEkJebZVd/g6W7AwfpjCi9z8YP/MUZhRH5giLGDsPWN/RYMFVQi2eAJmNyJb/t0SrrHM6lxQzFT1D/VNmEsK4ugB0","https://imgproxy.fourthwall.com/hTH4UZJ8C5QY-O8_W1MVXj3JCXSMvOCgLFGetLs3A_g/w:720/sm:1/enc/TikDfXC8RQG7OIki/eRsr9_wld23B7i1H/h9N67r3fy-owA5X4/QgJ4QPT8751ClvHI/IlJQHGkMF7pZW6Gi/XZQR9IxjDq04RmBh/yKxoILDpW2tbTWZQ/ni7XHjbNoJiYhRAV/36usKAU0xwBxu2k2/M2S40Iwq0649Dk5j/dRtcl1PJlKgcfEme/G0tk9uQzJLIXyWBa/ROzFaAQn9lTxfdoD/Zb4cCYX8uQGONeHp/cm5jF6xPgpo"
"1771750842-363","https://eleveprints.com/en-usd/collections/all","","Elongated STRANGER Graphic Tee","$26.00","","https://imgproxy.fourthwall.com/QzpSHkEbH7mSweUvzkM5apjKXK2OSOURi8zLivRgaXI/w:720/sm:1/enc/l8YaskcTrRshISCr/rvnQh6wEumn6Tqwv/QiFUJcTrZghJZNrb/IPoSsuPlkHNC1f8q/xBfoUzw7sBOfhF_j/evp61Z6bkLF-dA7Z/nPeA7_VbsfOxbmxs/PgWt24_mF5VbjuAB/4VfGSQX_vJs1d5T_/S5FyeMaBzZyBYjvZ/m1D6rLSfnJ1j-RbX/2tXQp4944T0aqPSt/DHltvC7_M0UuZrKx/k8STW24k9YJ5EVHi/AdVBmPI9ido","https://imgproxy.fourthwall.com/_tbA2k2_N7q0QCXqUVPX0ALLO2uoRiKxqYRgR1mmzl0/w:720/sm:1/enc/dfbX2T4_cWkcmZTX/uxqADkogED7mayL0/odk5ejWhUjxBCJRg/Ny-rUPwRUGFGTM7n/cV7z6BNHNGA7Hnmw/7nrf3UgjMJFiWVAL/e_GAXjCIbV8mJm2w/M6Z29FRZpJaHRl0h/mE5CGPZD-l5g6l_6/y7Hf_4GUQfElrPd0/E_nsGcAH2QUxz56P/wOTQYLYcTd_t7OiB/DTg3ziq6cnrZnw_C/RFmLiMxvuFyThhSC/O3JjBgzNRtk"
"1771750842-364","https://eleveprints.com/en-usd/collections/all","","Bear Silhouette Insulated Tumbler","$30.00","","https://imgproxy.fourthwall.com/DvthmuE8ad-W75JEB4bTjP4c85oJs6g1jIQnfo8c6rs/w:720/sm:1/enc/f8brJrdZPiNAbmMr/wSHRPix4eEs_b0GC/W4y9qoKjQImLEWGi/n1C8p8X52sQzn2CN/MuN-n5KewBVHkrli/PeSFSVTR87_kPrj5/e1xQjigI8IuEu0UW/7ZBKofIgfZ0Wl33Q/hZKTxOoaUtTXdUhg/cXw6FH4Q1J1jZI5h/Sm74tvrc13Ae8jUA/NMn5h2QSEPM2XTUE/u9V3GQTO206fkFjg/9GtKYnagRgDN_k3n/USm-7KHLhE4","https://imgproxy.fourthwall.com/cK8CCYrYWEy6Y3sfSfPkoVS9BH-zkZNAud2gAi7LlvY/w:720/sm:1/enc/gp-_BgowK2c4zBPG/eiNykykalqs0Uu7f/sGulTX_cpSjafRLb/My_2zgEkfPtaP7sT/P72EUHGT4tDLGsLE/J_Gwbbsa5vUunTr-/T991Y20JBTuzDbin/TCtNEtcWQ28g5Ner/C76_MKpbF534K2ob/BdNItS1dr3RD59oU/iO7U2lx2WWotyKdj/F1DtfTxZ6wjvlX-2/Fre77RgzjZwmH1QF/_MkBjXslFA7Gobbs/PDXK3giWXX8"
"1771750842-365","https://eleveprints.com/en-usd/collections/all","","Elevated Hydration Stainless Steel Bottle","$32.00","","https://imgproxy.fourthwall.com/R9bcJTxDKf70Xu5fK5cJ7eL6O3pi0ZC_vbmAYa4vNw4/w:720/sm:1/enc/sQTFZYmVJ6Law6Gc/foPIf-qzmicbMwMI/pJrb5p7DUjtI6lDJ/hywrzEbN9WDcmI1j/L8dKl0BLfBaeTLXh/qK6kC9D7MBfv9f7f/0mtDCLw1TR5FeJHv/J_8Lho9rHOF8Nw7D/dZBduCI2BM6Z5Gi9/PgSe9xIhLMM_Pv52/_MYPZcSdg9XTZOAZ/Opu_Pc6ZJVfVlgkm/yE5O4vqnB-vQgmT7/0jGX1T9G0Hf1w3_K/mTMq3gYKT18","https://imgproxy.fourthwall.com/isswytDDEfXd2Sx2FjFCBY1dxQeK-mPSCMkhfnfaws0/w:720/sm:1/enc/ooYBUzzfJ5SexFsU/VxRiyphtZW0qQonj/-23_YhHV-4BUrzmS/hJ22caMbXnJBpttV/IBmro7isb2jtUTqL/Ebt50BuMOMEhPRGt/9eJhhwNlg9CjGkUJ/6RiviWJz-zJ07E0x/rOpXTWsp3dl7OH6h/qaVsbYjLgkhkCnFz/XGbNW2cxRBGkhbiw/m6HC5qsjJlgh5GY9/V5GFmHLNt1l2tc9p/hWaMr0NmR1Xx-US4/iDkpHn1Y7Ro"
"1771750842-366","https://eleveprints.com/en-usd/collections/all","","ELEVÉ PRINTS Stainless Steel Koozie - Keep Your Drink Cold in Style!","$27.00","","https://imgproxy.fourthwall.com/FwujmR57F3c9rHJqtSGt-lgc-CEHCqBe5BbiW1oG_zk/w:720/sm:1/enc/UyFg6JM3MJCMrcFY/kBjHik_n98gClY8q/hodEVFSrsHY8G55g/hje6ZODZ-3mqbeD6/KwiRS5C7moNlItFS/KmV50h0aJWQwceA5/5hSpLSlBm3Y4OkCr/-J5c3ih41P0ed_Hm/1d5c38Gm3ktQs1Ik/FA5XflOBGmGmcyhm/JCXU7PwWqc89rVJN/5wvZI2y9U1Tsky9z/G58OmOLYgl8E2NOK/38aBtBZxRgsn5gwi/yoR0EuZ7e8E","https://imgproxy.fourthwall.com/gdIGrWexGm1hjzzmdcWFjP3A5CFmuQdeg0KSjqLy13M/w:720/sm:1/enc/vskNvogUh__z_u3M/wQ1wiufoivOGLRgF/_7V7Qcbzn-4mQdXl/xCL68RjogNv3m2t1/J4QfaSb_4ccmiF4W/Q9j0GUSu4P0iTM7t/kfQ9kxBNLqyNqUro/7m2sb2x9Mo_nqclw/XO0FtDWpjd63-aUa/Dhi3tcclrEFYN8D4/vyXd48gB_POSN21V/8IAtWOjfwgZw0fB4/k3i1UAhdLuikNaz2/JkUW7qLw_8Gvjmw2/K4QkIZuPasw"
"1771750842-367","https://eleveprints.com/en-usd/collections/all","","Dynamic Generation Tumbler","$28.00","","https://imgproxy.fourthwall.com/yg6of0SXaj8tNTestMg9NS0a0E3Cw1sgDb_DpPdHENE/w:720/sm:1/enc/231-GIIDIqNJbwNR/CMBaQPEOXMmrNnra/SnPHC4zf1bmuSch0/UmpFRK_Z3YCJwXUo/NneOm2cNsqTQiMAC/r6S97pusmE3zbGE9/O0OpcNP3z5ZdYBOt/OPZW87UaYAjMoumG/0JxjVJuyKTmZz-5p/r8ZCwNnMOYfKk6aE/spI9H7Rw7q3gvP_m/b4Ylx2Pzzz08bEi4/os6blHgtSgqWr_LC/owZ8wljp-GEf4duY/Dm-gkWeaNJ0","https://imgproxy.fourthwall.com/N5MTUtinNox3wdNwR__vwDiBgIdIwDvy94MtBGP_1FI/w:720/sm:1/enc/KY9HwNnj06-5fHPU/fBFo980z6Xh6MX-A/BZlVGkmxYdtJreBw/qr9tE8PstrniSQTK/m5ZdW-ntvlggmxeb/CHln6ti4rmN_vOwW/A77Db-qS7XUiC7y6/iD4rTb3EaUovu7Dw/q_GNN0VBtXK576JG/R_C__Xvo0cIKvxVS/uBtw8LnCzUurI4R2/J_w2jGUikKXQSRmX/JVqFSLT7HugRmzgN/-nzuIk263LclDqfJ/Hoy_s6A66Ws"
"1771750842-368","https://eleveprints.com/en-usd/collections/all","","Elevate Your Drink On the Go","$30.00","","https://imgproxy.fourthwall.com/Q2brNF4PYDiYnKNO9ep7q8MrHXZXAqBUPyur18zHf14/w:720/sm:1/enc/NBqrTGafxjyugwXB/yQPW8MajmTa800EL/Y2WTvOjslk8I80Fz/203l2fBxVl9hkAPN/Ou1SaKM2WHG6GoWK/INcXyq5jVoKo39VI/OgiWq2R2RIGTj0D2/2Mdvi_Y5naJonsJO/Ei7BWhbk3J0J8Ity/8F9ItHfnOUQYLrvp/RzkmaNOaW2uX5lnV/xjSefmSZeZ9KHD6E/ayalpXQnNg_I3Xdk/G1c4sw","https://imgproxy.fourthwall.com/hGUZm0ENXiQP36cOn4q_V_p2vRBv3ZO-avvu250Tn4g/w:720/sm:1/enc/ltappsEK8XFSrp8h/ZeIZCXE8vyhbgtiF/KOANd8B9jaRWNFAm/YU3CkkAnYVLLHu4o/m023zMQtMyQDjuZI/1tpvKCCfazaH-oKQ/_evpA4BQIwzZ4o8b/EMngLHPEo8ZMGpWL/au85lXpO4upHhMii/uTMtJtVOGa7cm5k0/MAPo-_lBJEn-QNb8/yMyXzEj3qUk1VWVD/zf87nFcAcmgJXQ1F/ob7KLQ"
"1771750842-369","https://eleveprints.com/en-usd/collections/all","","Vibrant Generation Stainless Steel Travel Mug","$27.00","","https://imgproxy.fourthwall.com/JAJApUKW4SZP-DEd7csgj1cyhjayJX5OXQChfXIdr2U/w:720/sm:1/enc/cy6hY8JWom2BWB6t/ejP9TpFNbtcgFLLT/lVbdzJjA5K8IB6bP/VtRJlkzAwdpALYPO/iD58v-fajgn3_lMO/LwHoXhRq2OiIRHnl/r3_eOHKFOl4c7Nds/SyejCJjnMIhi3-M0/c79vql4wqTwCpObi/8qexKrAkuLesBwos/C-8lxxJYLepspaEK/SjGI5Y3FEEeM7v8Z/EsRYJsza-lartVya/ZZkNXzkdhSDiQR19/3O4OrihGVSo","https://imgproxy.fourthwall.com/aEI4kLDB_ZxOJoH6GCzsV6PBu0uHzwHCNMi3qKaLmY4/w:720/sm:1/enc/LutSKBoSyu5EwZ-W/wTCLYCy_8gmrmTQ4/DDfuqJwAmfcqRWIm/TpEqn8ez9zqevW1W/Nq2UWPVjy0NQBR2N/1IrFYUY8Y4e_Hjjc/1R0v5qyCmlefqiNn/nN8OG9vAstzOXxQr/VmcP-2RKgyO8fm_k/mmDctUg1OnD66TOK/9fvZ0LQLmctWCJll/mi7PpSNkEoAKCeyT/UrQCav0TPy9YkXVf/Pscr9oaDxdnRnqaU/m2vtq_BJ41I"
"1771750842-370","https://eleveprints.com/en-usd/collections/all","","GENERATION Stainless Steel Tumbler","$26.00","","https://imgproxy.fourthwall.com/XK-iWeRFHSBTlPaAxWUlpUU4WIcfXnrxwEGJXKL_aKA/w:720/sm:1/enc/A3Ado28eP5a_-VmJ/dgWLhHtPAKnPz90k/cmpehmIlOWtzPYMb/PPBvnUz6M1Ef2J8m/9DyCpJqpgeTtI9to/vmij74-cT_4oXzqz/tuBjNqXAL9hestRa/jxfZ8cl-rKAPrdrE/4iLjR_yTgqM4-J9n/7H41O9QZox2fTHOZ/UhmfSI9KTJgniorO/lXsPm8gFFnicKI5I/LDy2EPPqX4lOJEr-/dr93CkIDqeWudMAV/6zoomPuMWlk","https://imgproxy.fourthwall.com/BpUq6gFSVGo-C6Knmbav3X7VsutT9F4zUVYVvP8oDxM/w:720/sm:1/enc/8lk2WLz0G2VqxYss/J1GCkI9WwPJ79WUL/GkPKaAcmY8S852aH/sUTN9Q5Ps8j7a4Vf/go_MoB_LLvAvJMFf/uMa_7B0a-v9YD8xy/-tQJTAcweqODkkan/aFP6RvpUmMeeBJkl/sFLY3GZdFZ0dVKN_/mTp_r2SE7B-4ziL7/5YskCh3MY4bnhjmq/k9kTKj-NoBY1oTBS/b8cA_pYSHPalb_8i/gGaxO7VP4OPr8bh2/BlNMyK1Eo8s"
"1771750842-371","https://eleveprints.com/en-usd/collections/all","","Elevé Prints Wine Tumbler","$27.00","","https://imgproxy.fourthwall.com/2Yy0TISYayyIKF4oQDZMHwOA6eHVoqrM9fOyaa4Qnyg/w:720/sm:1/enc/a14YqpWnTV3ei7UL/ZLP2dXXQcNtUoS-Q/07DakBE210g1aEPB/hn8BCeaHfSQ18Toy/QRtv3MFMA3Rb1msw/p3VvXaZ5l0mLFhvY/-mTh_p2Duws8YpAM/UeGpZHCIeAgNLVae/J1yzmhnqLQxh7V4x/F9g5uQf-FhdYbxgM/y6GdjQWJ-HZ_OvD3/pIzvXZElNYvy1yP_/L5IFX7rFdJXFbj-P/IMSRmnLAQlEZ62ds/htXC2QI8U9Y","https://imgproxy.fourthwall.com/gxSpkQjcW4EYyCpkVu6RXcys35_Neut0WuINhHCbSW4/w:720/sm:1/enc/VVhWmuCs5PiiudET/NaI_KCSe-5nCCoqq/CAVw4H4YnXx3eCdG/HqLaxyENCSfVUm29/R8_CwO7om99HQBVT/a_4d-sHpZZ_tGY4O/pYr4jkaA5yddR1XS/MXXsl5nfIBj5o341/HLs1lTX8_PeN5D6x/J8WmZuL2IAN9e1Pk/okO75UzgT87ua11H/tyys5SSfmyaNfOiz/ncbpdj2jH09JDZ0k/qZf86geqBoVSoIC5/HjfEvbCrbIg"
"1771750842-372","https://eleveprints.com/en-usd/collections/all","","Generation Stainless: Modern Steel Water Bottle","$30.00","","https://imgproxy.fourthwall.com/-6naSw8MyAGo1rbNrPoMpcMleO3gzcFJzrcUwJtXZL0/w:720/sm:1/enc/TlV9fpF7cNwTcavc/DD1A0TWicXOC1wNh/jZtCN0JDabFgJ2gW/uZCkQVvmloOvy6Ri/d8cbakiB9SLUvY0W/0UNjzScu4v0CXlRY/CpF6z5nCjSn7EQDi/voewO3cISZT_Hxwt/7uqXkVq1Zy8NQCEt/xQ_TxxEYNx8smpES/Of3yblGHzDOqUCW8/o7FgNdppF62c4Hsj/eiphWxJNvOeTtCmY/njHOAiNGVwkQc23O/D_MrpWXhphk","https://imgproxy.fourthwall.com/V0qmJgeg2MkVTo214gIGeOIx2VSQWPlWFjGdJCvH_IQ/w:720/sm:1/enc/tqN2etwwZ1cZfPjz/v7LkNuWarx-jVYcb/jfa-VfAA5ZEYQB1c/Jvd101CTyfHqaSFk/Iyz0Faacy-MPsSBU/dallXAzFhnDMPhRe/5mXQNGXsWe_QYTm0/7d3wisu4MyXBfdcA/t1pWo__Y3_3Hrhik/_fmrDdexW32MiSKh/GqqTuHOWK40OsZaU/MfX2ESvBJ4zZK7ch/509rq6i6u4oP5dHt/c4fSk47A6xsThGbn/dU228E-Hhy0"
"1771750842-373","https://eleveprints.com/en-usd/collections/all","","Shady Bear Foam Trucker Hat","$22.00","","https://imgproxy.fourthwall.com/zR9OvR5_ZRg4AmNZh2BXZ5wiwtCkD0HyR-KeCYQp_7E/w:720/sm:1/enc/KJRP6JkYk51q6Oq0/TLhXq83qxsjT5tv3/eY7ryA5R8BC81fTS/M_h5gIQpq0OVmRpt/3o9tU8XFVWne7Lq-/mEgAyWwubZPR9S5n/EVyBcHAjV9QogT1Y/MhPLXKpgPrVtr9oQ/QlCPyLG7m-bPU4fi/I9C9hW7DTgsEelS1/7JYxaARhGZ_8O4iE/4tQEJphOiYPfuyen/gOCpi0Z_UT6YfYMC/h8rHlUZV9cLsofnA/_5lyd2wHUVA","https://imgproxy.fourthwall.com/fjWrv5sTI0Z7tBj8d6DqrjUxwy-iyoE87iANacXvrtc/w:720/sm:1/enc/79OxpXwtCSsXqI8n/6DPsmOfonOo7SAbi/pY1hNMgtg6eMof9x/LQ6SmathEOVWb346/3HkPx6WSboL0NEXk/tPN2QYFI8gjMbtth/XbqLDMjS5nl7Uglq/-o3m4f3QIDVrZ2hQ/L8Fyx4BjRnSvq1pQ/Srg00rlXkVBhYSYP/UhbbcGN5q6a5q8Oq/_NSG0gTEF6IUmty4/Ur8r8Q70doJDfzbW/nitlZitTJC2Jo9xA/4Lyv9bAvNv0"
"1771750842-374","https://eleveprints.com/en-usd/collections/all","","The Legend Snapback Trucker Hat","$29.00","+4","https://imgproxy.fourthwall.com/60LFRshkf0xsdqKqIYIE01oJcqLJRTwSDl0hmihNjAU/w:720/sm:1/enc/J-x8YhWEiIzgnnqp/MfZRXwtzAlVo1Blc/vt15-A-ChZVeecr2/0zxBTQ1rbXIP5mDJ/MtIZ8pUquMQQV7Er/fDK1mVoeJADrZNqc/UyrzFNKqCXavr0Vk/Q2ajb_fy7I3l2zZ-/g73Ve2g6lDTzR7Ug/JPNoCNfBBEJTJsuh/ApU9zM0Zwoub5_eG/cn6SRoVsX2FHkini/2BDrJaOvusncTLXO/wJLQAcAwu1ONJxqo/72JCRlqa_MY","https://imgproxy.fourthwall.com/CUitD3OO8iu4QIBnUvtF4Xo5J_1V_pdof6IbXJS30Yk/w:720/sm:1/enc/VjFffrBNGzi8RMmo/VpL8KZUjBXcWhnFZ/opFlomYXeIv0xxaz/F0D-bywPRN8R4EJE/6rmliAPejUFiWvE-/DQsEK61iMdvPUweF/ZYI-ceR5LUCx1FL7/Hak-aAW_SA08TGfU/MGL38Mt4sie0CRCM/aLSSIMGorw0yyBk2/cTf4yagfiBr8dMB6/2YBxruxLkoX-ghlE/sunCwEkx4AyEH9gf/EueRRKF-jy_CW5j8/xA8JPNnVJzs"
"1771750842-375","https://eleveprints.com/en-usd/collections/all","","Legendary Mouse Pad - The Legend Collection","$14.00","","https://imgproxy.fourthwall.com/7vmDeb_KKcRC7p5HGDgcXQGa5nITqCdcOdc-M7_k4HA/w:720/sm:1/enc/hOnxUz7MokJYC4NU/26VOXh9KUjezJU8Z/Qo79YB2tJ5FWdLnl/kepvD-cH8F1yJ8Y7/ZV88ThAmrwPZHAiq/Wx6WpvtKExyj-2Yy/TIENTvK0wXaIDjIA/0jVJ-MV7MDYD3306/awuoHQUQixB2Y4j6/bNiQyHIUsZ-PXlk9/tkPkvrmKXmBvpLTv/wAmgaMh4W3HTBeXB/jdfspLnYun0Z2rqe/G39vHF8PFkLEB9UN/0wE10Zk9B2U","https://imgproxy.fourthwall.com/qWzS3kTW_PbBJgRWPgQvlt6hIqwqMkCtsutTrZAOeUE/w:720/sm:1/enc/OUNldh7H4kGCGrW5/E2Vz6QvzIzCZj1ZE/_VvCcTBXs87gxwG5/8Xi3t5I8zfNq0FAE/XLecMUmVrfc6z6B6/MiKZ80lRcMCdxa8i/B183X0KAYGguSIRU/_1-2uEdy6Eukv_f2/c_DkwFcWScSms0eF/YxfMyLnB75Mb1vi5/QIvZYbBCivYkN-vF/XIjG-QzQTJmzCgvI/4ORJn6iE-mcZSUox/BSIyfDNA0r2BG8WI/0U6y_3N-T1w"
"1771750842-376","https://eleveprints.com/en-usd/collections/all","","LEGENDARY COMFORT HOODIE – Be the Icon","$35.00","+4","https://imgproxy.fourthwall.com/pjOx5dEbV4SNs0UodXGGQ83kqvO3x7DTUpGwY8ius3c/w:720/sm:1/enc/1Hyx5ljzmy9OvI0U/m48ufmM-KRi5zk0X/L9Jw50taYhbu-7lw/L9ngdIrKloiFpWfP/U4X6lSp0yThJX2GM/HsrOrVfbWujl94M8/3lKuDNeyvx00sv2Z/dqhYsckLf5MvcWeg/8ae5SgopfBBkBeUA/kyuhXwatZDr_mO4e/1-KZ5hmNL7eOjFcA/IIMOJI3oxcydECUi/Hm6aNzXvSShdJ7Cu/5Ix8_3dS5IoQTNoJ/Kku1x8v0axo","https://imgproxy.fourthwall.com/PSCVZu_kl02w0V3-KRcBxQlTv2fSWm4EHT73z291Nqg/w:720/sm:1/enc/GdJp7ULXdqZzKxg6/gKwMqWNyEzU5dXhb/JjSmuPkaQ6bRfQQ_/eZQvnq37rzem7GCF/37FC5t-MitsWbpZo/Ebgn5m5a1NM3e03V/UfNmmbB3ZZXAI0VB/I-2yEW2hjo-xBbDx/pw_GjPQkkEsfYksF/dsgUkapQ2Zy9Srfa/7ZBlYQoYSG7gFPLc/tHJdYNEqw8AOY-9d/16emgZ_yX798RcY2/JeIUc2GOK0aV6LzT/i60xDLH99J8"
"1771750842-377","https://eleveprints.com/en-usd/collections/all","","The LEGEND Vintage Dad Hat – Timeless Style, Legendary Vibes","$27.00","","https://imgproxy.fourthwall.com/XRRwH9V5R3X-8IBJOKyi4lDGBIECFI7RSyVJDmeltZk/w:720/sm:1/enc/kjW3i2aRdbCVVtsf/XTlJ6lCISB8tuH2A/7tZLLNo4QovzWbM8/Lni8m4-nhiDzG43J/R_LNprgBKd96wdP5/0Iyy5Ip3IYmfpJ2s/k8KjQ63K9_k9n72l/Q0qkYF74NXOEWfqV/EyOh89_KCQ23c47q/Io6WBIIhMgaXZE-S/9QDIQEreB6MI9hZH/W1d6ViP3B_14CR8w/9s1dPJNxWkT2v6pb/IpAdG2u353vxF6FD/JfA0mZhD7VE","https://imgproxy.fourthwall.com/qbpXEKT8F-yD6J2pPO-r3DxoUdouRk14SRxz0J37qRw/w:720/sm:1/enc/tw8X7s-kwIoTyMwr/eooWZnqw5N4CN9xY/ZUuW_Jxcb1O5e3XA/ymKdlNiQkBO5FE3k/FH2Unl8STY0IN6Fw/YLgMSddpNkKTgkyi/HoMxvndd67UqTSgs/mZJO-D_AnIvOoRXq/eg4SNylN6d1GjEXq/f2dSTLxvjGqjqL3Z/Zc1b8r-AJhj7Aorj/DOvvdwx3mnE2uIJ6/EU0CZ1oKdGHlb0Tv/gzcxew4y1fDl90r_/FcgydI3xAnU"
"1771750842-378","https://eleveprints.com/en-usd/collections/all","","The LEGEND Beanie – Stay Warm, Stay Legendary","$25.00","+5","https://imgproxy.fourthwall.com/gaa9hlotzp45SAQa03WGQsGHuSTYkaSVFrkInFqDOsg/w:720/sm:1/enc/57QT3sO0e-cMEfit/96G11qBxNK1WfcZk/mjbNwkfem5xW9AGc/2_9OEnCh8qo16wsl/NIz_R5ktuWH3mCz5/FYYMOLFtGCpIT3Lz/AJGOP9Re6G7JHoQb/QY7fuWm0Yl1PA5Qa/sSn-iltagrWFAgtI/CUbGYn2YQqvuK0zq/ygfBOsODdsKUVR_r/ksFPgD6xtSsUJ_B6/eCKtlGK7AskitJrY/2iNXYrqGNaz9hrpw/60Y3oq7AvWs","https://imgproxy.fourthwall.com/IKjcwWRAe55DPN17R2Cq734Zz1CwRrXNTyBHaLw5ijI/w:720/sm:1/enc/RoFzRNCziuYAsph7/jM3ZTUxI-7gSspJ8/ShLz0yhwdSlyWBYt/mWemLwpuJa1kBZfc/VoDnEqB5NgJHZPyT/5S88WvbI3PahV034/BMAfoIv62jGCsk8S/NyFB8uOy9EcE1HZD/O1GSjKQabncCzLX9/cZE_i3df-HvS4Cbo/lhnMoQq3_qtPuSwk/z4GuOHld700dYhrk/gMO_hu_U1Dtoffnf/AlsQmMJB8ULxgcJJ/lZ0V7VwUxTY"
"1771750842-379","https://eleveprints.com/en-usd/collections/all","","The Legend Tee","$25.00","+10","https://imgproxy.fourthwall.com/JlnrvB28Q-46Jhd0H5UsPE_9XETmSC54XegbWXv-c94/w:720/sm:1/enc/uLBI8XJuecXmsxO4/os8CHXcM8dA9ZIZd/i1clytNJFQtq0Ddx/IBZTq2-R6giK8xSb/k0Ie8QIQruRrM9uz/cy6M9kvj48QBtflt/5bVc4sgZqsknWC7A/gu8deELZUJp-G7hK/g_PKo-vYn0HqzXXL/d74A_ftJvi1Cfz2d/rgO7Cb6GfV4c3kBI/GfR-BccvfOngA7ND/_Xwp4aA_sXDXr45m/1kwmIbyxdKlvitoO/AeabFP2lnnA","https://imgproxy.fourthwall.com/bvqBPNeHCj4_q4IbNr5F5DMHK6zkF2yjc4k6eDhel9g/w:720/sm:1/enc/evIBqIHXZCCdP72J/siUP4PH6HCcl4lH-/ouAfnrmM2GN_off2/gTCWs2lbSMYJTqbE/i4cRp7RSbalNDva5/L_8tkaz3JfJu_kKe/hUTfVF0ICW_Ge9NE/Jg58lakWa7NSZB0c/N2HyOIi-rWvFICuS/MJUMrUhJ9U5xtPAI/-D81mEce9yWRIc8V/Zo53t9WFUgS3mcmj/qEOc93XxBsfNLDxJ/jFpsXvfIaZWVOqZo/KUf6TIgMOxk"
"1771750842-380","https://eleveprints.com/en-usd/collections/all","","The Legend Tee Sweatshirt","$34.00","+7","https://imgproxy.fourthwall.com/Q0efw7rHO6FYY-OSXL4Ybft-JAScp-KuIw84AJaDBXQ/w:720/sm:1/enc/X3Ia8HupuOb7tKfv/isSnNZL9Wrzj55_y/xxbkK6csjybqwyUR/dyGu4fS2vh8PJw-k/gXYYJsILXnsIDgJq/2OBbbXmkeLNUZNBZ/eUKiurFSYKBhx78l/YfGMfKoYvnTOQlX1/IAtWgIV2jg52xGJW/YLUkCdka11ly8tVk/i-PvJCjnhNL0SaZq/2jRC0eMgYhf6tZYN/xk0F7i7xgrUNbxqK/rmwtRPivMLJ2xlv5/VoCnVA925tQ","https://imgproxy.fourthwall.com/y7WWePlsCoKJt2W_madKZu7j3xNlzzOdWn8-cpg16sc/w:720/sm:1/enc/1gAd3_ddFogl6FBb/eQUksaroQa5mt_oV/aHtLEGGNFiM3WVwO/JKHT2bQ3A53f0L_z/REUo1s-z8-RF2g9L/G3EPTh-rtGNueSfQ/VBqd8Pue-KNk4UAW/FCbnBIQ44HU7lTlz/FTwzDrRMHE3kl1F1/wADshaLoMAG03O35/IQkY8bZXTbn0Q1sc/qSHAVyVUHGxSf-ki/feTVZpG-XOiKQnBQ/PhMENf2GtgzrC1wK/mDA2ajBBryk"
"1771750842-381","https://eleveprints.com/en-usd/collections/all","","The Legend Tee","$26.00","+3","https://imgproxy.fourthwall.com/Quhqg_CxHOJakUH044xhkMrfuwqIhlUedWZ-ATplIfg/w:720/sm:1/enc/NdlzC8pGIuoroca7/wx5RpPdT222TCnWB/66hNWI7eob2Ug0OS/vC7ElzLt7Yrs8HL2/3m-C_XA2CYwU3NHP/2ljiXWOWN6RHvLZ1/fDyy1X-wpHuUuVvC/2pxivvAKC3eWd_T_/RKG3auOt2vcutLPK/1c_iW_oCf3mvAOQ3/vwZnR1zIvfzubfGW/lgxk6BxKWWKKq4Do/BXjKxvJ2dn-H3AA9/88WUAGugu3BdSFBC/Zhd-FkV9vDU","https://imgproxy.fourthwall.com/BCuQg0v__hI0Kps2G2Al9kkjb6GccMJwH7TXPAGHbl8/w:720/sm:1/enc/hMJw_bka4VRuq8nR/hkiHEtHw3tDbksce/q8c4bJ9OmlgsSXxD/jLdjbDRfFBqqrmCr/upS1c6M8AY9J9HNY/SLShyLZE79wSmhQT/uN9UUaiyMPBoZqKz/96GmvdgFYQPeKiSy/443bqKwAoJZ_TWcx/Yqfuf_OnlEcS_8aY/0IVozfV-q-NCR4Uu/QsyuJEKh31yJuIVv/uyleRCghyUsY71bX/y9bTY2DgvfchD2Oi/TkNoYq78xpE"
"1771750842-382","https://eleveprints.com/en-usd/collections/all","","The Legend Tee Cap","$23.00","","https://imgproxy.fourthwall.com/A5VPemfrvnVktSFmdde4j2ZpZ7stELaU2URyhjz8X2U/w:720/sm:1/enc/nH5FuEJp-XRVqrxu/ebzTmh2j1scuJ3yC/wv7FcSh0I9k37Y74/qIz94N-qCxF-x-h_/zkNHH1pQHUKBfjX4/2P6OqcQKfwF6j26x/p5bI9YyX42n0kURL/HUtoq_lX105BRvaT/DGAkCunYcGw_Dlyg/Ospi5zlajmG4K7SN/VrLPm1fo14yij7BO/YJSShZ9PDoSwH96g/AuvQteCu8DV9kLNT/RR2j2NE5a1oVNCrN/pOdCRutmzJM","https://imgproxy.fourthwall.com/DUpgzAR7plSB7T-mfLtTbG6iwtm2W9Gxcpyi-TbRgJs/w:720/sm:1/enc/nYmp6mygam8v_Tcz/TsELqVtMLvI8myPS/FDne16NGRSzOJMt7/OCUmLLe93Yc2Cqrs/mjbezXAnGz0lUr67/Lcp6gOqPa3FMqs94/L--9mCk3DLy8TUVf/yfXDCqegh5ZLDK9i/a7MTNP6hcqxW--N5/nVb-QnGPwPYKEqhq/P5v6WZrq686effBF/-79J7AAbm-0PT4AS/POoUMWkzSgPLcduL/MF_2HSgEPeyu24Wf/UvAIpdzj7Ok"
